customer_id,age,gender,item_purchased,category,purchase_amount,location,size,color,season,review_rating,subscription_status,shipping_type,discount_applied,previous_purchases,payment_method,frequency_of_purchases,age_group,purchase_frequency_days,previous_purchases_band,discount_flag,is_subscriber,shipping_speed,payment_group,frequency_band_days,value_score,value_segment
1,55,Male,Blouse,Clothing,53,Kentucky,L,Gray,Winter,3.1,Yes,Express,Yes,14,Venmo,Fortnightly,Middle-aged,14,Emerging,True,True,Express,Digital Wallet,Frequent,0.2860714285714286,Low
2,19,Male,Sweater,Clothing,64,Maine,L,Maroon,Winter,3.1,Yes,Express,Yes,2,Cash,Fortnightly,Young Adult,14,New/Low,True,True,Express,Cash,Frequent,0.2584285714285715,Low
3,50,Male,Jeans,Clothing,73,Massachusetts,S,Maroon,Spring,3.1,Yes,Free Shipping,Yes,23,Credit Card,Weekly,Middle-aged,7,Emerging,True,True,Standard,Card,Very Frequent,0.43392857142857144,Mid
4,21,Male,Sandals,Footwear,90,Rhode Island,M,Maroon,Spring,3.5,Yes,Next Day Air,Yes,49,PayPal,Weekly,Young Adult,7,Heavy,True,True,Express,Digital Wallet,Very Frequent,0.7135714285714285,VIP
5,45,Male,Blouse,Clothing,49,Oregon,M,Turquoise,Spring,2.7,Yes,Free Shipping,Yes,31,PayPal,Annually,Middle-aged,365,Established,True,True,Standard,Digital Wallet,Rare,0.34135714285714286,Low
6,46,Male,Sneakers,Footwear,20,Wyoming,M,White,Summer,2.9,Yes,Standard,Yes,14,Venmo,Weekly,Middle-aged,7,Emerging,True,True,Standard,Digital Wallet,Very Frequent,0.11957142857142856,Low
7,63,Male,Shirt,Clothing,85,Montana,M,Gray,Fall,3.2,Yes,Free Shipping,Yes,49,Cash,Quarterly,Senior,90,Heavy,True,True,Standard,Cash,Occasional,0.6640714285714286,VIP
8,27,Male,Shorts,Clothing,34,Louisiana,L,Charcoal,Winter,3.2,Yes,Free Shipping,Yes,19,Credit Card,Weekly,Young Adult,7,Emerging,True,True,Standard,Card,Very Frequent,0.24171428571428571,Low
9,26,Male,Coat,Outerwear,97,West Virginia,L,Silver,Summer,2.6,Yes,Express,Yes,8,Venmo,Annually,Young Adult,365,New/Low,True,True,Express,Digital Wallet,Rare,0.4005,Mid
10,57,Male,Handbag,Accessories,31,Missouri,M,Pink,Spring,4.8,Yes,2-Day Shipping,Yes,4,Cash,Quarterly,Middle-aged,90,New/Low,True,True,Standard,Cash,Occasional,0.27578571428571425,Low
11,53,Male,Shoes,Footwear,34,Arkansas,L,Purple,Fall,4.1,Yes,Store Pickup,Yes,26,Bank Transfer,Bi-Weekly,Middle-aged,14,Established,True,True,Other,Other,Frequent,0.36771428571428566,Mid
12,30,Male,Shorts,Clothing,68,Hawaii,S,Olive,Winter,4.9,Yes,Store Pickup,Yes,10,Bank Transfer,Fortnightly,Young Adult,14,New/Low,True,True,Other,Other,Frequent,0.4898571428571428,High
13,61,Male,Coat,Outerwear,72,Delaware,M,Gold,Winter,4.5,Yes,Express,Yes,37,Venmo,Fortnightly,Senior,14,Established,True,True,Express,Digital Wallet,Frequent,0.6454285714285714,VIP
14,65,Male,Dress,Clothing,51,New Hampshire,M,Violet,Spring,4.7,Yes,Express,Yes,31,PayPal,Weekly,Senior,7,Established,True,True,Express,Digital Wallet,Very Frequent,0.530357142857143,High
15,64,Male,Coat,Outerwear,53,New York,L,Teal,Winter,4.7,Yes,Free Shipping,Yes,34,Debit Card,Weekly,Senior,7,Established,True,True,Standard,Card,Very Frequent,0.5586428571428572,High
16,64,Male,Skirt,Clothing,81,Rhode Island,M,Teal,Winter,2.8,Yes,Store Pickup,Yes,8,PayPal,Monthly,Senior,30,New/Low,True,True,Other,Digital Wallet,Frequent,0.3465,Low
17,25,Male,Sunglasses,Accessories,36,Alabama,S,Gray,Spring,4.1,Yes,Next Day Air,Yes,44,Debit Card,Bi-Weekly,Young Adult,14,Heavy,True,True,Express,Card,Frequent,0.49242857142857144,High
18,53,Male,Dress,Clothing,38,Mississippi,XL,Lavender,Winter,4.7,Yes,2-Day Shipping,Yes,36,Venmo,Quarterly,Middle-aged,90,Established,True,True,Standard,Digital Wallet,Occasional,0.5040000000000001,High
19,52,Male,Sweater,Clothing,48,Montana,S,Black,Summer,4.6,Yes,Free Shipping,Yes,17,Cash,Weekly,Middle-aged,7,Emerging,True,True,Standard,Cash,Very Frequent,0.41785714285714276,Mid
20,66,Male,Pants,Clothing,90,Rhode Island,M,Green,Summer,3.3,Yes,Standard,Yes,46,Debit Card,Bi-Weekly,Senior,14,Heavy,True,True,Standard,Card,Frequent,0.6762857142857143,VIP
21,21,Male,Pants,Clothing,51,Louisiana,M,Black,Winter,2.8,Yes,Express,Yes,50,Cash,Every 3 Months,Young Adult,90,Heavy,True,True,Express,Cash,Occasional,0.48150000000000004,High
22,31,Male,Pants,Clothing,62,North Carolina,M,Charcoal,Winter,4.1,Yes,Store Pickup,Yes,22,Debit Card,Quarterly,Young Adult,90,Emerging,True,True,Other,Card,Occasional,0.468,Mid
23,56,Male,Pants,Clothing,37,California,M,Peach,Summer,3.2,Yes,Store Pickup,Yes,32,Debit Card,Annually,Middle-aged,365,Established,True,True,Other,Card,Rare,0.3387857142857143,Low
24,31,Male,Pants,Clothing,88,Oklahoma,XL,White,Winter,4.4,Yes,Express,Yes,40,Credit Card,Weekly,Young Adult,7,Established,True,True,Express,Card,Very Frequent,0.7277142857142858,VIP
25,18,Male,Jacket,Outerwear,22,Florida,M,Green,Fall,2.9,Yes,Store Pickup,Yes,16,Debit Card,Weekly,Young Adult,7,Emerging,True,True,Other,Card,Very Frequent,0.14142857142857143,Low
26,18,Male,Hoodie,Clothing,25,Texas,M,Silver,Summer,3.6,Yes,Express,Yes,14,PayPal,Annually,Young Adult,365,Emerging,True,True,Express,Digital Wallet,Rare,0.2050714285714286,Low
27,38,Male,Jewelry,Accessories,20,Nevada,M,Red,Spring,3.6,Yes,Next Day Air,Yes,13,Credit Card,Annually,Adult,365,Emerging,True,True,Express,Card,Rare,0.17614285714285716,Low
28,56,Male,Shorts,Clothing,56,Kentucky,L,Cyan,Summer,5.0,Yes,Next Day Air,Yes,7,Bank Transfer,Every 3 Months,Middle-aged,90,New/Low,True,True,Express,Other,Occasional,0.4255714285714286,Mid
29,54,Male,Handbag,Accessories,94,North Carolina,M,Gray,Fall,4.4,Yes,Free Shipping,Yes,41,PayPal,Every 3 Months,Middle-aged,90,Heavy,True,True,Standard,Digital Wallet,Occasional,0.7611428571428572,VIP
30,31,Male,Dress,Clothing,48,Wyoming,S,Black,Fall,4.1,Yes,Store Pickup,Yes,14,Credit Card,Weekly,Young Adult,7,Emerging,True,True,Other,Card,Very Frequent,0.35357142857142854,Low
31,57,Male,Jewelry,Accessories,31,North Carolina,L,Black,Winter,4.7,Yes,Standard,Yes,16,Credit Card,Monthly,Middle-aged,30,Emerging,True,True,Standard,Card,Frequent,0.3439285714285715,Low
32,33,Male,Dress,Clothing,79,West Virginia,L,Brown,Winter,4.7,Yes,Store Pickup,Yes,45,Venmo,Monthly,Adult,30,Heavy,True,True,Other,Digital Wallet,Frequent,0.7463571428571429,VIP
33,36,Male,Jacket,Outerwear,67,Kansas,M,Silver,Summer,4.9,Yes,Free Shipping,Yes,37,Venmo,Annually,Adult,365,Established,True,True,Standard,Digital Wallet,Rare,0.6589285714285715,VIP
34,54,Male,Pants,Clothing,38,Colorado,L,Green,Summer,3.3,Yes,Store Pickup,Yes,45,Cash,Quarterly,Middle-aged,90,Heavy,True,True,Other,Cash,Occasional,0.4358571428571429,Mid
35,36,Male,T-shirt,Clothing,91,North Dakota,L,Violet,Spring,4.6,Yes,2-Day Shipping,Yes,38,PayPal,Quarterly,Adult,90,Established,True,True,Standard,Digital Wallet,Occasional,0.7463571428571428,VIP
36,54,Male,Blouse,Clothing,33,Massachusetts,M,Cyan,Summer,4.0,Yes,2-Day Shipping,Yes,48,Credit Card,Bi-Weekly,Middle-aged,14,Heavy,True,True,Standard,Card,Frequent,0.49564285714285716,High
37,35,Male,T-shirt,Clothing,69,Illinois,M,Maroon,Winter,4.6,Yes,Free Shipping,Yes,44,PayPal,Fortnightly,Adult,14,Heavy,True,True,Standard,Digital Wallet,Frequent,0.6859285714285714,VIP
38,35,Male,Jeans,Clothing,45,Indiana,S,Cyan,Summer,2.8,Yes,Store Pickup,Yes,10,PayPal,Weekly,Adult,7,New/Low,True,True,Other,Digital Wallet,Very Frequent,0.19735714285714284,Low
39,29,Male,Dress,Clothing,37,Florida,M,Red,Winter,3.7,Yes,2-Day Shipping,Yes,44,Venmo,Every 3 Months,Young Adult,90,Heavy,True,True,Standard,Digital Wallet,Occasional,0.4609285714285714,Mid
40,70,Male,Pants,Clothing,60,Arizona,S,Turquoise,Summer,4.2,Yes,Express,Yes,18,Credit Card,Monthly,Senior,30,Emerging,True,True,Express,Card,Frequent,0.4422857142857143,Mid
41,69,Male,Handbag,Accessories,76,Louisiana,L,Beige,Winter,4.6,Yes,Next Day Air,Yes,31,Debit Card,Quarterly,Senior,90,Established,True,True,Express,Card,Occasional,0.6338571428571428,VIP
42,67,Male,Scarf,Accessories,39,Alaska,M,Orange,Spring,4.5,Yes,Standard,Yes,40,Venmo,Annually,Senior,365,Established,True,True,Standard,Digital Wallet,Rare,0.5162142857142857,High
43,20,Male,Coat,Outerwear,100,Tennessee,M,Beige,Spring,4.1,Yes,Free Shipping,Yes,15,PayPal,Annually,Young Adult,365,Emerging,True,True,Standard,Digital Wallet,Rare,0.594,VIP
44,25,Male,Scarf,Accessories,69,Ohio,L,Lavender,Fall,3.7,Yes,Store Pickup,Yes,19,PayPal,Fortnightly,Young Adult,14,Emerging,True,True,Other,Digital Wallet,Frequent,0.44421428571428573,Mid
45,39,Male,Hat,Accessories,53,Kentucky,S,Silver,Summer,4.6,Yes,Free Shipping,Yes,45,PayPal,Weekly,Adult,7,Heavy,True,True,Standard,Digital Wallet,Very Frequent,0.6203571428571428,VIP
46,50,Male,Socks,Clothing,21,Tennessee,XL,Indigo,Fall,2.9,Yes,2-Day Shipping,Yes,25,PayPal,Annually,Middle-aged,365,Emerging,True,True,Standard,Digital Wallet,Rare,0.19478571428571428,Low
47,57,Male,Shirt,Clothing,43,California,L,White,Summer,2.9,Yes,Store Pickup,Yes,45,Cash,Quarterly,Middle-aged,90,Heavy,True,True,Other,Cash,Occasional,0.4223571428571428,Mid
48,55,Male,Jewelry,Accessories,54,Montana,M,Charcoal,Winter,4.5,Yes,Free Shipping,Yes,36,Cash,Weekly,Middle-aged,7,Established,True,True,Standard,Cash,Very Frequent,0.5580000000000002,High
49,42,Male,Shirt,Clothing,55,Nevada,M,Orange,Summer,2.7,Yes,Store Pickup,Yes,38,Cash,Monthly,Adult,30,Established,True,True,Other,Cash,Frequent,0.41335714285714287,Mid
50,68,Male,Hoodie,Clothing,30,New Jersey,S,Indigo,Spring,4.6,Yes,Next Day Air,Yes,34,Debit Card,Bi-Weekly,Senior,14,Established,True,True,Express,Card,Frequent,0.4461428571428571,Mid
51,49,Male,Blouse,Clothing,28,Maryland,M,Red,Spring,3.7,Yes,Store Pickup,Yes,39,Debit Card,Bi-Weekly,Middle-aged,14,Established,True,True,Other,Card,Frequent,0.38828571428571423,Mid
52,59,Male,Skirt,Clothing,59,Vermont,XL,Gray,Winter,4.7,Yes,2-Day Shipping,Yes,7,Credit Card,Quarterly,Senior,90,New/Low,True,True,Standard,Card,Occasional,0.4120714285714286,Mid
53,42,Male,T-shirt,Clothing,20,Alaska,M,Green,Summer,2.6,Yes,Free Shipping,Yes,26,Credit Card,Weekly,Adult,7,Established,True,True,Standard,Card,Very Frequent,0.16971428571428573,Low
54,29,Male,Skirt,Clothing,24,Mississippi,S,Peach,Winter,3.9,Yes,Next Day Air,Yes,35,Credit Card,Weekly,Young Adult,7,Established,True,True,Express,Card,Very Frequent,0.36257142857142854,Mid
55,47,Male,Coat,Outerwear,94,New Mexico,M,Brown,Summer,4.2,Yes,Next Day Air,Yes,35,Debit Card,Bi-Weekly,Middle-aged,14,Established,True,True,Express,Card,Frequent,0.7045714285714286,VIP
56,40,Male,Jacket,Outerwear,28,South Carolina,M,Lavender,Winter,3.0,Yes,2-Day Shipping,Yes,49,Credit Card,Annually,Adult,365,Heavy,True,True,Standard,Card,Rare,0.3895714285714285,Mid
57,41,Male,Backpack,Accessories,73,Mississippi,XL,Brown,Summer,4.7,Yes,Store Pickup,Yes,46,Credit Card,Weekly,Adult,7,Heavy,True,True,Other,Card,Very Frequent,0.7257857142857144,VIP
58,21,Male,Coat,Outerwear,64,West Virginia,M,White,Summer,4.4,Yes,Store Pickup,Yes,17,Debit Card,Fortnightly,Young Adult,14,Emerging,True,True,Other,Card,Frequent,0.4718571428571429,High
59,69,Male,Hoodie,Clothing,54,Missouri,M,Charcoal,Summer,4.2,Yes,Free Shipping,Yes,29,Venmo,Monthly,Senior,30,Established,True,True,Standard,Digital Wallet,Frequent,0.48600000000000004,High
60,63,Male,Belt,Accessories,79,Louisiana,L,Yellow,Spring,4.6,Yes,Standard,Yes,4,Debit Card,Weekly,Senior,7,New/Low,True,True,Standard,Card,Very Frequent,0.4737857142857143,High
61,50,Male,Sweater,Clothing,37,Idaho,L,Brown,Summer,4.0,Yes,Express,Yes,17,Cash,Weekly,Middle-aged,7,Emerging,True,True,Express,Cash,Very Frequent,0.3143571428571429,Low
62,55,Male,Scarf,Accessories,68,Texas,M,Orange,Winter,4.7,Yes,Store Pickup,Yes,21,Credit Card,Every 3 Months,Middle-aged,90,Emerging,True,True,Other,Card,Occasional,0.5425714285714286,High
63,30,Male,Sneakers,Footwear,21,Mississippi,S,Magenta,Spring,3.8,Yes,Free Shipping,Yes,31,Credit Card,Fortnightly,Young Adult,14,Established,True,True,Standard,Card,Frequent,0.31435714285714284,Low
64,33,Male,Sunglasses,Accessories,79,Arizona,L,Lavender,Winter,2.7,Yes,2-Day Shipping,Yes,43,Credit Card,Weekly,Adult,7,Heavy,True,True,Standard,Card,Very Frequent,0.5535,High
65,65,Male,Boots,Footwear,83,Alabama,S,Green,Fall,4.8,Yes,Standard,Yes,18,Debit Card,Fortnightly,Senior,14,Emerging,True,True,Standard,Card,Frequent,0.5997857142857143,VIP
66,65,Male,Backpack,Accessories,36,New Jersey,M,Purple,Spring,4.8,Yes,2-Day Shipping,Yes,44,Venmo,Every 3 Months,Senior,90,Heavy,True,True,Standard,Digital Wallet,Occasional,0.5554285714285714,High
67,31,Male,Blouse,Clothing,94,Pennsylvania,S,Magenta,Winter,4.7,Yes,2-Day Shipping,Yes,3,Venmo,Every 3 Months,Young Adult,90,New/Low,True,True,Standard,Digital Wallet,Occasional,0.5438571428571429,High
68,45,Male,Coat,Outerwear,33,Connecticut,L,Gray,Winter,4.4,Yes,Store Pickup,Yes,49,Debit Card,Monthly,Middle-aged,30,Heavy,True,True,Other,Card,Frequent,0.5380714285714286,High
69,57,Male,Handbag,Accessories,46,Utah,L,Silver,Summer,3.9,Yes,Next Day Air,Yes,21,Cash,Every 3 Months,Middle-aged,90,Emerging,True,True,Express,Cash,Occasional,0.37157142857142855,Mid
70,48,Male,Belt,Accessories,70,Tennessee,S,Cyan,Summer,4.4,Yes,Express,Yes,5,Cash,Weekly,Middle-aged,7,New/Low,True,True,Express,Cash,Very Frequent,0.42171428571428576,Mid
71,22,Male,Belt,Accessories,29,Alabama,M,Magenta,Fall,4.2,Yes,Express,Yes,32,Debit Card,Every 3 Months,Young Adult,90,Established,True,True,Express,Card,Occasional,0.39278571428571424,Mid
72,36,Male,Dress,Clothing,48,Virginia,L,Gold,Summer,2.9,Yes,Express,Yes,34,Bank Transfer,Annually,Adult,365,Established,True,True,Express,Other,Rare,0.3741428571428571,Mid
73,18,Male,Dress,Clothing,26,Georgia,M,Olive,Winter,2.9,Yes,Store Pickup,Yes,21,Bank Transfer,Every 3 Months,Young Adult,90,Emerging,True,True,Other,Other,Occasional,0.1915714285714286,Low
74,48,Male,Pants,Clothing,85,Hawaii,M,Teal,Spring,2.7,Yes,Free Shipping,Yes,43,Bank Transfer,Bi-Weekly,Middle-aged,14,Heavy,True,True,Standard,Other,Frequent,0.5805,High
75,49,Male,Gloves,Accessories,58,Indiana,L,Violet,Spring,4.5,Yes,Express,Yes,3,Cash,Monthly,Middle-aged,30,New/Low,True,True,Express,Cash,Frequent,0.3638571428571429,Mid
76,64,Male,Scarf,Accessories,85,Utah,M,Blue,Summer,2.7,Yes,Free Shipping,Yes,21,Credit Card,Annually,Senior,365,Emerging,True,True,Standard,Card,Rare,0.4390714285714286,Mid
77,50,Male,Hat,Accessories,43,Delaware,S,Teal,Summer,4.2,Yes,Free Shipping,Yes,32,Venmo,Monthly,Middle-aged,30,Established,True,True,Standard,Digital Wallet,Frequent,0.4557857142857143,Mid
78,22,Male,Dress,Clothing,53,Delaware,L,Gold,Summer,3.3,Yes,Next Day Air,Yes,36,Debit Card,Fortnightly,Young Adult,14,Established,True,True,Express,Card,Frequent,0.4455,Mid
79,50,Male,Skirt,Clothing,91,Nebraska,M,Maroon,Spring,4.7,Yes,Free Shipping,Yes,50,Venmo,Fortnightly,Middle-aged,14,Heavy,True,True,Standard,Digital Wallet,Frequent,0.8325,VIP
80,38,Male,Jacket,Outerwear,96,Iowa,M,Olive,Winter,2.6,Yes,2-Day Shipping,Yes,43,Bank Transfer,Every 3 Months,Adult,90,Heavy,True,True,Standard,Other,Occasional,0.621,VIP
81,19,Male,Sandals,Footwear,72,New York,XL,Blue,Summer,3.8,Yes,Store Pickup,Yes,24,Credit Card,Every 3 Months,Young Adult,90,Emerging,True,True,Other,Card,Occasional,0.49885714285714283,High
82,67,Male,Shoes,Footwear,96,Virginia,L,Maroon,Summer,2.6,Yes,Express,Yes,36,Credit Card,Every 3 Months,Senior,90,Established,True,True,Express,Card,Occasional,0.5760000000000001,High
83,19,Male,Pants,Clothing,28,Georgia,S,Olive,Spring,4.0,Yes,2-Day Shipping,Yes,21,Credit Card,Every 3 Months,Young Adult,90,Emerging,True,True,Standard,Card,Occasional,0.2995714285714286,Low
84,36,Male,Dress,Clothing,40,Texas,M,Turquoise,Summer,4.1,Yes,Standard,Yes,34,Bank Transfer,Weekly,Adult,7,Established,True,True,Standard,Other,Very Frequent,0.4461428571428571,Mid
85,52,Male,Coat,Outerwear,32,Arizona,S,Peach,Spring,4.4,Yes,Standard,Yes,42,Bank Transfer,Every 3 Months,Middle-aged,90,Heavy,True,True,Standard,Other,Occasional,0.48857142857142866,High
86,53,Male,Sunglasses,Accessories,95,New Mexico,M,Charcoal,Winter,4.5,Yes,Next Day Air,Yes,2,Debit Card,Bi-Weekly,Middle-aged,14,New/Low,True,True,Express,Card,Frequent,0.5239285714285714,High
87,24,Male,Hoodie,Clothing,41,Nevada,L,Pink,Spring,3.7,Yes,2-Day Shipping,Yes,47,Cash,Bi-Weekly,Young Adult,14,Heavy,True,True,Standard,Cash,Frequent,0.4982142857142858,High
88,52,Male,Shoes,Footwear,53,Ohio,M,Green,Fall,3.7,Yes,2-Day Shipping,Yes,44,Debit Card,Fortnightly,Middle-aged,14,Heavy,True,True,Standard,Card,Frequent,0.5329285714285714,High
89,33,Male,T-shirt,Clothing,47,Wyoming,M,Orange,Fall,3.5,Yes,Free Shipping,Yes,35,Credit Card,Monthly,Adult,30,Established,True,True,Standard,Card,Frequent,0.4300714285714286,Mid
90,47,Male,Jacket,Outerwear,83,California,XL,Pink,Fall,3.6,Yes,Next Day Air,Yes,15,Cash,Quarterly,Middle-aged,90,Emerging,True,True,Express,Cash,Occasional,0.47250000000000003,High
91,25,Male,Hat,Accessories,48,South Carolina,L,Violet,Summer,2.9,Yes,Express,Yes,29,Credit Card,Monthly,Young Adult,30,Established,True,True,Express,Card,Frequent,0.34199999999999997,Low
92,44,Male,Scarf,Accessories,99,South Carolina,S,Green,Winter,4.6,Yes,Standard,Yes,18,Credit Card,Every 3 Months,Adult,90,Emerging,True,True,Standard,Card,Occasional,0.6537857142857143,VIP
93,61,Male,Jacket,Outerwear,87,Texas,M,Olive,Winter,4.4,Yes,2-Day Shipping,Yes,13,Venmo,Every 3 Months,Senior,90,Emerging,True,True,Standard,Digital Wallet,Occasional,0.5496428571428572,High
94,37,Male,Sweater,Clothing,62,Florida,M,Purple,Fall,4.5,Yes,Standard,Yes,46,Credit Card,Weekly,Adult,7,Heavy,True,True,Standard,Card,Very Frequent,0.6582857142857143,VIP
95,58,Male,Skirt,Clothing,76,Nevada,S,Silver,Spring,4.6,Yes,Free Shipping,Yes,28,Credit Card,Weekly,Senior,7,Established,True,True,Standard,Card,Very Frequent,0.6145714285714285,VIP
96,37,Male,Sneakers,Footwear,100,Missouri,L,Pink,Fall,3.8,Yes,Free Shipping,Yes,48,PayPal,Monthly,Adult,30,Heavy,True,True,Standard,Digital Wallet,Frequent,0.7791428571428572,VIP
97,32,Male,Gloves,Accessories,73,Delaware,S,Gold,Spring,3.8,Yes,Express,Yes,43,Venmo,Every 3 Months,Adult,90,Heavy,True,True,Express,Digital Wallet,Occasional,0.6255,VIP
98,21,Male,Shoes,Footwear,92,Virginia,M,Teal,Winter,4.8,Yes,Store Pickup,Yes,37,Cash,Annually,Young Adult,365,Established,True,True,Other,Cash,Rare,0.7624285714285715,VIP
99,20,Male,Jeans,Clothing,67,New York,XL,Teal,Spring,2.6,Yes,Next Day Air,Yes,20,Bank Transfer,Annually,Young Adult,365,Emerging,True,True,Express,Other,Rare,0.34264285714285714,Low
100,26,Male,Hoodie,Clothing,40,Missouri,XL,Indigo,Summer,3.7,Yes,Express,Yes,33,Debit Card,Quarterly,Young Adult,90,Established,True,True,Express,Card,Occasional,0.4037142857142857,Mid
101,62,Male,Sunglasses,Accessories,98,South Dakota,M,Maroon,Fall,2.7,Yes,Express,Yes,31,Cash,Fortnightly,Senior,14,Established,True,True,Express,Cash,Frequent,0.5618571428571429,High
102,27,Male,Coat,Outerwear,85,North Dakota,XL,White,Spring,4.6,Yes,Express,Yes,50,Credit Card,Bi-Weekly,Young Adult,14,Heavy,True,True,Express,Card,Frequent,0.7965,VIP
103,51,Male,Socks,Clothing,67,Oklahoma,L,Violet,Winter,4.8,Yes,Next Day Air,Yes,35,Credit Card,Quarterly,Middle-aged,90,Established,True,True,Express,Card,Occasional,0.6370714285714286,VIP
104,54,Male,Boots,Footwear,89,West Virginia,L,Red,Winter,4.0,Yes,Next Day Air,Yes,22,Venmo,Bi-Weekly,Middle-aged,14,Emerging,True,True,Express,Digital Wallet,Frequent,0.5805,High
105,55,Male,Sunglasses,Accessories,24,New Hampshire,L,Pink,Spring,4.4,Yes,2-Day Shipping,Yes,1,PayPal,Monthly,Middle-aged,30,New/Low,True,True,Standard,Digital Wallet,Frequent,0.18900000000000003,Low
106,69,Male,Backpack,Accessories,96,New York,M,Charcoal,Fall,3.6,Yes,Next Day Air,Yes,4,Bank Transfer,Annually,Senior,365,New/Low,True,True,Express,Other,Rare,0.4602857142857143,Mid
107,64,Male,Jacket,Outerwear,35,Minnesota,L,White,Summer,3.7,Yes,Standard,Yes,31,Credit Card,Monthly,Senior,30,Established,True,True,Standard,Card,Frequent,0.3683571428571428,Mid
108,28,Male,Sneakers,Footwear,67,Maryland,L,Olive,Winter,3.1,Yes,Next Day Air,Yes,46,PayPal,Fortnightly,Young Adult,14,Heavy,True,True,Express,Digital Wallet,Frequent,0.5547857142857143,High
109,70,Male,Socks,Clothing,79,Montana,L,Purple,Spring,3.4,Yes,Next Day Air,Yes,32,Bank Transfer,Bi-Weekly,Senior,14,Established,True,True,Express,Other,Frequent,0.5457857142857143,High
110,58,Male,T-shirt,Clothing,85,Alabama,M,Violet,Spring,2.6,Yes,Next Day Air,Yes,43,Bank Transfer,Fortnightly,Senior,14,Heavy,True,True,Express,Other,Frequent,0.5715,High
111,56,Male,Backpack,Accessories,26,New York,M,Black,Summer,4.0,Yes,Standard,Yes,26,Venmo,Fortnightly,Middle-aged,14,Established,True,True,Standard,Digital Wallet,Frequent,0.3227142857142857,Low
112,26,Male,Belt,Accessories,75,Massachusetts,L,Purple,Summer,5.0,Yes,Free Shipping,Yes,9,Credit Card,Annually,Young Adult,365,New/Low,True,True,Standard,Card,Rare,0.5239285714285715,High
113,37,Male,Gloves,Accessories,65,Florida,M,Red,Spring,4.3,Yes,Free Shipping,Yes,28,PayPal,Bi-Weekly,Adult,14,Established,True,True,Standard,Digital Wallet,Frequent,0.5380714285714286,High
114,44,Male,Hat,Accessories,54,New Jersey,L,Maroon,Winter,3.1,Yes,Next Day Air,Yes,20,PayPal,Quarterly,Adult,90,Emerging,True,True,Express,Digital Wallet,Occasional,0.3291428571428571,Low
115,70,Male,Coat,Outerwear,95,Massachusetts,S,Blue,Summer,3.7,Yes,Store Pickup,Yes,9,Cash,Weekly,Senior,7,New/Low,True,True,Other,Cash,Very Frequent,0.49692857142857144,High
116,53,Male,Skirt,Clothing,94,Wyoming,M,Gray,Spring,3.8,Yes,Standard,Yes,48,Debit Card,Every 3 Months,Middle-aged,90,Heavy,True,True,Standard,Card,Occasional,0.7521428571428572,VIP
117,55,Male,Shoes,Footwear,86,Virginia,S,Blue,Spring,3.4,Yes,Free Shipping,Yes,12,Venmo,Annually,Middle-aged,365,Emerging,True,True,Standard,Digital Wallet,Rare,0.44871428571428573,Mid
118,50,Male,Sandals,Footwear,32,South Dakota,L,Yellow,Summer,4.6,Yes,Express,Yes,29,Cash,Fortnightly,Middle-aged,14,Established,True,True,Express,Cash,Frequent,0.423,Mid
119,50,Male,Sweater,Clothing,45,Kentucky,L,Orange,Fall,4.8,Yes,2-Day Shipping,Yes,27,Cash,Bi-Weekly,Middle-aged,14,Established,True,True,Standard,Cash,Frequent,0.48664285714285715,High
120,38,Male,Coat,Outerwear,76,Wyoming,M,Orange,Fall,4.3,Yes,Express,Yes,44,Cash,Annually,Adult,365,Heavy,True,True,Express,Cash,Rare,0.6904285714285714,VIP
121,64,Male,Hat,Accessories,84,West Virginia,L,Red,Summer,4.0,Yes,Express,Yes,32,Bank Transfer,Annually,Senior,365,Established,True,True,Express,Other,Rare,0.6222857142857143,VIP
122,19,Male,Shorts,Clothing,72,Virginia,M,Olive,Winter,4.2,Yes,Standard,Yes,11,Cash,Fortnightly,Young Adult,14,Emerging,True,True,Standard,Cash,Frequent,0.4512857142857143,Mid
123,40,Male,Backpack,Accessories,40,Washington,L,Brown,Spring,4.8,Yes,2-Day Shipping,Yes,44,Cash,Fortnightly,Adult,14,Heavy,True,True,Standard,Cash,Frequent,0.5734285714285714,High
124,57,Male,Sweater,Clothing,89,Louisiana,L,Brown,Fall,3.1,Yes,Free Shipping,Yes,46,Cash,Weekly,Middle-aged,7,Heavy,True,True,Standard,Cash,Very Frequent,0.6537857142857143,VIP
125,44,Male,Sweater,Clothing,86,Nevada,M,Gray,Spring,3.1,Yes,Next Day Air,Yes,50,PayPal,Annually,Adult,365,Heavy,True,True,Express,Digital Wallet,Rare,0.666,VIP
126,49,Male,Shorts,Clothing,54,California,M,Indigo,Winter,3.6,Yes,Next Day Air,Yes,45,Venmo,Every 3 Months,Middle-aged,90,Heavy,True,True,Express,Digital Wallet,Occasional,0.5348571428571429,High
127,43,Male,Shorts,Clothing,36,Mississippi,L,Pink,Spring,3.9,Yes,Store Pickup,Yes,48,Cash,Every 3 Months,Adult,90,Heavy,True,True,Other,Cash,Occasional,0.5001428571428571,High
128,24,Male,Sweater,Clothing,89,Mississippi,M,Gray,Winter,4.8,Yes,Next Day Air,Yes,26,Credit Card,Weekly,Young Adult,7,Established,True,True,Express,Card,Very Frequent,0.6782142857142858,VIP
129,20,Male,Scarf,Accessories,32,California,M,Gold,Spring,4.7,Yes,Standard,Yes,21,Credit Card,Fortnightly,Young Adult,14,Emerging,True,True,Standard,Card,Frequent,0.3805714285714286,Mid
130,24,Male,Dress,Clothing,67,Pennsylvania,XL,Olive,Summer,4.2,Yes,2-Day Shipping,Yes,49,PayPal,Bi-Weekly,Young Adult,14,Heavy,True,True,Standard,Digital Wallet,Frequent,0.6730714285714287,VIP
131,44,Male,Scarf,Accessories,39,Kentucky,L,Violet,Fall,3.7,Yes,Next Day Air,Yes,13,PayPal,Fortnightly,Adult,14,Emerging,True,True,Express,Digital Wallet,Frequent,0.27064285714285713,Low
132,28,Male,Skirt,Clothing,29,Maine,L,Indigo,Summer,3.9,Yes,Standard,Yes,46,Credit Card,Weekly,Young Adult,7,Heavy,True,True,Standard,Card,Very Frequent,0.45578571428571424,Mid
133,30,Male,Backpack,Accessories,58,New Mexico,M,Orange,Fall,4.7,Yes,2-Day Shipping,Yes,42,PayPal,Weekly,Young Adult,7,Heavy,True,True,Standard,Digital Wallet,Very Frequent,0.6325714285714286,VIP
134,52,Male,Sweater,Clothing,65,Montana,M,Violet,Winter,2.5,Yes,Next Day Air,Yes,25,Venmo,Annually,Middle-aged,365,Emerging,True,True,Express,Digital Wallet,Rare,0.35678571428571426,Mid
135,43,Male,Hat,Accessories,94,Texas,L,Gray,Fall,4.9,Yes,Store Pickup,Yes,25,Cash,Monthly,Adult,30,Emerging,True,True,Other,Cash,Frequent,0.7032857142857144,VIP
136,43,Male,Sandals,Footwear,81,Kansas,M,Purple,Fall,4.1,Yes,Express,Yes,12,PayPal,Quarterly,Adult,90,Emerging,True,True,Express,Digital Wallet,Occasional,0.48921428571428577,High
137,39,Male,Blouse,Clothing,86,South Carolina,M,White,Winter,3.3,Yes,Free Shipping,Yes,4,Debit Card,Quarterly,Adult,90,New/Low,True,True,Standard,Card,Occasional,0.38828571428571423,Mid
138,68,Male,Sneakers,Footwear,43,Colorado,M,Turquoise,Spring,4.7,Yes,Free Shipping,Yes,38,PayPal,Weekly,Senior,7,Established,True,True,Standard,Digital Wallet,Very Frequent,0.5393571428571428,High
139,68,Male,Skirt,Clothing,29,Georgia,M,Maroon,Winter,4.4,Yes,Store Pickup,Yes,42,Bank Transfer,Weekly,Senior,7,Heavy,True,True,Other,Other,Very Frequent,0.47507142857142864,High
140,49,Male,Coat,Outerwear,95,Florida,M,White,Fall,3.8,Yes,Store Pickup,Yes,30,Venmo,Annually,Middle-aged,365,Established,True,True,Other,Digital Wallet,Rare,0.6409285714285714,VIP
141,63,Male,Shirt,Clothing,28,North Carolina,L,Yellow,Fall,3.9,Yes,2-Day Shipping,Yes,50,Credit Card,Weekly,Senior,7,Heavy,True,True,Standard,Card,Very Frequent,0.47700000000000004,High
142,56,Male,Gloves,Accessories,46,Virginia,M,Turquoise,Fall,4.9,Yes,Free Shipping,Yes,45,PayPal,Weekly,Middle-aged,7,Heavy,True,True,Standard,Digital Wallet,Very Frequent,0.615857142857143,VIP
143,37,Male,Jacket,Outerwear,58,Nebraska,L,Violet,Fall,3.1,Yes,Free Shipping,Yes,33,Credit Card,Fortnightly,Adult,14,Established,True,True,Standard,Card,Frequent,0.4307142857142857,Mid
144,30,Male,Coat,Outerwear,48,Missouri,M,Beige,Fall,2.7,Yes,Store Pickup,Yes,25,PayPal,Quarterly,Young Adult,90,Emerging,True,True,Other,Digital Wallet,Occasional,0.29828571428571427,Low
145,19,Male,Shoes,Footwear,43,New Jersey,M,Silver,Fall,3.2,Yes,Express,Yes,25,Cash,Monthly,Young Adult,30,Emerging,True,True,Express,Cash,Frequent,0.32078571428571423,Low
146,24,Male,Jewelry,Accessories,95,Missouri,M,Teal,Fall,4.5,Yes,Standard,Yes,44,Debit Card,Quarterly,Young Adult,90,Heavy,True,True,Standard,Card,Occasional,0.7939285714285714,VIP
147,52,Male,Skirt,Clothing,30,Colorado,S,Black,Fall,4.0,Yes,Standard,Yes,21,Venmo,Fortnightly,Middle-aged,14,Emerging,True,True,Standard,Digital Wallet,Frequent,0.3085714285714286,Low
148,63,Male,Shoes,Footwear,64,Idaho,M,Purple,Summer,3.5,Yes,2-Day Shipping,Yes,31,Bank Transfer,Fortnightly,Senior,14,Established,True,True,Standard,Other,Frequent,0.4808571428571428,High
149,37,Male,Gloves,Accessories,90,Wyoming,M,Gray,Fall,2.6,Yes,Store Pickup,Yes,47,Debit Card,Annually,Adult,365,Heavy,True,True,Other,Card,Rare,0.6197142857142858,VIP
150,38,Male,Pants,Clothing,76,Delaware,M,White,Summer,3.2,Yes,Free Shipping,Yes,14,PayPal,Monthly,Adult,30,Emerging,True,True,Standard,Digital Wallet,Frequent,0.3985714285714286,Mid
151,35,Male,Boots,Footwear,96,California,L,Cyan,Fall,4.9,Yes,Standard,Yes,17,Debit Card,Every 3 Months,Adult,90,Emerging,True,True,Standard,Card,Occasional,0.6608571428571429,VIP
152,28,Male,Sunglasses,Accessories,47,North Dakota,L,Turquoise,Fall,4.5,Yes,Next Day Air,Yes,3,Venmo,Annually,Young Adult,365,New/Low,True,True,Express,Digital Wallet,Rare,0.3143571428571429,Low
153,30,Male,Shirt,Clothing,85,South Carolina,S,Brown,Summer,4.3,Yes,Express,Yes,42,Venmo,Annually,Young Adult,365,Heavy,True,True,Express,Digital Wallet,Rare,0.7180714285714286,VIP
154,69,Male,Hoodie,Clothing,55,North Carolina,M,Maroon,Winter,3.2,Yes,Standard,Yes,22,Debit Card,Annually,Senior,365,Emerging,True,True,Standard,Card,Rare,0.35550000000000004,Mid
155,41,Male,Dress,Clothing,98,Oklahoma,M,Charcoal,Fall,3.6,Yes,Next Day Air,Yes,21,Venmo,Quarterly,Adult,90,Emerging,True,True,Express,Digital Wallet,Occasional,0.5785714285714286,High
156,63,Male,Socks,Clothing,77,Maine,S,Olive,Spring,4.3,Yes,Free Shipping,Yes,21,Bank Transfer,Quarterly,Senior,90,Emerging,True,True,Standard,Other,Occasional,0.5470714285714287,High
157,35,Male,Shorts,Clothing,26,Missouri,M,Lavender,Fall,4.0,Yes,Standard,Yes,40,Debit Card,Annually,Adult,365,Established,True,True,Standard,Card,Rare,0.4127142857142857,Mid
158,36,Male,Hat,Accessories,68,Vermont,S,Yellow,Fall,3.0,Yes,Next Day Air,Yes,1,Bank Transfer,Fortnightly,Adult,14,New/Low,True,True,Express,Other,Frequent,0.261,Low
159,25,Male,Shirt,Clothing,73,Connecticut,XL,Teal,Fall,4.1,Yes,Standard,Yes,50,Bank Transfer,Monthly,Young Adult,30,Heavy,True,True,Standard,Other,Frequent,0.6974999999999999,VIP
160,58,Male,Gloves,Accessories,27,New Hampshire,M,Charcoal,Fall,3.8,Yes,Store Pickup,Yes,39,Bank Transfer,Every 3 Months,Senior,90,Established,True,True,Other,Other,Occasional,0.39278571428571424,Mid
161,27,Male,Gloves,Accessories,23,Texas,M,Orange,Summer,4.6,Yes,Free Shipping,Yes,34,Venmo,Monthly,Young Adult,30,Established,True,True,Standard,Digital Wallet,Frequent,0.4146428571428571,Mid
162,65,Male,Backpack,Accessories,49,North Dakota,M,Olive,Fall,3.0,Yes,Express,Yes,29,Venmo,Fortnightly,Senior,14,Established,True,True,Express,Digital Wallet,Frequent,0.3555,Mid
163,54,Male,Sunglasses,Accessories,74,California,M,Turquoise,Summer,3.0,Yes,Store Pickup,Yes,31,PayPal,Bi-Weekly,Middle-aged,14,Established,True,True,Other,Digital Wallet,Frequent,0.4808571428571429,High
164,54,Male,Skirt,Clothing,67,Virginia,M,Purple,Summer,3.4,Yes,Standard,Yes,8,Debit Card,Weekly,Middle-aged,7,New/Low,True,True,Standard,Card,Very Frequent,0.3375,Low
165,59,Male,Handbag,Accessories,65,Delaware,S,Purple,Spring,2.6,Yes,Free Shipping,Yes,5,Credit Card,Fortnightly,Senior,14,New/Low,True,True,Standard,Card,Frequent,0.2372142857142857,Low
166,42,Male,Handbag,Accessories,60,Kentucky,S,Yellow,Winter,2.8,Yes,Store Pickup,Yes,7,Cash,Monthly,Adult,30,New/Low,True,True,Other,Cash,Frequent,0.24557142857142858,Low
167,46,Male,Sneakers,Footwear,31,Delaware,XL,Indigo,Fall,4.0,Yes,Store Pickup,Yes,30,Cash,Monthly,Middle-aged,30,Established,True,True,Other,Cash,Frequent,0.37092857142857144,Mid
168,33,Male,Gloves,Accessories,27,Arkansas,M,Green,Fall,4.0,Yes,Express,Yes,14,Credit Card,Every 3 Months,Adult,90,Emerging,True,True,Express,Card,Occasional,0.25007142857142856,Low
169,34,Male,Shoes,Footwear,80,Louisiana,M,Magenta,Summer,3.0,Yes,Express,Yes,5,Cash,Fortnightly,Adult,14,New/Low,True,True,Express,Cash,Frequent,0.34071428571428575,Low
170,27,Male,Jacket,Outerwear,30,Nevada,S,Gold,Summer,3.3,Yes,Standard,Yes,3,PayPal,Every 3 Months,Young Adult,90,New/Low,True,True,Standard,Digital Wallet,Occasional,0.12985714285714284,Low
171,52,Male,Shirt,Clothing,25,Wyoming,M,Maroon,Fall,2.6,Yes,Store Pickup,Yes,46,Venmo,Bi-Weekly,Middle-aged,14,Heavy,True,True,Other,Digital Wallet,Frequent,0.3207857142857143,Low
172,29,Male,Shorts,Clothing,35,Virginia,M,Blue,Summer,3.6,Yes,Store Pickup,Yes,4,Credit Card,Weekly,Young Adult,7,New/Low,True,True,Other,Card,Very Frequent,0.18578571428571433,Low
173,54,Male,Jewelry,Accessories,67,Nebraska,M,Violet,Summer,3.9,Yes,Next Day Air,Yes,42,Credit Card,Bi-Weekly,Middle-aged,14,Heavy,True,True,Express,Card,Frequent,0.6010714285714287,VIP
174,25,Male,Hat,Accessories,46,Hawaii,M,Turquoise,Fall,3.4,Yes,Standard,Yes,30,Cash,Annually,Young Adult,365,Established,True,True,Standard,Cash,Rare,0.38442857142857145,Mid
175,41,Male,Shoes,Footwear,35,Vermont,L,Brown,Winter,3.5,Yes,Express,Yes,37,Venmo,Annually,Adult,365,Established,True,True,Express,Digital Wallet,Rare,0.38892857142857146,Mid
176,53,Male,Coat,Outerwear,86,Oklahoma,L,Violet,Fall,2.8,Yes,Next Day Air,Yes,2,Bank Transfer,Annually,Middle-aged,365,New/Low,True,True,Express,Other,Rare,0.3304285714285714,Low
177,53,Male,Backpack,Accessories,81,New Hampshire,L,Black,Spring,2.7,Yes,Next Day Air,Yes,30,Credit Card,Quarterly,Middle-aged,90,Established,True,True,Express,Card,Occasional,0.4789285714285714,High
178,21,Male,Hoodie,Clothing,42,Kansas,L,Magenta,Fall,3.7,Yes,Next Day Air,Yes,47,Bank Transfer,Monthly,Young Adult,30,Heavy,True,True,Express,Other,Frequent,0.5027142857142858,High
179,61,Male,Skirt,Clothing,43,Idaho,L,Lavender,Fall,4.3,Yes,2-Day Shipping,Yes,21,PayPal,Quarterly,Senior,90,Emerging,True,True,Standard,Digital Wallet,Occasional,0.3940714285714286,Mid
180,64,Male,Boots,Footwear,31,Illinois,M,Violet,Fall,4.9,Yes,Store Pickup,Yes,9,Bank Transfer,Fortnightly,Senior,14,New/Low,True,True,Other,Other,Frequent,0.3169285714285715,Low
181,51,Male,Sandals,Footwear,81,South Dakota,L,Green,Fall,3.3,Yes,Store Pickup,Yes,12,Debit Card,Fortnightly,Middle-aged,14,Emerging,True,True,Other,Card,Frequent,0.4172142857142857,Mid
182,32,Male,Pants,Clothing,61,Massachusetts,M,Beige,Summer,4.7,Yes,Next Day Air,Yes,4,Bank Transfer,Weekly,Adult,7,New/Low,True,True,Express,Other,Very Frequent,0.4017857142857143,Mid
183,38,Male,Gloves,Accessories,96,Alabama,XL,Purple,Summer,2.8,Yes,Store Pickup,Yes,10,Debit Card,Annually,Adult,365,New/Low,True,True,Other,Card,Rare,0.4268571428571428,Mid
184,58,Male,Skirt,Clothing,29,Ohio,XL,Beige,Spring,3.6,Yes,2-Day Shipping,Yes,26,Credit Card,Weekly,Senior,7,Established,True,True,Standard,Card,Very Frequent,0.30021428571428577,Low
185,32,Male,Sneakers,Footwear,33,Hawaii,L,Cyan,Spring,3.0,Yes,Express,Yes,40,Cash,Fortnightly,Adult,14,Established,True,True,Express,Cash,Frequent,0.35421428571428565,Low
186,46,Male,T-shirt,Clothing,32,Wisconsin,XL,Silver,Summer,4.5,Yes,Store Pickup,Yes,34,Bank Transfer,Fortnightly,Middle-aged,14,Established,True,True,Other,Other,Frequent,0.4461428571428572,Mid
187,39,Male,Backpack,Accessories,56,Minnesota,S,Lavender,Summer,2.9,Yes,Standard,Yes,31,Debit Card,Annually,Adult,365,Established,True,True,Standard,Card,Rare,0.39085714285714285,Mid
188,19,Male,Shoes,Footwear,94,Georgia,S,Purple,Spring,3.3,Yes,Store Pickup,Yes,1,Bank Transfer,Bi-Weekly,Young Adult,14,New/Low,True,True,Other,Other,Frequent,0.4050000000000001,Mid
189,50,Male,Hoodie,Clothing,53,Arkansas,M,Pink,Spring,3.1,Yes,Express,Yes,5,Bank Transfer,Bi-Weekly,Middle-aged,14,New/Low,True,True,Express,Other,Frequent,0.2282142857142857,Low
190,36,Male,Blouse,Clothing,82,West Virginia,M,Maroon,Fall,4.4,Yes,Next Day Air,Yes,4,Credit Card,Weekly,Adult,7,New/Low,True,True,Express,Card,Very Frequent,0.4692857142857143,Mid
191,65,Male,Coat,Outerwear,70,Indiana,XL,Beige,Fall,3.0,Yes,Free Shipping,Yes,48,Venmo,Quarterly,Senior,90,Heavy,True,True,Standard,Digital Wallet,Occasional,0.5721428571428572,High
192,64,Male,Hat,Accessories,76,Utah,M,Gray,Fall,3.9,Yes,Free Shipping,Yes,29,Cash,Every 3 Months,Senior,90,Established,True,True,Standard,Cash,Occasional,0.558,High
193,46,Male,Shoes,Footwear,29,Nebraska,L,Turquoise,Summer,2.9,Yes,Express,Yes,12,PayPal,Bi-Weekly,Middle-aged,14,Emerging,True,True,Express,Digital Wallet,Frequent,0.14721428571428574,Low
194,36,Male,Belt,Accessories,100,North Dakota,S,Silver,Fall,3.0,Yes,Standard,Yes,29,Venmo,Annually,Adult,365,Established,True,True,Standard,Digital Wallet,Rare,0.5850000000000001,High
195,51,Male,Backpack,Accessories,94,Missouri,M,Olive,Spring,3.1,Yes,Express,Yes,15,Debit Card,Quarterly,Middle-aged,90,Emerging,True,True,Express,Card,Occasional,0.47700000000000004,High
196,51,Male,Jacket,Outerwear,25,New York,M,Magenta,Fall,4.3,Yes,Free Shipping,Yes,34,Credit Card,Monthly,Middle-aged,30,Established,True,True,Standard,Card,Frequent,0.39664285714285713,Mid
197,38,Male,Boots,Footwear,88,Washington,M,Lavender,Summer,3.9,Yes,Next Day Air,Yes,41,Credit Card,Fortnightly,Adult,14,Heavy,True,True,Express,Card,Frequent,0.6891428571428572,VIP
198,59,Male,Scarf,Accessories,78,South Carolina,M,Black,Fall,3.2,Yes,2-Day Shipping,Yes,41,Credit Card,Monthly,Senior,30,Heavy,True,True,Standard,Card,Frequent,0.5811428571428572,High
199,57,Male,Jewelry,Accessories,45,Utah,M,Turquoise,Winter,4.8,Yes,Standard,Yes,39,Credit Card,Fortnightly,Middle-aged,14,Established,True,True,Standard,Card,Frequent,0.5637857142857142,High
200,54,Male,Hat,Accessories,73,Idaho,XL,Green,Summer,3.8,Yes,Express,Yes,32,Cash,Weekly,Middle-aged,7,Established,True,True,Express,Cash,Very Frequent,0.5547857142857143,High
201,25,Male,Dress,Clothing,61,Pennsylvania,S,Teal,Summer,3.3,Yes,Next Day Air,Yes,29,Venmo,Monthly,Young Adult,30,Established,True,True,Express,Digital Wallet,Frequent,0.4365,Mid
202,69,Male,Blouse,Clothing,22,Missouri,S,Beige,Fall,4.3,Yes,Free Shipping,Yes,15,Bank Transfer,Annually,Senior,365,Emerging,True,True,Standard,Other,Rare,0.261,Low
203,57,Male,Hat,Accessories,38,Nebraska,L,Magenta,Spring,2.7,Yes,Express,Yes,33,Venmo,Annually,Middle-aged,365,Established,True,True,Express,Digital Wallet,Rare,0.3047142857142857,Low
204,70,Male,Scarf,Accessories,38,Indiana,S,Yellow,Fall,3.2,Yes,Next Day Air,Yes,18,Bank Transfer,Weekly,Senior,7,Emerging,True,True,Express,Other,Very Frequent,0.2532857142857143,Low
205,24,Male,Sneakers,Footwear,100,Arizona,M,Yellow,Fall,4.0,Yes,Store Pickup,Yes,35,Cash,Bi-Weekly,Young Adult,14,Established,True,True,Other,Cash,Frequent,0.7135714285714285,VIP
206,67,Male,Shirt,Clothing,64,Hawaii,M,Silver,Winter,3.0,Yes,Standard,Yes,25,PayPal,Weekly,Senior,7,Emerging,True,True,Standard,Digital Wallet,Very Frequent,0.3972857142857143,Mid
207,24,Male,T-shirt,Clothing,55,Wisconsin,L,Silver,Summer,4.2,Yes,Free Shipping,Yes,6,Venmo,Fortnightly,Young Adult,14,New/Low,True,True,Standard,Digital Wallet,Frequent,0.3426428571428572,Low
208,62,Male,Gloves,Accessories,91,Rhode Island,M,Silver,Summer,2.9,Yes,Express,Yes,17,Bank Transfer,Bi-Weekly,Senior,14,Emerging,True,True,Express,Other,Frequent,0.4583571428571428,Mid
209,57,Male,Skirt,Clothing,38,Wisconsin,M,Gold,Spring,4.1,Yes,Store Pickup,Yes,17,Credit Card,Monthly,Middle-aged,30,Emerging,True,True,Other,Card,Frequent,0.32785714285714285,Low
210,55,Male,Sandals,Footwear,97,Minnesota,S,Olive,Winter,3.2,Yes,Store Pickup,Yes,44,Cash,Every 3 Months,Middle-aged,90,Heavy,True,True,Other,Cash,Occasional,0.6859285714285716,VIP
211,45,Male,Jacket,Outerwear,22,Vermont,L,Teal,Fall,3.0,Yes,2-Day Shipping,Yes,6,PayPal,Fortnightly,Middle-aged,14,New/Low,True,True,Standard,Digital Wallet,Frequent,0.08614285714285716,Low
212,69,Male,Skirt,Clothing,92,South Dakota,L,Maroon,Fall,4.2,Yes,2-Day Shipping,Yes,45,Debit Card,Fortnightly,Senior,14,Heavy,True,True,Standard,Card,Frequent,0.759857142857143,VIP
213,67,Male,Handbag,Accessories,84,Virginia,L,Blue,Fall,4.2,Yes,Express,Yes,7,Debit Card,Annually,Senior,365,New/Low,True,True,Express,Card,Rare,0.47957142857142865,High
214,30,Male,Handbag,Accessories,93,Nevada,L,Peach,Fall,4.4,Yes,Store Pickup,Yes,11,Debit Card,Every 3 Months,Young Adult,90,Emerging,True,True,Other,Card,Occasional,0.5637857142857143,High
215,24,Male,Jacket,Outerwear,50,Hawaii,L,Blue,Summer,4.2,Yes,Next Day Air,Yes,41,Cash,Every 3 Months,Young Adult,90,Heavy,True,True,Express,Cash,Occasional,0.5451428571428572,High
216,62,Male,Scarf,Accessories,64,New Jersey,S,Orange,Spring,2.8,Yes,2-Day Shipping,Yes,24,PayPal,Bi-Weekly,Senior,14,Emerging,True,True,Standard,Digital Wallet,Frequent,0.3728571428571429,Mid
217,43,Male,Shorts,Clothing,61,Massachusetts,L,Yellow,Spring,3.7,Yes,Free Shipping,Yes,21,Venmo,Weekly,Adult,7,Emerging,True,True,Standard,Digital Wallet,Very Frequent,0.4210714285714286,Mid
218,35,Male,Sunglasses,Accessories,48,Oklahoma,M,Purple,Winter,3.5,Yes,Next Day Air,Yes,24,Bank Transfer,Annually,Adult,365,Emerging,True,True,Express,Other,Rare,0.3638571428571428,Mid
219,28,Male,T-shirt,Clothing,45,California,S,Magenta,Spring,2.9,Yes,Store Pickup,Yes,8,Credit Card,Quarterly,Young Adult,90,New/Low,True,True,Other,Card,Occasional,0.19349999999999998,Low
220,32,Male,Belt,Accessories,88,Nevada,M,Cyan,Spring,3.0,Yes,Free Shipping,Yes,12,Cash,Fortnightly,Adult,14,Emerging,True,True,Standard,Cash,Frequent,0.4217142857142857,Mid
221,39,Male,Sneakers,Footwear,57,Arizona,S,Indigo,Spring,3.7,Yes,Express,Yes,48,Debit Card,Fortnightly,Adult,14,Heavy,True,True,Express,Card,Frequent,0.5766428571428571,High
222,28,Male,Hat,Accessories,68,North Carolina,XL,Magenta,Summer,4.4,Yes,Store Pickup,Yes,6,Bank Transfer,Quarterly,Young Adult,90,New/Low,True,True,Other,Other,Occasional,0.4191428571428572,Mid
223,47,Male,Gloves,Accessories,94,New York,XL,Gray,Spring,4.5,Yes,2-Day Shipping,Yes,14,PayPal,Fortnightly,Middle-aged,14,Emerging,True,True,Standard,Digital Wallet,Frequent,0.5965714285714286,VIP
224,20,Male,Pants,Clothing,41,Wyoming,M,Turquoise,Spring,4.8,Yes,Free Shipping,Yes,34,PayPal,Annually,Young Adult,365,Established,True,True,Standard,Digital Wallet,Rare,0.5136428571428572,High
225,63,Male,Socks,Clothing,83,South Dakota,S,Beige,Summer,2.9,Yes,Free Shipping,Yes,12,Cash,Every 3 Months,Senior,90,Emerging,True,True,Standard,Cash,Occasional,0.3902142857142857,Mid
226,25,Male,Jacket,Outerwear,22,Arkansas,M,Olive,Spring,3.2,Yes,Next Day Air,Yes,11,Bank Transfer,Annually,Young Adult,365,Emerging,True,True,Express,Other,Rare,0.13628571428571432,Low
227,29,Male,Shoes,Footwear,74,Texas,L,Violet,Spring,3.3,Yes,Free Shipping,Yes,5,PayPal,Monthly,Young Adult,30,New/Low,True,True,Standard,Digital Wallet,Frequent,0.3407142857142857,Low
228,50,Male,Jeans,Clothing,90,Rhode Island,M,Turquoise,Winter,4.2,Yes,Standard,Yes,25,Venmo,Fortnightly,Middle-aged,14,Emerging,True,True,Standard,Digital Wallet,Frequent,0.6222857142857143,VIP
229,18,Male,Socks,Clothing,79,New Hampshire,M,White,Spring,2.9,Yes,Store Pickup,Yes,11,Credit Card,Annually,Young Adult,365,Emerging,True,True,Other,Card,Rare,0.36578571428571427,Mid
230,70,Male,Sandals,Footwear,28,Ohio,S,Silver,Spring,4.6,Yes,Next Day Air,Yes,27,PayPal,Every 3 Months,Senior,90,Established,True,True,Express,Digital Wallet,Occasional,0.3921428571428572,Mid
231,66,Male,Scarf,Accessories,88,Utah,L,Olive,Fall,4.1,Yes,Standard,Yes,43,Credit Card,Annually,Senior,365,Heavy,True,True,Standard,Card,Rare,0.7200000000000001,VIP
232,28,Male,Blouse,Clothing,26,Tennessee,M,Blue,Spring,3.1,Yes,2-Day Shipping,Yes,18,Debit Card,Every 3 Months,Young Adult,90,Emerging,True,True,Standard,Card,Occasional,0.19028571428571428,Low
233,54,Male,Jewelry,Accessories,27,Hawaii,L,Purple,Winter,4.2,Yes,Express,Yes,32,Bank Transfer,Bi-Weekly,Middle-aged,14,Established,True,True,Express,Other,Frequent,0.38378571428571423,Mid
234,19,Male,Sweater,Clothing,83,Arizona,XL,Yellow,Fall,4.5,Yes,Next Day Air,Yes,27,Bank Transfer,Every 3 Months,Young Adult,90,Established,True,True,Express,Other,Occasional,0.6306428571428571,VIP
235,20,Male,Gloves,Accessories,39,South Dakota,S,Silver,Summer,3.7,Yes,Next Day Air,Yes,24,Credit Card,Weekly,Young Adult,7,Emerging,True,True,Express,Card,Very Frequent,0.3413571428571429,Low
236,43,Male,Sunglasses,Accessories,89,New Jersey,M,Cyan,Winter,3.7,Yes,Free Shipping,Yes,31,Debit Card,Quarterly,Adult,90,Established,True,True,Standard,Card,Occasional,0.6113571428571428,VIP
237,38,Male,Coat,Outerwear,68,North Dakota,L,Green,Winter,3.4,Yes,Next Day Air,Yes,39,PayPal,Fortnightly,Adult,14,Established,True,True,Express,Digital Wallet,Frequent,0.5412857142857141,High
238,50,Male,Dress,Clothing,90,Iowa,M,Beige,Summer,3.0,Yes,Store Pickup,Yes,36,Debit Card,Fortnightly,Middle-aged,14,Established,True,True,Other,Card,Frequent,0.5850000000000002,High
239,64,Male,Skirt,Clothing,34,Ohio,M,Peach,Fall,4.2,Yes,Free Shipping,Yes,5,Cash,Annually,Senior,365,New/Low,True,True,Standard,Cash,Rare,0.24171428571428571,Low
240,49,Male,Pants,Clothing,51,Vermont,L,Yellow,Summer,2.9,Yes,Express,Yes,47,Credit Card,Bi-Weekly,Middle-aged,14,Heavy,True,True,Express,Card,Frequent,0.47121428571428575,Mid
241,47,Male,Sweater,Clothing,45,Montana,XL,Turquoise,Winter,3.5,Yes,Free Shipping,Yes,29,Bank Transfer,Fortnightly,Middle-aged,14,Established,True,True,Standard,Other,Frequent,0.38249999999999995,Mid
242,36,Male,Hoodie,Clothing,88,Delaware,M,Peach,Winter,4.1,Yes,Free Shipping,Yes,43,Venmo,Bi-Weekly,Adult,14,Heavy,True,True,Standard,Digital Wallet,Frequent,0.7200000000000001,VIP
243,55,Male,Coat,Outerwear,85,New York,L,Gray,Summer,4.3,Yes,Store Pickup,Yes,40,Debit Card,Every 3 Months,Middle-aged,90,Established,True,True,Other,Card,Occasional,0.7052142857142858,VIP
244,25,Male,Jewelry,Accessories,100,Kentucky,M,Olive,Winter,2.8,Yes,2-Day Shipping,Yes,4,Debit Card,Monthly,Young Adult,30,New/Low,True,True,Standard,Card,Frequent,0.40628571428571425,Mid
245,53,Male,Belt,Accessories,42,Oregon,S,Indigo,Spring,4.9,Yes,2-Day Shipping,Yes,39,PayPal,Weekly,Middle-aged,7,Established,True,True,Standard,Digital Wallet,Very Frequent,0.5592857142857143,High
246,49,Male,Sandals,Footwear,53,Rhode Island,L,Charcoal,Summer,3.3,Yes,Next Day Air,Yes,45,Venmo,Fortnightly,Middle-aged,14,Heavy,True,True,Express,Digital Wallet,Frequent,0.5033571428571428,High
247,35,Male,Sunglasses,Accessories,86,Nevada,XL,Beige,Spring,3.2,Yes,Express,Yes,20,Venmo,Bi-Weekly,Adult,14,Emerging,True,True,Express,Digital Wallet,Frequent,0.48214285714285726,High
248,29,Male,Sweater,Clothing,66,Montana,XL,Brown,Spring,4.4,Yes,Standard,Yes,14,Debit Card,Weekly,Young Adult,7,Emerging,True,True,Standard,Card,Very Frequent,0.46157142857142863,Mid
249,47,Male,Belt,Accessories,100,Pennsylvania,M,Blue,Winter,4.8,Yes,Express,Yes,33,PayPal,Weekly,Middle-aged,7,Established,True,True,Express,Digital Wallet,Very Frequent,0.7727142857142857,VIP
250,53,Male,Handbag,Accessories,47,Alaska,S,Teal,Fall,4.2,Yes,Standard,Yes,18,Credit Card,Annually,Middle-aged,365,Emerging,True,True,Standard,Card,Rare,0.38378571428571434,Mid
251,33,Male,Skirt,Clothing,25,Mississippi,L,Black,Fall,4.0,Yes,Express,Yes,9,Bank Transfer,Weekly,Adult,7,New/Low,True,True,Express,Other,Very Frequent,0.2089285714285714,Low
252,21,Male,Handbag,Accessories,51,Wyoming,XL,Gold,Winter,2.5,Yes,Standard,Yes,34,PayPal,Annually,Young Adult,365,Established,True,True,Standard,Digital Wallet,Rare,0.35164285714285715,Low
253,32,Male,Shorts,Clothing,41,Delaware,M,Violet,Summer,3.9,Yes,Free Shipping,Yes,33,Venmo,Fortnightly,Adult,14,Established,True,True,Standard,Digital Wallet,Frequent,0.4262142857142857,Mid
254,52,Male,Boots,Footwear,73,Oklahoma,L,Cyan,Winter,4.9,Yes,2-Day Shipping,Yes,15,Bank Transfer,Bi-Weekly,Middle-aged,14,Emerging,True,True,Standard,Other,Frequent,0.5445,High
255,67,Male,Sunglasses,Accessories,42,Indiana,M,White,Winter,3.5,Yes,Store Pickup,Yes,4,PayPal,Bi-Weekly,Senior,14,New/Low,True,True,Other,Digital Wallet,Frequent,0.20828571428571432,Low
256,43,Male,Scarf,Accessories,20,Maryland,M,Charcoal,Spring,4.2,Yes,Free Shipping,Yes,25,Debit Card,Annually,Adult,365,Emerging,True,True,Standard,Card,Rare,0.3072857142857143,Low
257,58,Male,Jewelry,Accessories,30,South Dakota,XL,Violet,Spring,4.7,Yes,Express,Yes,20,Credit Card,Every 3 Months,Senior,90,Emerging,True,True,Express,Card,Occasional,0.36514285714285716,Mid
258,20,Male,Handbag,Accessories,53,West Virginia,M,Red,Summer,4.5,Yes,Express,Yes,5,Credit Card,Quarterly,Young Adult,90,New/Low,True,True,Express,Card,Occasional,0.3542142857142857,Low
259,61,Male,Gloves,Accessories,74,Alabama,S,Lavender,Spring,2.8,Yes,Express,Yes,16,Cash,Quarterly,Senior,90,Emerging,True,True,Express,Cash,Occasional,0.36642857142857144,Mid
260,32,Male,Jeans,Clothing,57,Louisiana,M,Gold,Fall,2.9,Yes,Standard,Yes,13,Debit Card,Annually,Adult,365,Emerging,True,True,Standard,Card,Rare,0.27964285714285714,Low
261,38,Male,Hat,Accessories,57,Montana,S,Red,Winter,3.2,Yes,2-Day Shipping,Yes,11,Credit Card,Every 3 Months,Adult,90,Emerging,True,True,Standard,Card,Occasional,0.2937857142857143,Low
262,21,Male,Jeans,Clothing,77,California,L,Magenta,Winter,4.9,Yes,Standard,Yes,21,Credit Card,Annually,Young Adult,365,Emerging,True,True,Standard,Card,Rare,0.6010714285714287,VIP
263,37,Male,Pants,Clothing,40,Hawaii,M,Teal,Summer,3.7,Yes,Next Day Air,Yes,6,Debit Card,Annually,Adult,365,New/Low,True,True,Express,Card,Rare,0.2301428571428572,Low
264,27,Male,Shorts,Clothing,46,Iowa,M,Purple,Summer,4.3,Yes,Store Pickup,Yes,29,Venmo,Monthly,Young Adult,30,Established,True,True,Other,Digital Wallet,Frequent,0.459,Mid
265,36,Male,Pants,Clothing,78,Colorado,S,Charcoal,Fall,3.9,Yes,Store Pickup,Yes,15,Cash,Annually,Adult,365,Emerging,True,True,Other,Cash,Rare,0.4769999999999999,High
266,32,Male,Backpack,Accessories,59,Michigan,M,Gray,Spring,3.2,Yes,2-Day Shipping,Yes,17,Bank Transfer,Bi-Weekly,Adult,14,Emerging,True,True,Standard,Other,Frequent,0.34135714285714286,Low
267,51,Male,Jewelry,Accessories,75,Louisiana,L,White,Summer,3.1,Yes,Express,Yes,32,Credit Card,Weekly,Middle-aged,7,Established,True,True,Express,Card,Very Frequent,0.5007857142857144,High
268,64,Male,Sweater,Clothing,54,Maryland,M,Olive,Spring,3.9,Yes,2-Day Shipping,Yes,42,Venmo,Annually,Senior,365,Heavy,True,True,Standard,Digital Wallet,Rare,0.5425714285714286,High
269,68,Male,Shoes,Footwear,42,Georgia,M,Charcoal,Spring,2.6,Yes,Store Pickup,Yes,21,Cash,Monthly,Senior,30,Emerging,True,True,Other,Cash,Frequent,0.23657142857142863,Low
270,68,Male,Blouse,Clothing,44,Georgia,M,Charcoal,Winter,3.3,Yes,Next Day Air,Yes,9,Cash,Bi-Weekly,Senior,14,New/Low,True,True,Express,Cash,Frequent,0.2314285714285714,Low
271,33,Male,Jeans,Clothing,52,North Dakota,XL,Orange,Fall,4.6,Yes,Free Shipping,Yes,16,Bank Transfer,Annually,Adult,365,Emerging,True,True,Standard,Other,Rare,0.42942857142857144,Mid
272,65,Male,Sunglasses,Accessories,69,Maryland,XL,Yellow,Summer,4.6,Yes,Express,Yes,42,Credit Card,Fortnightly,Senior,14,Heavy,True,True,Express,Card,Frequent,0.6730714285714287,VIP
273,48,Male,Jewelry,Accessories,26,Oregon,M,Beige,Summer,4.4,Yes,2-Day Shipping,Yes,37,Debit Card,Bi-Weekly,Middle-aged,14,Established,True,True,Standard,Card,Frequent,0.4294285714285715,Mid
274,69,Male,Coat,Outerwear,33,North Dakota,S,Silver,Spring,4.2,Yes,Express,Yes,32,Debit Card,Quarterly,Senior,90,Established,True,True,Express,Card,Occasional,0.41078571428571425,Mid
275,59,Male,Jewelry,Accessories,32,Maryland,M,Indigo,Spring,3.0,Yes,Express,Yes,28,Cash,Bi-Weekly,Senior,14,Established,True,True,Express,Cash,Frequent,0.2725714285714286,Low
276,48,Male,Backpack,Accessories,85,Virginia,XL,Lavender,Winter,4.0,Yes,Express,Yes,13,Credit Card,Weekly,Middle-aged,7,Emerging,True,True,Express,Card,Very Frequent,0.5046428571428572,High
277,25,Male,Skirt,Clothing,30,South Dakota,XL,Turquoise,Fall,3.5,Yes,Express,Yes,11,Bank Transfer,Fortnightly,Young Adult,14,Emerging,True,True,Express,Other,Frequent,0.1992857142857143,Low
278,29,Male,Shirt,Clothing,29,Georgia,M,Green,Winter,3.0,Yes,Store Pickup,Yes,36,Bank Transfer,Bi-Weekly,Young Adult,14,Established,True,True,Other,Other,Frequent,0.3105,Low
279,57,Male,Sweater,Clothing,95,Hawaii,M,Orange,Spring,3.7,Yes,Express,Yes,23,Debit Card,Annually,Middle-aged,365,Emerging,True,True,Express,Card,Rare,0.5869285714285715,High
280,23,Male,Sneakers,Footwear,69,Arkansas,L,Turquoise,Summer,4.0,Yes,Standard,Yes,37,Bank Transfer,Monthly,Young Adult,30,Established,True,True,Standard,Other,Frequent,0.5869285714285715,High
281,45,Male,Sandals,Footwear,69,Montana,S,Cyan,Fall,4.2,Yes,2-Day Shipping,Yes,21,Cash,Bi-Weekly,Middle-aged,14,Emerging,True,True,Standard,Cash,Frequent,0.5020714285714286,High
282,38,Male,Belt,Accessories,61,Oklahoma,XL,Charcoal,Spring,2.5,Yes,Standard,Yes,22,Debit Card,Bi-Weekly,Adult,14,Emerging,True,True,Standard,Card,Frequent,0.3195,Low
283,21,Male,Skirt,Clothing,94,Minnesota,M,Teal,Summer,3.0,Yes,2-Day Shipping,Yes,9,Cash,Monthly,Young Adult,30,New/Low,True,True,Standard,Cash,Frequent,0.42942857142857144,Mid
284,32,Male,Sweater,Clothing,30,Montana,S,Maroon,Fall,3.2,Yes,Next Day Air,Yes,16,Venmo,Annually,Adult,365,Emerging,True,True,Express,Digital Wallet,Rare,0.20442857142857143,Low
285,63,Male,Skirt,Clothing,45,Ohio,M,Red,Summer,3.5,Yes,Standard,Yes,4,PayPal,Quarterly,Senior,90,New/Low,True,True,Standard,Digital Wallet,Occasional,0.2217857142857143,Low
286,29,Male,Handbag,Accessories,39,Kentucky,XL,Yellow,Summer,4.8,Yes,Express,Yes,3,Debit Card,Bi-Weekly,Young Adult,14,New/Low,True,True,Express,Card,Frequent,0.3053571428571429,Low
287,27,Male,Jewelry,Accessories,51,Nebraska,L,Gray,Summer,2.6,Yes,Store Pickup,Yes,6,Debit Card,Annually,Young Adult,365,New/Low,True,True,Other,Card,Rare,0.18064285714285716,Low
288,56,Male,Scarf,Accessories,37,Delaware,L,Blue,Spring,3.4,Yes,2-Day Shipping,Yes,18,Venmo,Fortnightly,Middle-aged,14,Emerging,True,True,Standard,Digital Wallet,Frequent,0.26678571428571424,Low
289,30,Male,T-shirt,Clothing,62,North Carolina,M,Lavender,Winter,3.7,Yes,2-Day Shipping,Yes,34,Venmo,Bi-Weekly,Young Adult,14,Established,True,True,Standard,Digital Wallet,Frequent,0.5091428571428571,High
290,49,Male,Coat,Outerwear,85,New York,M,Yellow,Fall,4.5,Yes,2-Day Shipping,Yes,26,Credit Card,Monthly,Middle-aged,30,Established,True,True,Standard,Card,Frequent,0.6332142857142857,VIP
291,58,Male,T-shirt,Clothing,33,Colorado,M,Indigo,Winter,3.7,Yes,Standard,Yes,50,PayPal,Weekly,Senior,7,Heavy,True,True,Standard,Digital Wallet,Very Frequent,0.48150000000000004,High
292,57,Male,Dress,Clothing,26,Delaware,XL,Violet,Fall,3.3,Yes,Next Day Air,Yes,40,Bank Transfer,Monthly,Middle-aged,30,Established,True,True,Express,Other,Frequent,0.34971428571428564,Low
293,60,Male,Shoes,Footwear,99,Utah,M,Green,Spring,4.7,Yes,Free Shipping,Yes,24,Cash,Quarterly,Senior,90,Emerging,True,True,Standard,Cash,Occasional,0.7013571428571429,VIP
294,69,Male,Handbag,Accessories,39,Connecticut,M,White,Spring,2.7,Yes,Express,Yes,33,PayPal,Annually,Senior,365,Established,True,True,Express,Digital Wallet,Rare,0.30921428571428566,Low
295,70,Male,Skirt,Clothing,20,New Jersey,M,Gold,Spring,4.6,Yes,Store Pickup,Yes,19,Credit Card,Every 3 Months,Senior,90,Emerging,True,True,Other,Card,Occasional,0.30471428571428566,Low
296,53,Male,Sunglasses,Accessories,42,West Virginia,M,Indigo,Winter,2.7,Yes,Store Pickup,Yes,24,Credit Card,Quarterly,Middle-aged,90,Emerging,True,True,Other,Card,Occasional,0.2648571428571429,Low
297,25,Male,Sandals,Footwear,74,Indiana,S,Lavender,Spring,4.8,Yes,2-Day Shipping,Yes,19,Credit Card,Weekly,Young Adult,7,Emerging,True,True,Standard,Card,Very Frequent,0.5657142857142857,High
298,48,Male,Shoes,Footwear,26,Delaware,XL,Purple,Summer,4.4,Yes,Standard,Yes,4,Credit Card,Bi-Weekly,Middle-aged,14,New/Low,True,True,Standard,Card,Frequent,0.2172857142857143,Low
299,69,Male,T-shirt,Clothing,53,Maryland,M,Lavender,Winter,4.0,Yes,Standard,Yes,11,Venmo,Every 3 Months,Senior,90,Emerging,True,True,Standard,Digital Wallet,Occasional,0.3477857142857143,Low
300,25,Male,Sneakers,Footwear,80,Pennsylvania,M,Maroon,Summer,3.2,Yes,Next Day Air,Yes,28,PayPal,Fortnightly,Young Adult,14,Established,True,True,Express,Digital Wallet,Frequent,0.5065714285714287,High
301,29,Male,Hat,Accessories,98,Iowa,M,Teal,Spring,4.4,Yes,Store Pickup,Yes,24,PayPal,Weekly,Young Adult,7,Emerging,True,True,Other,Digital Wallet,Very Frequent,0.6698571428571429,VIP
302,46,Male,Skirt,Clothing,95,Pennsylvania,M,Green,Spring,3.8,Yes,Standard,Yes,25,Credit Card,Every 3 Months,Middle-aged,90,Emerging,True,True,Standard,Card,Occasional,0.6087857142857143,VIP
303,37,Male,Sweater,Clothing,44,Delaware,L,Olive,Summer,3.6,Yes,Express,Yes,27,Bank Transfer,Every 3 Months,Adult,90,Established,True,True,Express,Other,Occasional,0.37414285714285717,Mid
304,20,Male,Sandals,Footwear,60,Oregon,M,Turquoise,Summer,3.3,Yes,Next Day Air,Yes,49,Venmo,Weekly,Young Adult,7,Heavy,True,True,Express,Digital Wallet,Very Frequent,0.5605714285714285,High
305,40,Male,Dress,Clothing,84,Oregon,M,Green,Winter,3.4,Yes,Next Day Air,Yes,45,Credit Card,Bi-Weekly,Adult,14,Heavy,True,True,Express,Card,Frequent,0.6518571428571429,VIP
306,60,Male,Sweater,Clothing,59,Utah,M,Teal,Fall,3.5,Yes,2-Day Shipping,Yes,26,PayPal,Annually,Senior,365,Established,True,True,Standard,Digital Wallet,Rare,0.4262142857142857,Mid
307,26,Male,Jacket,Outerwear,49,North Dakota,S,White,Summer,3.6,Yes,Express,Yes,4,Cash,Annually,Young Adult,365,New/Low,True,True,Express,Cash,Rare,0.24878571428571433,Low
308,29,Male,Gloves,Accessories,32,Florida,M,Orange,Winter,3.2,Yes,Free Shipping,Yes,3,Credit Card,Every 3 Months,Young Adult,90,New/Low,True,True,Standard,Card,Occasional,0.12985714285714287,Low
309,66,Male,Handbag,Accessories,29,Maryland,M,Beige,Fall,3.7,Yes,Standard,Yes,45,Venmo,Bi-Weekly,Senior,14,Heavy,True,True,Standard,Digital Wallet,Frequent,0.4313571428571429,Mid
310,66,Male,Dress,Clothing,22,Minnesota,M,Yellow,Spring,4.5,Yes,Standard,Yes,21,Cash,Fortnightly,Senior,14,Emerging,True,True,Standard,Cash,Frequent,0.3175714285714286,Low
311,56,Male,Pants,Clothing,85,Montana,M,Charcoal,Winter,4.6,Yes,Standard,Yes,50,Cash,Fortnightly,Middle-aged,14,Heavy,True,True,Standard,Cash,Frequent,0.7965,VIP
312,69,Male,Jeans,Clothing,52,Rhode Island,L,Silver,Winter,4.1,Yes,Store Pickup,Yes,19,Bank Transfer,Monthly,Senior,30,Emerging,True,True,Other,Other,Frequent,0.4037142857142857,Mid
313,38,Male,Pants,Clothing,89,Massachusetts,L,Green,Spring,3.4,Yes,Next Day Air,Yes,6,PayPal,Annually,Adult,365,New/Low,True,True,Express,Digital Wallet,Rare,0.4236428571428572,Mid
314,42,Male,Dress,Clothing,77,Vermont,M,Pink,Spring,3.7,Yes,Express,Yes,50,Credit Card,Every 3 Months,Adult,90,Heavy,True,True,Express,Card,Occasional,0.6795,VIP
315,30,Male,Pants,Clothing,24,New Jersey,M,Purple,Summer,3.3,Yes,Store Pickup,Yes,17,Debit Card,Every 3 Months,Young Adult,90,Emerging,True,True,Other,Card,Occasional,0.19285714285714284,Low
316,66,Male,Jewelry,Accessories,24,Wisconsin,XL,Orange,Spring,4.5,Yes,Express,Yes,24,Debit Card,Annually,Senior,365,Emerging,True,True,Express,Card,Rare,0.34585714285714286,Low
317,36,Male,Handbag,Accessories,22,California,M,Charcoal,Fall,3.3,Yes,Free Shipping,Yes,46,Venmo,Monthly,Adult,30,Heavy,True,True,Standard,Digital Wallet,Frequent,0.3702857142857142,Mid
318,58,Male,Sweater,Clothing,82,West Virginia,L,Teal,Fall,4.3,Yes,Standard,Yes,42,Cash,Every 3 Months,Senior,90,Heavy,True,True,Standard,Cash,Occasional,0.7045714285714286,VIP
319,45,Male,Backpack,Accessories,67,South Dakota,M,Beige,Winter,2.5,Yes,Standard,Yes,10,Cash,Annually,Middle-aged,365,New/Low,True,True,Standard,Cash,Rare,0.26935714285714285,Low
320,47,Male,Shorts,Clothing,74,Maine,XL,White,Spring,2.6,Yes,Standard,Yes,1,Cash,Every 3 Months,Middle-aged,90,New/Low,True,True,Standard,Cash,Occasional,0.25200000000000006,Low
321,66,Male,Jewelry,Accessories,72,Kansas,L,White,Summer,4.9,Yes,Standard,Yes,28,Debit Card,Quarterly,Senior,90,Established,True,True,Standard,Card,Occasional,0.6235714285714286,VIP
322,41,Male,Sneakers,Footwear,36,Vermont,L,Orange,Summer,4.7,Yes,Free Shipping,Yes,48,Debit Card,Quarterly,Adult,90,Heavy,True,True,Standard,Card,Occasional,0.5721428571428572,High
323,41,Male,Belt,Accessories,95,Tennessee,S,Cyan,Winter,3.0,Yes,Standard,Yes,47,Credit Card,Monthly,Adult,30,Heavy,True,True,Standard,Card,Frequent,0.6782142857142858,VIP
324,66,Male,Hoodie,Clothing,78,Tennessee,M,Orange,Winter,3.5,Yes,Next Day Air,Yes,29,PayPal,Bi-Weekly,Senior,14,Established,True,True,Express,Digital Wallet,Frequent,0.531,High
325,37,Male,Shirt,Clothing,82,Wyoming,M,Olive,Summer,4.8,Yes,Standard,Yes,37,Venmo,Quarterly,Adult,90,Established,True,True,Standard,Digital Wallet,Occasional,0.7174285714285714,VIP
326,70,Male,Pants,Clothing,70,Vermont,M,Charcoal,Winter,4.3,Yes,Free Shipping,Yes,38,Debit Card,Annually,Senior,365,Established,True,True,Standard,Card,Rare,0.6248571428571428,VIP
327,62,Male,Scarf,Accessories,41,New Jersey,M,White,Fall,3.2,Yes,Store Pickup,Yes,48,Bank Transfer,Weekly,Senior,7,Heavy,True,True,Other,Other,Very Frequent,0.45964285714285724,Mid
328,61,Male,Coat,Outerwear,42,Iowa,M,Teal,Summer,3.1,Yes,Free Shipping,Yes,36,PayPal,Weekly,Senior,7,Established,True,True,Standard,Digital Wallet,Very Frequent,0.378,Mid
329,48,Male,Coat,Outerwear,50,Florida,M,Yellow,Fall,2.8,Yes,Free Shipping,Yes,9,Credit Card,Weekly,Middle-aged,7,New/Low,True,True,Standard,Card,Very Frequent,0.2134285714285714,Low
330,70,Male,Socks,Clothing,31,Nevada,S,White,Summer,2.9,Yes,2-Day Shipping,Yes,34,Bank Transfer,Monthly,Senior,30,Established,True,True,Standard,Other,Frequent,0.2976428571428571,Low
331,46,Male,Sweater,Clothing,51,North Dakota,M,Beige,Winter,3.7,Yes,Express,Yes,43,Venmo,Bi-Weekly,Middle-aged,14,Heavy,True,True,Express,Digital Wallet,Frequent,0.5175000000000001,High
332,31,Male,Shirt,Clothing,98,Florida,L,Beige,Fall,3.3,Yes,Store Pickup,Yes,46,PayPal,Quarterly,Young Adult,90,Heavy,True,True,Other,Digital Wallet,Occasional,0.7122857142857143,VIP
333,19,Male,Shirt,Clothing,86,New York,M,Maroon,Winter,2.8,Yes,2-Day Shipping,Yes,5,Credit Card,Monthly,Young Adult,30,New/Low,True,True,Standard,Card,Frequent,0.3497142857142857,Low
334,39,Male,Sweater,Clothing,64,Alaska,M,Teal,Winter,4.5,Yes,Standard,Yes,15,Bank Transfer,Bi-Weekly,Adult,14,Emerging,True,True,Standard,Other,Frequent,0.468,Mid
335,41,Male,Blouse,Clothing,46,Kansas,M,Lavender,Fall,2.6,Yes,Next Day Air,Yes,30,Credit Card,Annually,Adult,365,Established,True,True,Express,Card,Rare,0.31242857142857144,Low
336,20,Male,Sweater,Clothing,85,Oregon,L,Maroon,Spring,3.7,Yes,Standard,Yes,44,Venmo,Every 3 Months,Young Adult,90,Heavy,True,True,Standard,Digital Wallet,Occasional,0.6769285714285714,VIP
337,36,Male,Hat,Accessories,81,Rhode Island,S,Orange,Fall,4.4,Yes,Express,Yes,16,PayPal,Annually,Adult,365,Emerging,True,True,Express,Digital Wallet,Rare,0.5419285714285715,High
338,32,Male,Sweater,Clothing,59,New Mexico,M,Cyan,Winter,4.3,Yes,2-Day Shipping,Yes,16,Bank Transfer,Annually,Adult,365,Emerging,True,True,Standard,Other,Rare,0.43392857142857144,Mid
339,69,Male,Hoodie,Clothing,79,Massachusetts,M,Silver,Winter,3.5,Yes,Express,Yes,16,Cash,Weekly,Senior,7,Emerging,True,True,Express,Cash,Very Frequent,0.4519285714285715,Mid
340,40,Male,Shorts,Clothing,33,Pennsylvania,M,Teal,Spring,3.8,Yes,2-Day Shipping,Yes,21,Credit Card,Every 3 Months,Adult,90,Emerging,True,True,Standard,Card,Occasional,0.3040714285714286,Low
341,40,Male,Shorts,Clothing,47,New Jersey,L,Blue,Summer,3.5,Yes,Express,Yes,39,Venmo,Every 3 Months,Adult,90,Established,True,True,Express,Digital Wallet,Occasional,0.4557857142857143,Mid
342,20,Male,Hat,Accessories,20,Utah,S,Blue,Summer,4.6,Yes,Store Pickup,Yes,40,Debit Card,Bi-Weekly,Young Adult,14,Established,True,True,Other,Card,Frequent,0.43971428571428567,Mid
343,64,Male,Coat,Outerwear,36,Kentucky,M,Olive,Spring,2.6,Yes,Next Day Air,Yes,48,Credit Card,Every 3 Months,Senior,90,Heavy,True,True,Express,Card,Occasional,0.3831428571428572,Mid
344,27,Male,Sandals,Footwear,39,Nebraska,M,Purple,Summer,4.4,Yes,Next Day Air,Yes,26,Venmo,Monthly,Young Adult,30,Established,True,True,Express,Digital Wallet,Frequent,0.41721428571428576,Mid
345,24,Male,Skirt,Clothing,71,Virginia,M,Charcoal,Winter,4.0,Yes,Standard,Yes,46,Debit Card,Monthly,Young Adult,30,Heavy,True,True,Standard,Card,Frequent,0.6537857142857143,VIP
346,48,Male,Shoes,Footwear,59,Wyoming,S,Olive,Winter,4.4,Yes,Next Day Air,Yes,27,Bank Transfer,Annually,Middle-aged,365,Established,True,True,Express,Other,Rare,0.5136428571428572,High
347,49,Male,Jeans,Clothing,50,New Mexico,L,Violet,Spring,4.7,Yes,Next Day Air,Yes,5,Cash,Weekly,Middle-aged,7,New/Low,True,True,Express,Cash,Very Frequent,0.35871428571428576,Mid
348,36,Male,Sandals,Footwear,41,Oregon,L,Red,Fall,3.9,Yes,Store Pickup,Yes,43,PayPal,Fortnightly,Adult,14,Heavy,True,True,Other,Digital Wallet,Frequent,0.49050000000000005,High
349,56,Male,Blouse,Clothing,59,South Carolina,M,Beige,Fall,2.7,Yes,Free Shipping,Yes,17,PayPal,Fortnightly,Middle-aged,14,Emerging,True,True,Standard,Digital Wallet,Frequent,0.2963571428571429,Low
350,37,Male,Hat,Accessories,87,Arizona,M,Green,Winter,3.7,Yes,2-Day Shipping,Yes,3,Bank Transfer,Bi-Weekly,Adult,14,New/Low,True,True,Standard,Other,Frequent,0.4223571428571429,Mid
351,42,Male,Sweater,Clothing,68,Kentucky,M,Violet,Spring,2.6,Yes,2-Day Shipping,Yes,47,Bank Transfer,Fortnightly,Adult,14,Heavy,True,True,Standard,Other,Frequent,0.5207142857142857,High
352,28,Male,Skirt,Clothing,90,New York,M,Teal,Winter,3.9,Yes,Standard,Yes,24,Debit Card,Bi-Weekly,Young Adult,14,Emerging,True,True,Standard,Card,Frequent,0.588857142857143,High
353,27,Male,Jeans,Clothing,71,Texas,XL,Yellow,Fall,4.9,Yes,Next Day Air,Yes,12,Cash,Every 3 Months,Young Adult,90,Emerging,True,True,Express,Cash,Occasional,0.5162142857142857,High
354,63,Male,Sneakers,Footwear,64,Missouri,L,Yellow,Fall,4.1,Yes,Store Pickup,Yes,35,Debit Card,Monthly,Senior,30,Established,True,True,Other,Card,Frequent,0.5605714285714285,High
355,58,Male,Jewelry,Accessories,76,Pennsylvania,S,Olive,Fall,3.0,Yes,Free Shipping,Yes,42,Venmo,Weekly,Senior,7,Heavy,True,True,Standard,Digital Wallet,Very Frequent,0.5605714285714286,High
356,37,Male,Jewelry,Accessories,42,Oregon,XL,Magenta,Fall,4.1,Yes,2-Day Shipping,Yes,1,PayPal,Every 3 Months,Adult,90,New/Low,True,True,Standard,Digital Wallet,Occasional,0.24300000000000002,Low
357,56,Male,Pants,Clothing,80,Nevada,L,Black,Spring,3.7,Yes,Standard,Yes,27,Cash,Weekly,Middle-aged,7,Established,True,True,Standard,Cash,Very Frequent,0.5451428571428572,High
358,18,Male,Belt,Accessories,56,Arkansas,M,Olive,Spring,4.0,Yes,Standard,Yes,16,Credit Card,Bi-Weekly,Young Adult,14,Emerging,True,True,Standard,Card,Frequent,0.39342857142857146,Mid
359,48,Male,Hat,Accessories,25,Minnesota,XL,Magenta,Summer,3.6,Yes,Express,Yes,36,Credit Card,Every 3 Months,Middle-aged,90,Established,True,True,Express,Card,Occasional,0.34650000000000003,Low
360,31,Male,Sneakers,Footwear,74,Georgia,M,Olive,Winter,3.0,Yes,Store Pickup,Yes,30,Credit Card,Every 3 Months,Young Adult,90,Established,True,True,Other,Card,Occasional,0.4744285714285714,High
361,51,Male,Pants,Clothing,30,Rhode Island,M,Teal,Summer,3.0,Yes,Standard,Yes,18,Debit Card,Fortnightly,Middle-aged,14,Emerging,True,True,Standard,Card,Frequent,0.1992857142857143,Low
362,65,Male,T-shirt,Clothing,96,Nevada,M,White,Spring,2.6,Yes,Free Shipping,Yes,45,Cash,Annually,Senior,365,Heavy,True,True,Standard,Cash,Rare,0.6338571428571429,VIP
363,53,Male,Sneakers,Footwear,64,Texas,M,Charcoal,Fall,3.4,Yes,Free Shipping,Yes,1,Venmo,Fortnightly,Middle-aged,14,New/Low,True,True,Standard,Digital Wallet,Frequent,0.2790000000000001,Low
364,55,Male,Shorts,Clothing,88,Florida,L,Yellow,Winter,3.1,Yes,Free Shipping,Yes,42,Bank Transfer,Fortnightly,Middle-aged,14,Heavy,True,True,Standard,Other,Frequent,0.6235714285714287,VIP
365,62,Male,Shoes,Footwear,88,North Dakota,L,Charcoal,Summer,3.0,Yes,Free Shipping,Yes,7,Venmo,Every 3 Months,Senior,90,New/Low,True,True,Standard,Digital Wallet,Occasional,0.3895714285714286,Mid
366,55,Male,Gloves,Accessories,88,West Virginia,XL,Gray,Summer,3.7,Yes,Standard,Yes,50,PayPal,Quarterly,Middle-aged,90,Heavy,True,True,Standard,Digital Wallet,Occasional,0.729,VIP
367,64,Male,Socks,Clothing,36,Nebraska,M,Turquoise,Spring,3.5,Yes,Store Pickup,Yes,37,Venmo,Fortnightly,Senior,14,Established,True,True,Other,Digital Wallet,Frequent,0.39342857142857146,Mid
368,52,Male,Dress,Clothing,40,Tennessee,XL,Cyan,Spring,2.8,Yes,Store Pickup,Yes,18,Bank Transfer,Monthly,Middle-aged,30,Emerging,True,True,Other,Other,Frequent,0.22628571428571426,Low
369,24,Male,Handbag,Accessories,39,Oklahoma,M,Charcoal,Spring,4.5,Yes,Standard,Yes,29,Cash,Monthly,Young Adult,30,Established,True,True,Standard,Cash,Frequent,0.4455,Mid
370,38,Male,Belt,Accessories,40,Wisconsin,M,Silver,Summer,3.3,Yes,Store Pickup,Yes,45,PayPal,Quarterly,Adult,90,Heavy,True,True,Other,Digital Wallet,Occasional,0.4448571428571428,Mid
371,59,Male,Scarf,Accessories,34,Oregon,M,Olive,Winter,3.4,Yes,Express,Yes,13,PayPal,Weekly,Senior,7,Emerging,True,True,Express,Digital Wallet,Very Frequent,0.2211428571428571,Low
372,27,Male,Sneakers,Footwear,83,North Carolina,S,Pink,Winter,3.2,Yes,2-Day Shipping,Yes,47,PayPal,Monthly,Young Adult,30,Heavy,True,True,Standard,Digital Wallet,Frequent,0.6422142857142857,VIP
373,24,Male,Sweater,Clothing,85,Pennsylvania,L,Orange,Summer,3.7,Yes,Standard,Yes,7,Debit Card,Weekly,Young Adult,7,New/Low,True,True,Standard,Card,Very Frequent,0.4390714285714286,Mid
374,23,Male,Coat,Outerwear,27,North Dakota,L,White,Summer,4.6,Yes,Express,Yes,11,Venmo,Bi-Weekly,Young Adult,14,Emerging,True,True,Express,Digital Wallet,Frequent,0.28478571428571425,Low
375,69,Male,Jewelry,Accessories,78,Ohio,S,Purple,Spring,5.0,Yes,Store Pickup,Yes,39,Bank Transfer,Monthly,Senior,30,Established,True,True,Other,Other,Frequent,0.7302857142857143,VIP
376,59,Male,Sunglasses,Accessories,32,Oklahoma,M,Olive,Summer,4.4,Yes,Standard,Yes,6,Debit Card,Quarterly,Senior,90,New/Low,True,True,Standard,Card,Occasional,0.2571428571428572,Low
377,51,Male,Shoes,Footwear,51,South Carolina,S,Gray,Fall,4.9,Yes,Express,Yes,2,Venmo,Bi-Weekly,Middle-aged,14,New/Low,True,True,Express,Digital Wallet,Frequent,0.36192857142857154,Mid
378,63,Male,Scarf,Accessories,32,Maine,M,Silver,Spring,4.1,Yes,Standard,Yes,39,Credit Card,Every 3 Months,Senior,90,Established,True,True,Standard,Card,Occasional,0.4422857142857142,Mid
379,54,Male,Dress,Clothing,62,Nevada,L,Orange,Winter,4.9,Yes,Next Day Air,Yes,23,Credit Card,Monthly,Middle-aged,30,Emerging,True,True,Express,Card,Frequent,0.5464285714285715,High
380,32,Male,T-shirt,Clothing,29,Montana,S,Magenta,Fall,4.7,Yes,2-Day Shipping,Yes,46,Debit Card,Bi-Weekly,Adult,14,Heavy,True,True,Standard,Card,Frequent,0.5277857142857143,High
381,39,Male,Backpack,Accessories,69,New Hampshire,XL,Beige,Fall,3.0,Yes,Store Pickup,Yes,19,Bank Transfer,Weekly,Adult,7,Emerging,True,True,Other,Other,Very Frequent,0.38121428571428567,Mid
382,66,Male,Jewelry,Accessories,25,Maine,L,Lavender,Winter,3.4,Yes,Store Pickup,Yes,3,Credit Card,Every 3 Months,Senior,90,New/Low,True,True,Other,Card,Occasional,0.11635714285714285,Low
383,28,Male,Jeans,Clothing,76,California,M,Peach,Winter,3.2,Yes,Store Pickup,Yes,47,PayPal,Quarterly,Young Adult,90,Heavy,True,True,Other,Digital Wallet,Occasional,0.6107142857142858,VIP
384,50,Male,Sunglasses,Accessories,77,West Virginia,S,Magenta,Fall,3.8,Yes,Standard,Yes,6,PayPal,Quarterly,Middle-aged,90,New/Low,True,True,Standard,Digital Wallet,Occasional,0.4056428571428572,Mid
385,70,Male,Sweater,Clothing,33,California,M,Beige,Fall,4.5,Yes,2-Day Shipping,Yes,6,Venmo,Annually,Senior,365,New/Low,True,True,Standard,Digital Wallet,Rare,0.27064285714285713,Low
386,67,Male,Shorts,Clothing,93,West Virginia,S,Yellow,Fall,2.7,Yes,Next Day Air,Yes,12,Credit Card,Bi-Weekly,Senior,14,Emerging,True,True,Express,Card,Frequent,0.4172142857142857,Mid
387,64,Male,Jewelry,Accessories,39,Louisiana,L,Brown,Spring,3.4,Yes,Express,Yes,40,PayPal,Quarterly,Senior,90,Established,True,True,Express,Digital Wallet,Occasional,0.4172142857142857,Mid
388,45,Male,Coat,Outerwear,93,Georgia,L,Silver,Summer,4.6,Yes,Store Pickup,Yes,38,PayPal,Fortnightly,Middle-aged,14,Established,True,True,Other,Digital Wallet,Frequent,0.7553571428571428,VIP
389,22,Male,Handbag,Accessories,82,Washington,M,Orange,Summer,2.7,Yes,Store Pickup,Yes,10,PayPal,Quarterly,Young Adult,90,New/Low,True,True,Other,Digital Wallet,Occasional,0.3548571428571429,Low
390,27,Male,Boots,Footwear,42,Virginia,L,Purple,Spring,4.2,Yes,Standard,Yes,28,Bank Transfer,Monthly,Young Adult,30,Established,True,True,Standard,Other,Frequent,0.4255714285714286,Mid
391,25,Male,Gloves,Accessories,71,Indiana,M,Indigo,Winter,3.2,Yes,2-Day Shipping,Yes,19,PayPal,Annually,Young Adult,365,Emerging,True,True,Standard,Digital Wallet,Rare,0.4082142857142857,Mid
392,37,Male,Sweater,Clothing,86,Minnesota,L,Gray,Spring,4.8,Yes,Standard,Yes,25,Cash,Fortnightly,Adult,14,Emerging,True,True,Standard,Cash,Frequent,0.6582857142857143,VIP
393,26,Male,T-shirt,Clothing,82,Idaho,XL,Black,Spring,3.3,Yes,Next Day Air,Yes,38,Credit Card,Annually,Young Adult,365,Established,True,True,Express,Card,Rare,0.5888571428571429,High
394,33,Male,Shoes,Footwear,65,Vermont,L,Maroon,Fall,4.2,Yes,Standard,Yes,6,PayPal,Fortnightly,Adult,14,New/Low,True,True,Standard,Digital Wallet,Frequent,0.3876428571428572,Mid
395,43,Male,Scarf,Accessories,29,North Dakota,M,Beige,Spring,4.8,Yes,Store Pickup,Yes,7,Debit Card,Bi-Weekly,Adult,14,New/Low,True,True,Other,Card,Frequent,0.2860714285714286,Low
396,37,Male,Sneakers,Footwear,65,Rhode Island,L,Brown,Winter,4.9,Yes,Store Pickup,Yes,2,PayPal,Annually,Adult,365,New/Low,True,True,Other,Digital Wallet,Rare,0.4249285714285715,Mid
397,46,Male,Dress,Clothing,88,South Carolina,S,Black,Fall,3.9,Yes,Standard,Yes,24,Bank Transfer,Annually,Middle-aged,365,Emerging,True,True,Standard,Other,Rare,0.579857142857143,High
398,22,Male,Belt,Accessories,46,Mississippi,M,Indigo,Fall,3.0,Yes,Free Shipping,Yes,26,Cash,Annually,Young Adult,365,Established,True,True,Standard,Cash,Rare,0.32271428571428573,Low
399,20,Male,Boots,Footwear,67,Montana,S,Silver,Winter,4.6,Yes,Free Shipping,Yes,25,Debit Card,Every 3 Months,Young Adult,90,Emerging,True,True,Standard,Card,Occasional,0.5547857142857142,High
400,60,Male,Scarf,Accessories,35,Idaho,L,Blue,Fall,3.5,Yes,2-Day Shipping,Yes,10,Debit Card,Monthly,Senior,30,New/Low,True,True,Standard,Card,Frequent,0.21535714285714286,Low
401,39,Male,Boots,Footwear,66,Utah,M,Green,Winter,4.8,Yes,Free Shipping,Yes,14,PayPal,Fortnightly,Adult,14,Emerging,True,True,Standard,Digital Wallet,Frequent,0.49757142857142855,High
402,43,Male,T-shirt,Clothing,91,Oklahoma,L,Orange,Fall,4.8,Yes,Standard,Yes,21,Cash,Quarterly,Adult,90,Emerging,True,True,Standard,Cash,Occasional,0.6550714285714285,VIP
403,31,Male,Backpack,Accessories,78,California,L,Cyan,Fall,3.0,Yes,Express,Yes,26,PayPal,Monthly,Young Adult,30,Established,True,True,Express,Digital Wallet,Frequent,0.46671428571428575,Mid
404,19,Male,Sneakers,Footwear,45,Nevada,M,Orange,Winter,4.5,Yes,Next Day Air,Yes,12,Bank Transfer,Annually,Young Adult,365,Emerging,True,True,Express,Other,Rare,0.3632142857142857,Mid
405,35,Male,T-shirt,Clothing,93,Delaware,M,Indigo,Spring,4.8,Yes,Store Pickup,Yes,11,Credit Card,Monthly,Adult,30,Emerging,True,True,Other,Card,Frequent,0.5997857142857143,VIP
406,41,Male,Jeans,Clothing,74,South Carolina,S,Silver,Summer,3.8,Yes,Standard,Yes,15,Cash,Annually,Adult,365,Emerging,True,True,Standard,Cash,Rare,0.45,Mid
407,52,Male,Gloves,Accessories,55,Maryland,M,Peach,Spring,4.6,Yes,Express,Yes,13,Cash,Monthly,Middle-aged,30,Emerging,True,True,Express,Cash,Frequent,0.42364285714285715,Mid
408,45,Male,Hoodie,Clothing,76,North Carolina,XL,Teal,Spring,3.1,Yes,Next Day Air,Yes,5,Credit Card,Bi-Weekly,Middle-aged,14,New/Low,True,True,Express,Card,Frequent,0.3317142857142857,Low
409,34,Male,Sneakers,Footwear,66,Alabama,L,White,Spring,3.4,Yes,Express,Yes,36,Cash,Fortnightly,Adult,14,Established,True,True,Express,Cash,Frequent,0.513,High
410,35,Male,Shorts,Clothing,51,Minnesota,M,Brown,Winter,3.3,Yes,2-Day Shipping,Yes,32,Bank Transfer,Monthly,Adult,30,Established,True,True,Standard,Other,Frequent,0.41078571428571425,Mid
411,29,Male,Sweater,Clothing,26,Virginia,L,Lavender,Spring,4.8,Yes,2-Day Shipping,Yes,1,Credit Card,Quarterly,Young Adult,90,New/Low,True,True,Standard,Card,Occasional,0.234,Low
412,59,Male,Jeans,Clothing,29,Michigan,M,Indigo,Summer,2.8,Yes,Express,Yes,15,PayPal,Annually,Senior,365,Emerging,True,True,Express,Digital Wallet,Rare,0.15749999999999997,Low
413,24,Male,Jacket,Outerwear,74,Maine,M,Yellow,Summer,3.1,Yes,Store Pickup,Yes,3,Bank Transfer,Weekly,Young Adult,7,New/Low,True,True,Other,Other,Very Frequent,0.3098571428571429,Low
414,70,Male,Jewelry,Accessories,99,Nevada,S,White,Summer,4.6,Yes,Free Shipping,Yes,48,Cash,Monthly,Senior,30,Heavy,True,True,Standard,Cash,Frequent,0.846642857142857,VIP
415,29,Male,Backpack,Accessories,88,Wyoming,L,Violet,Winter,2.6,Yes,Store Pickup,Yes,30,Debit Card,Weekly,Young Adult,7,Established,True,True,Other,Card,Very Frequent,0.5014285714285714,High
416,67,Male,Coat,Outerwear,31,Connecticut,M,Lavender,Winter,2.6,Yes,Express,Yes,40,Bank Transfer,Monthly,Senior,30,Established,True,True,Express,Other,Frequent,0.30921428571428566,Low
417,36,Male,Belt,Accessories,55,Oregon,L,Olive,Spring,3.8,Yes,Free Shipping,Yes,24,Bank Transfer,Fortnightly,Adult,14,Emerging,True,True,Standard,Other,Frequent,0.4223571428571429,Mid
418,23,Male,Sandals,Footwear,81,Mississippi,L,Beige,Fall,4.5,Yes,Free Shipping,Yes,48,Debit Card,Quarterly,Young Adult,90,Heavy,True,True,Standard,Card,Occasional,0.7566428571428572,VIP
419,18,Male,Sweater,Clothing,73,Illinois,L,Purple,Spring,3.0,Yes,Standard,Yes,27,Venmo,Bi-Weekly,Young Adult,14,Established,True,True,Standard,Digital Wallet,Frequent,0.45064285714285723,Mid
420,53,Male,Shorts,Clothing,91,Utah,S,Teal,Winter,3.7,Yes,Free Shipping,Yes,14,Credit Card,Every 3 Months,Middle-aged,90,Emerging,True,True,Standard,Card,Occasional,0.5110714285714286,High
421,32,Male,Socks,Clothing,54,North Carolina,S,Peach,Spring,3.8,Yes,Free Shipping,Yes,18,Debit Card,Bi-Weekly,Adult,14,Emerging,True,True,Standard,Card,Frequent,0.3792857142857142,Mid
422,38,Male,Shirt,Clothing,40,Kentucky,M,Violet,Winter,3.5,Yes,Standard,Yes,48,Cash,Bi-Weekly,Adult,14,Heavy,True,True,Standard,Cash,Frequent,0.48214285714285715,High
423,47,Male,Pants,Clothing,59,Minnesota,M,Purple,Fall,3.1,Yes,Store Pickup,Yes,32,Debit Card,Annually,Middle-aged,365,Established,True,True,Other,Card,Rare,0.42878571428571427,Mid
424,46,Male,Scarf,Accessories,26,New York,L,Teal,Spring,3.0,Yes,Store Pickup,Yes,21,Credit Card,Bi-Weekly,Middle-aged,14,Emerging,True,True,Other,Card,Frequent,0.2005714285714286,Low
425,66,Male,Sweater,Clothing,23,Illinois,M,Gold,Winter,4.3,Yes,Standard,Yes,42,PayPal,Fortnightly,Senior,14,Heavy,True,True,Standard,Digital Wallet,Frequent,0.4390714285714286,Mid
426,40,Male,Jeans,Clothing,87,North Dakota,S,Teal,Winter,3.3,Yes,Store Pickup,Yes,4,Credit Card,Quarterly,Adult,90,New/Low,True,True,Other,Card,Occasional,0.39278571428571424,Mid
427,43,Male,Pants,Clothing,71,Louisiana,M,Violet,Winter,4.7,Yes,Express,Yes,19,Credit Card,Quarterly,Adult,90,Emerging,True,True,Express,Card,Occasional,0.5432142857142858,High
428,58,Male,Backpack,Accessories,91,Illinois,L,Black,Winter,4.5,Yes,Store Pickup,Yes,6,Credit Card,Quarterly,Senior,90,New/Low,True,True,Other,Card,Occasional,0.5316428571428572,High
429,21,Male,Coat,Outerwear,64,Wyoming,XL,Gold,Winter,2.9,Yes,Free Shipping,Yes,2,Debit Card,Fortnightly,Young Adult,14,New/Low,True,True,Standard,Card,Frequent,0.24042857142857146,Low
430,42,Male,Sandals,Footwear,94,Washington,M,Gold,Winter,4.1,Yes,2-Day Shipping,Yes,21,Cash,Fortnightly,Adult,14,Emerging,True,True,Standard,Cash,Frequent,0.6055714285714285,VIP
431,24,Male,Shirt,Clothing,40,Texas,M,Brown,Summer,3.5,Yes,Store Pickup,Yes,40,Debit Card,Annually,Young Adult,365,Established,True,True,Other,Card,Rare,0.4307142857142857,Mid
432,43,Male,Hat,Accessories,76,New Hampshire,L,Cyan,Winter,3.4,Yes,Store Pickup,Yes,33,Cash,Fortnightly,Adult,14,Established,True,True,Other,Cash,Frequent,0.5387142857142856,High
433,47,Male,Shirt,Clothing,86,Indiana,S,Indigo,Fall,3.3,Yes,Free Shipping,Yes,26,Venmo,Weekly,Middle-aged,7,Established,True,True,Standard,Digital Wallet,Very Frequent,0.5297142857142857,High
434,49,Male,Skirt,Clothing,92,Alabama,M,Orange,Fall,3.2,Yes,Store Pickup,Yes,23,Credit Card,Fortnightly,Middle-aged,14,Emerging,True,True,Other,Card,Frequent,0.5284285714285715,High
435,50,Male,Shoes,Footwear,52,Oklahoma,L,Pink,Spring,4.0,Yes,Store Pickup,Yes,39,PayPal,Every 3 Months,Middle-aged,90,Established,True,True,Other,Digital Wallet,Occasional,0.5232857142857142,High
436,51,Male,Coat,Outerwear,28,Montana,XL,Olive,Winter,3.6,Yes,Next Day Air,Yes,42,Bank Transfer,Monthly,Middle-aged,30,Heavy,True,True,Express,Other,Frequent,0.3985714285714286,Mid
437,40,Male,Pants,Clothing,46,Tennessee,L,Cyan,Summer,4.6,Yes,Free Shipping,Yes,41,Bank Transfer,Weekly,Adult,7,Heavy,True,True,Standard,Other,Very Frequent,0.5631428571428572,High
438,45,Male,Jewelry,Accessories,50,New Mexico,M,Peach,Summer,2.6,Yes,Next Day Air,Yes,41,PayPal,Annually,Middle-aged,365,Heavy,True,True,Express,Digital Wallet,Rare,0.4011428571428572,Mid
439,52,Male,Belt,Accessories,23,Iowa,M,Turquoise,Winter,4.3,Yes,Express,Yes,12,Credit Card,Fortnightly,Middle-aged,14,Emerging,True,True,Express,Card,Frequent,0.24621428571428572,Low
440,62,Male,Jacket,Outerwear,50,Idaho,M,Turquoise,Summer,3.4,Yes,Free Shipping,Yes,31,Cash,Monthly,Senior,30,Established,True,True,Standard,Cash,Frequent,0.40885714285714286,Mid
441,20,Male,Shirt,Clothing,89,Oklahoma,XL,Maroon,Winter,3.5,Yes,Store Pickup,Yes,34,Debit Card,Fortnightly,Young Adult,14,Established,True,True,Other,Card,Frequent,0.6126428571428572,VIP
442,43,Male,Hoodie,Clothing,81,Florida,M,Maroon,Winter,4.2,Yes,Standard,Yes,32,Credit Card,Annually,Adult,365,Established,True,True,Standard,Card,Rare,0.6267857142857144,VIP
443,29,Male,Sunglasses,Accessories,69,Michigan,M,Olive,Fall,3.8,Yes,Store Pickup,Yes,31,Credit Card,Quarterly,Young Adult,90,Established,True,True,Other,Card,Occasional,0.5303571428571429,High
444,22,Male,Sunglasses,Accessories,67,Hawaii,M,Magenta,Summer,3.6,Yes,Free Shipping,Yes,24,PayPal,Annually,Young Adult,365,Emerging,True,True,Standard,Digital Wallet,Rare,0.4583571428571429,Mid
445,48,Male,Dress,Clothing,20,California,M,Red,Summer,4.3,Yes,Store Pickup,Yes,31,Debit Card,Annually,Middle-aged,365,Established,True,True,Other,Card,Rare,0.3548571428571428,Low
446,42,Male,Boots,Footwear,29,Iowa,M,Olive,Fall,4.9,Yes,Standard,Yes,18,Venmo,Annually,Adult,365,Emerging,True,True,Standard,Digital Wallet,Rare,0.3657857142857143,Mid
447,19,Male,Shirt,Clothing,74,West Virginia,M,Silver,Summer,4.1,Yes,Store Pickup,Yes,15,Venmo,Monthly,Young Adult,30,Emerging,True,True,Other,Digital Wallet,Frequent,0.47700000000000004,High
448,60,Male,Shorts,Clothing,82,Washington,S,Turquoise,Spring,3.6,Yes,Standard,Yes,7,Bank Transfer,Every 3 Months,Senior,90,New/Low,True,True,Standard,Other,Occasional,0.4165714285714287,Mid
449,32,Male,Gloves,Accessories,23,Missouri,M,Yellow,Summer,3.4,Yes,Next Day Air,Yes,35,Bank Transfer,Fortnightly,Adult,14,Established,True,True,Express,Other,Frequent,0.3130714285714286,Low
450,26,Male,Jewelry,Accessories,45,New York,L,Peach,Summer,2.9,Yes,2-Day Shipping,Yes,35,Bank Transfer,Monthly,Young Adult,30,Established,True,True,Standard,Other,Frequent,0.36707142857142855,Mid
451,25,Male,Boots,Footwear,21,Connecticut,L,Beige,Summer,2.7,Yes,Store Pickup,Yes,19,Credit Card,Monthly,Young Adult,30,Emerging,True,True,Other,Card,Frequent,0.13821428571428573,Low
452,66,Male,Jewelry,Accessories,31,Virginia,M,Pink,Summer,4.3,Yes,Express,Yes,26,Credit Card,Fortnightly,Senior,14,Established,True,True,Express,Card,Frequent,0.3722142857142857,Mid
453,45,Male,Pants,Clothing,45,Missouri,M,Violet,Summer,3.7,Yes,Express,Yes,39,PayPal,Fortnightly,Middle-aged,14,Established,True,True,Express,Digital Wallet,Frequent,0.4647857142857143,Mid
454,54,Male,Jewelry,Accessories,56,Nebraska,XL,Peach,Winter,2.8,Yes,Next Day Air,Yes,22,Credit Card,Weekly,Middle-aged,7,Emerging,True,True,Express,Card,Very Frequent,0.324,Low
455,37,Male,Jacket,Outerwear,97,New Jersey,S,Gold,Summer,3.2,Yes,Next Day Air,Yes,14,Cash,Bi-Weekly,Adult,14,Emerging,True,True,Express,Cash,Frequent,0.49307142857142866,High
456,54,Male,Blouse,Clothing,100,Utah,XL,Gold,Fall,3.6,Yes,Store Pickup,Yes,50,Debit Card,Fortnightly,Middle-aged,14,Heavy,True,True,Other,Card,Frequent,0.774,VIP
457,50,Male,Blouse,Clothing,96,North Carolina,S,Indigo,Fall,4.0,Yes,2-Day Shipping,Yes,33,Credit Card,Quarterly,Middle-aged,90,Established,True,True,Standard,Card,Occasional,0.6827142857142857,VIP
458,25,Male,Gloves,Accessories,99,Rhode Island,M,Blue,Spring,4.9,Yes,Next Day Air,Yes,48,Debit Card,Every 3 Months,Young Adult,90,Heavy,True,True,Express,Card,Occasional,0.873642857142857,VIP
459,47,Male,Shorts,Clothing,91,Arkansas,L,Black,Winter,4.0,Yes,2-Day Shipping,Yes,48,PayPal,Monthly,Middle-aged,30,Heavy,True,True,Standard,Digital Wallet,Frequent,0.7566428571428571,VIP
460,63,Male,Hat,Accessories,30,Maryland,L,Black,Winter,3.8,Yes,Standard,Yes,27,PayPal,Fortnightly,Senior,14,Established,True,True,Standard,Digital Wallet,Frequent,0.3291428571428571,Low
461,64,Male,Shoes,Footwear,65,South Carolina,L,Teal,Summer,3.8,Yes,Store Pickup,Yes,27,Bank Transfer,Weekly,Senior,7,Established,True,True,Other,Other,Very Frequent,0.48664285714285715,High
462,18,Male,Boots,Footwear,93,Ohio,M,Yellow,Winter,3.9,Yes,Express,Yes,20,Venmo,Weekly,Young Adult,7,Emerging,True,True,Express,Digital Wallet,Very Frequent,0.5766428571428571,High
463,59,Male,Jacket,Outerwear,81,Illinois,M,White,Fall,3.3,Yes,Express,Yes,48,Venmo,Every 3 Months,Senior,90,Heavy,True,True,Express,Digital Wallet,Occasional,0.6486428571428571,VIP
464,37,Male,Jewelry,Accessories,81,Georgia,S,Orange,Summer,2.7,Yes,Standard,Yes,29,Venmo,Weekly,Adult,7,Established,True,True,Standard,Digital Wallet,Very Frequent,0.47250000000000003,High
465,23,Male,Sunglasses,Accessories,52,Alabama,M,Silver,Winter,4.7,Yes,Next Day Air,Yes,45,PayPal,Monthly,Young Adult,30,Heavy,True,True,Express,Digital Wallet,Frequent,0.624857142857143,VIP
466,54,Male,Skirt,Clothing,88,Oklahoma,M,Pink,Summer,2.8,Yes,Next Day Air,Yes,25,Cash,Quarterly,Middle-aged,90,Emerging,True,True,Express,Cash,Occasional,0.4872857142857143,High
467,38,Male,Jeans,Clothing,24,Vermont,L,Turquoise,Winter,4.6,Yes,Free Shipping,Yes,25,PayPal,Weekly,Adult,7,Emerging,True,True,Standard,Digital Wallet,Very Frequent,0.3612857142857142,Mid
468,19,Male,Backpack,Accessories,51,Nebraska,S,Orange,Spring,4.5,Yes,2-Day Shipping,Yes,37,Debit Card,Every 3 Months,Young Adult,90,Established,True,True,Standard,Card,Occasional,0.5509285714285714,High
469,34,Male,Backpack,Accessories,38,Georgia,S,Peach,Fall,5.0,Yes,Free Shipping,Yes,16,Cash,Quarterly,Adult,90,Emerging,True,True,Standard,Cash,Occasional,0.40242857142857147,Mid
470,21,Male,Shorts,Clothing,46,Alabama,L,Pink,Fall,4.1,Yes,2-Day Shipping,Yes,30,Debit Card,Bi-Weekly,Young Adult,14,Established,True,True,Standard,Card,Frequent,0.4474285714285714,Mid
471,50,Male,Dress,Clothing,63,Minnesota,L,Teal,Summer,4.6,Yes,Express,Yes,6,Cash,Every 3 Months,Middle-aged,90,New/Low,True,True,Express,Cash,Occasional,0.41464285714285715,Mid
472,55,Male,Scarf,Accessories,72,Missouri,XL,White,Winter,4.9,Yes,2-Day Shipping,Yes,36,Bank Transfer,Quarterly,Middle-aged,90,Established,True,True,Standard,Other,Occasional,0.675,VIP
473,20,Male,Jeans,Clothing,39,Georgia,L,Gray,Winter,3.9,Yes,Free Shipping,Yes,3,Bank Transfer,Quarterly,Young Adult,90,New/Low,True,True,Standard,Other,Occasional,0.22435714285714287,Low
474,34,Male,Coat,Outerwear,42,West Virginia,L,Olive,Spring,3.9,Yes,Store Pickup,Yes,29,PayPal,Every 3 Months,Adult,90,Established,True,True,Other,Digital Wallet,Occasional,0.40499999999999997,Mid
475,62,Male,Sweater,Clothing,76,Arkansas,XL,Maroon,Summer,2.6,Yes,2-Day Shipping,Yes,15,Cash,Quarterly,Senior,90,Emerging,True,True,Standard,Cash,Occasional,0.351,Low
476,21,Male,Sneakers,Footwear,66,Ohio,L,Magenta,Summer,2.7,Yes,Free Shipping,Yes,18,Debit Card,Annually,Young Adult,365,Emerging,True,True,Standard,Card,Rare,0.3342857142857143,Low
477,21,Male,Scarf,Accessories,90,Connecticut,M,Magenta,Spring,3.5,Yes,Free Shipping,Yes,2,Debit Card,Fortnightly,Young Adult,14,New/Low,True,True,Standard,Card,Frequent,0.4114285714285715,Mid
478,42,Male,Sweater,Clothing,56,North Dakota,M,Green,Summer,3.7,Yes,Free Shipping,Yes,49,Debit Card,Weekly,Adult,7,Heavy,True,True,Standard,Card,Very Frequent,0.5785714285714285,High
479,35,Male,Jewelry,Accessories,43,Kansas,XL,Turquoise,Winter,3.2,Yes,Free Shipping,Yes,48,Venmo,Annually,Adult,365,Heavy,True,True,Standard,Digital Wallet,Rare,0.46864285714285714,Mid
480,39,Male,Handbag,Accessories,84,Iowa,L,Yellow,Winter,3.3,Yes,Store Pickup,Yes,43,Venmo,Monthly,Adult,30,Heavy,True,True,Other,Digital Wallet,Frequent,0.6300000000000001,VIP
481,68,Male,Hoodie,Clothing,88,Vermont,M,Gray,Summer,4.8,Yes,Standard,Yes,30,Debit Card,Bi-Weekly,Senior,14,Established,True,True,Standard,Card,Frequent,0.6994285714285714,VIP
482,46,Male,Hat,Accessories,88,Wisconsin,L,Peach,Fall,3.2,Yes,2-Day Shipping,Yes,10,PayPal,Fortnightly,Middle-aged,14,New/Low,True,True,Standard,Digital Wallet,Frequent,0.4268571428571429,Mid
483,41,Male,Belt,Accessories,42,Connecticut,M,Yellow,Winter,2.5,Yes,2-Day Shipping,Yes,11,Venmo,Annually,Adult,365,Emerging,True,True,Standard,Digital Wallet,Rare,0.1632857142857143,Low
484,23,Male,Hoodie,Clothing,73,Oklahoma,M,White,Fall,3.9,Yes,Store Pickup,Yes,12,Debit Card,Weekly,Young Adult,7,Emerging,True,True,Other,Card,Very Frequent,0.4352142857142857,Mid
485,68,Male,Hat,Accessories,73,Missouri,L,Lavender,Summer,4.7,Yes,Free Shipping,Yes,28,Bank Transfer,Quarterly,Senior,90,Established,True,True,Standard,Other,Occasional,0.6100714285714287,VIP
486,48,Male,Shoes,Footwear,44,Tennessee,S,Blue,Spring,2.6,Yes,Next Day Air,Yes,36,Debit Card,Fortnightly,Middle-aged,14,Established,True,True,Express,Card,Frequent,0.342,Low
487,38,Male,Sandals,Footwear,63,New Mexico,M,Charcoal,Fall,2.8,Yes,Store Pickup,Yes,37,Venmo,Every 3 Months,Adult,90,Established,True,True,Other,Digital Wallet,Occasional,0.4519285714285714,Mid
488,41,Male,Jacket,Outerwear,68,Iowa,L,Red,Winter,4.4,Yes,Store Pickup,Yes,22,Credit Card,Quarterly,Adult,90,Emerging,True,True,Other,Card,Occasional,0.5220000000000001,High
489,58,Male,Sweater,Clothing,29,Maine,L,Olive,Spring,4.6,Yes,Standard,Yes,32,Venmo,Weekly,Senior,7,Established,True,True,Standard,Digital Wallet,Very Frequent,0.4287857142857142,Mid
490,49,Male,Socks,Clothing,85,South Dakota,M,Green,Summer,3.2,Yes,Standard,Yes,40,PayPal,Annually,Middle-aged,365,Established,True,True,Standard,Digital Wallet,Rare,0.6062142857142857,VIP
491,57,Male,Sneakers,Footwear,42,Colorado,M,Silver,Winter,4.2,Yes,2-Day Shipping,Yes,47,Cash,Monthly,Middle-aged,30,Heavy,True,True,Standard,Cash,Frequent,0.5477142857142858,High
492,49,Male,Coat,Outerwear,69,Vermont,M,Silver,Summer,3.8,Yes,2-Day Shipping,Yes,24,Credit Card,Bi-Weekly,Middle-aged,14,Emerging,True,True,Standard,Card,Frequent,0.4853571428571428,High
493,50,Male,Shirt,Clothing,62,Michigan,M,Black,Fall,3.9,Yes,Standard,Yes,11,Debit Card,Weekly,Middle-aged,7,Emerging,True,True,Standard,Card,Very Frequent,0.37928571428571434,Mid
494,28,Male,Backpack,Accessories,48,Nevada,XL,Red,Summer,4.7,Yes,Store Pickup,Yes,19,Cash,Bi-Weekly,Young Adult,14,Emerging,True,True,Other,Cash,Frequent,0.4397142857142857,Mid
495,38,Male,Boots,Footwear,68,Indiana,M,Indigo,Winter,4.5,Yes,Express,Yes,42,Debit Card,Weekly,Adult,7,Heavy,True,True,Express,Card,Very Frequent,0.6595714285714286,VIP
496,33,Male,Handbag,Accessories,36,Michigan,XL,Cyan,Fall,3.3,Yes,Free Shipping,Yes,6,Debit Card,Fortnightly,Adult,14,New/Low,True,True,Standard,Card,Frequent,0.17614285714285716,Low
497,30,Male,Dress,Clothing,63,California,S,Maroon,Fall,3.3,Yes,Express,Yes,31,Venmo,Fortnightly,Young Adult,14,Established,True,True,Express,Digital Wallet,Frequent,0.4583571428571428,Mid
498,43,Male,Sneakers,Footwear,39,Oklahoma,S,Silver,Winter,4.6,Yes,Free Shipping,Yes,31,Cash,Weekly,Adult,7,Established,True,True,Standard,Cash,Very Frequent,0.4673571428571428,Mid
499,43,Male,Boots,Footwear,78,Iowa,M,Lavender,Spring,3.6,Yes,Free Shipping,Yes,27,Bank Transfer,Monthly,Adult,30,Established,True,True,Standard,Other,Frequent,0.5271428571428571,High
500,36,Male,Shoes,Footwear,99,Rhode Island,L,Silver,Winter,4.8,Yes,Express,Yes,24,PayPal,Monthly,Adult,30,Emerging,True,True,Express,Digital Wallet,Frequent,0.7103571428571428,VIP
501,36,Male,T-shirt,Clothing,31,Washington,L,Purple,Fall,4.8,Yes,Next Day Air,Yes,35,Venmo,Every 3 Months,Adult,90,Established,True,True,Express,Digital Wallet,Occasional,0.47507142857142853,High
502,64,Male,Boots,Footwear,45,Florida,M,Cyan,Spring,2.9,Yes,Next Day Air,Yes,21,Venmo,Annually,Senior,365,Emerging,True,True,Express,Digital Wallet,Rare,0.2770714285714286,Low
503,59,Male,Pants,Clothing,30,South Carolina,S,Cyan,Fall,2.8,Yes,Express,Yes,8,PayPal,Fortnightly,Senior,14,New/Low,True,True,Express,Digital Wallet,Frequent,0.11699999999999998,Low
504,55,Male,Shoes,Footwear,24,West Virginia,M,Lavender,Summer,3.2,Yes,Next Day Air,Yes,26,Bank Transfer,Quarterly,Middle-aged,90,Established,True,True,Express,Other,Occasional,0.24171428571428571,Low
505,42,Male,Shoes,Footwear,22,Missouri,M,Maroon,Winter,3.9,Yes,Free Shipping,Yes,26,PayPal,Annually,Adult,365,Established,True,True,Standard,Digital Wallet,Rare,0.2957142857142857,Low
506,61,Male,T-shirt,Clothing,63,Maine,L,Gray,Spring,4.3,Yes,Express,Yes,9,Cash,Bi-Weekly,Senior,14,New/Low,True,True,Express,Cash,Frequent,0.4069285714285714,Mid
507,28,Male,Scarf,Accessories,40,Georgia,M,Olive,Fall,2.7,Yes,2-Day Shipping,Yes,48,Debit Card,Annually,Young Adult,365,Heavy,True,True,Standard,Card,Rare,0.4101428571428572,Mid
508,65,Male,Shorts,Clothing,20,Maine,M,Magenta,Spring,5.0,Yes,Store Pickup,Yes,33,Debit Card,Fortnightly,Senior,14,Established,True,True,Other,Card,Frequent,0.4307142857142857,Mid
509,27,Male,Jewelry,Accessories,20,Illinois,S,Yellow,Winter,3.7,Yes,Store Pickup,Yes,31,PayPal,Quarterly,Young Adult,90,Established,True,True,Other,Digital Wallet,Occasional,0.3008571428571429,Low
510,41,Male,T-shirt,Clothing,80,Delaware,L,Cyan,Summer,3.9,Yes,Free Shipping,Yes,17,Debit Card,Weekly,Adult,7,Emerging,True,True,Standard,Card,Very Frequent,0.49885714285714283,High
511,21,Male,Shirt,Clothing,87,West Virginia,M,Teal,Fall,3.9,Yes,2-Day Shipping,Yes,22,Venmo,Annually,Young Adult,365,Emerging,True,True,Standard,Digital Wallet,Rare,0.5625,High
512,61,Male,Shirt,Clothing,46,Hawaii,L,Yellow,Fall,3.1,Yes,Free Shipping,Yes,8,PayPal,Annually,Senior,365,New/Low,True,True,Standard,Digital Wallet,Rare,0.216,Low
513,19,Male,Gloves,Accessories,49,New York,L,Peach,Winter,3.8,Yes,Next Day Air,Yes,2,Bank Transfer,Monthly,Young Adult,30,New/Low,True,True,Express,Other,Frequent,0.25392857142857145,Low
514,22,Male,Scarf,Accessories,65,New Mexico,M,Peach,Fall,3.6,Yes,Store Pickup,Yes,45,Venmo,Annually,Young Adult,365,Heavy,True,True,Other,Digital Wallet,Rare,0.5843571428571428,High
515,64,Male,Skirt,Clothing,62,Indiana,S,Olive,Winter,4.3,Yes,Standard,Yes,47,PayPal,Quarterly,Senior,90,Heavy,True,True,Standard,Digital Wallet,Occasional,0.6467142857142858,VIP
516,28,Male,Hat,Accessories,67,Kentucky,L,Charcoal,Spring,4.5,Yes,Next Day Air,Yes,7,Cash,Monthly,Young Adult,30,New/Low,True,True,Express,Cash,Frequent,0.4300714285714286,Mid
517,34,Male,Hoodie,Clothing,41,West Virginia,L,Indigo,Fall,2.8,Yes,2-Day Shipping,Yes,19,Debit Card,Bi-Weekly,Adult,14,Emerging,True,True,Standard,Card,Frequent,0.2372142857142857,Low
518,61,Male,Boots,Footwear,49,North Dakota,L,Silver,Fall,2.7,Yes,Free Shipping,Yes,44,Cash,Every 3 Months,Senior,90,Heavy,True,True,Standard,Cash,Occasional,0.4249285714285714,Mid
519,24,Male,Blouse,Clothing,100,Oregon,M,Beige,Fall,2.9,Yes,Next Day Air,Yes,16,Venmo,Every 3 Months,Young Adult,90,Emerging,True,True,Express,Digital Wallet,Occasional,0.49242857142857144,High
520,19,Male,Belt,Accessories,54,Minnesota,L,Blue,Summer,4.4,Yes,2-Day Shipping,Yes,17,Bank Transfer,Quarterly,Young Adult,90,Emerging,True,True,Standard,Other,Occasional,0.4268571428571429,Mid
521,51,Male,Sunglasses,Accessories,84,South Carolina,M,White,Spring,3.9,Yes,Free Shipping,Yes,20,Debit Card,Quarterly,Middle-aged,90,Emerging,True,True,Standard,Card,Occasional,0.5361428571428571,High
522,36,Male,Shorts,Clothing,41,Vermont,L,Gold,Winter,3.5,Yes,Standard,Yes,50,Bank Transfer,Annually,Adult,365,Heavy,True,True,Standard,Other,Rare,0.49949999999999994,High
523,65,Male,Gloves,Accessories,88,Minnesota,M,Blue,Spring,2.5,Yes,Store Pickup,Yes,37,Cash,Quarterly,Senior,90,Established,True,True,Other,Cash,Occasional,0.5374285714285715,High
524,46,Male,Sandals,Footwear,40,Delaware,M,Orange,Spring,4.9,Yes,Express,Yes,5,PayPal,Quarterly,Middle-aged,90,New/Low,True,True,Express,Digital Wallet,Occasional,0.33171428571428574,Low
525,59,Male,Shirt,Clothing,39,Pennsylvania,M,Gold,Summer,4.8,Yes,Free Shipping,Yes,44,PayPal,Annually,Senior,365,Heavy,True,True,Standard,Digital Wallet,Rare,0.5689285714285715,High
526,51,Male,Coat,Outerwear,37,Iowa,M,Cyan,Spring,3.2,Yes,Next Day Air,Yes,41,Debit Card,Monthly,Middle-aged,30,Heavy,True,True,Express,Card,Frequent,0.3966428571428572,Mid
527,51,Male,Pants,Clothing,52,New Jersey,S,Red,Winter,4.9,Yes,Standard,Yes,19,Cash,Monthly,Middle-aged,30,Emerging,True,True,Standard,Cash,Frequent,0.4757142857142858,High
528,21,Male,T-shirt,Clothing,23,South Carolina,L,Yellow,Winter,4.3,Yes,Next Day Air,Yes,47,Bank Transfer,Every 3 Months,Young Adult,90,Heavy,True,True,Express,Other,Occasional,0.47121428571428575,Mid
529,34,Male,Sneakers,Footwear,88,Maryland,S,Beige,Winter,3.2,Yes,Express,Yes,40,Cash,Annually,Adult,365,Established,True,True,Express,Cash,Rare,0.6197142857142858,VIP
530,32,Male,Shorts,Clothing,84,California,M,Orange,Fall,3.7,Yes,Standard,Yes,6,Credit Card,Monthly,Adult,30,New/Low,True,True,Standard,Card,Frequent,0.4281428571428572,Mid
531,48,Male,Coat,Outerwear,37,Montana,XL,Magenta,Winter,3.2,Yes,Store Pickup,Yes,25,Credit Card,Bi-Weekly,Middle-aged,14,Emerging,True,True,Other,Card,Frequent,0.29378571428571426,Low
532,50,Male,Sandals,Footwear,51,Vermont,L,Purple,Fall,3.4,Yes,Next Day Air,Yes,42,Cash,Weekly,Middle-aged,7,Heavy,True,True,Express,Cash,Very Frequent,0.48407142857142865,High
533,26,Male,Pants,Clothing,76,Texas,L,Black,Winter,4.1,Yes,Express,Yes,35,Bank Transfer,Every 3 Months,Young Adult,90,Established,True,True,Express,Other,Occasional,0.6145714285714285,VIP
534,57,Male,Sandals,Footwear,60,North Carolina,L,Pink,Spring,4.5,Yes,Next Day Air,Yes,17,Debit Card,Weekly,Middle-aged,7,Emerging,True,True,Express,Card,Very Frequent,0.4628571428571428,Mid
535,65,Male,Gloves,Accessories,72,Florida,L,Pink,Fall,4.5,Yes,Next Day Air,Yes,4,PayPal,Quarterly,Senior,90,New/Low,True,True,Express,Digital Wallet,Occasional,0.4332857142857143,Mid
536,56,Male,T-shirt,Clothing,45,West Virginia,L,Maroon,Spring,3.2,Yes,Free Shipping,Yes,24,Bank Transfer,Weekly,Middle-aged,7,Emerging,True,True,Standard,Other,Very Frequent,0.32335714285714284,Low
537,44,Male,Jacket,Outerwear,84,Illinois,S,Maroon,Fall,4.4,Yes,Store Pickup,Yes,16,Debit Card,Every 3 Months,Adult,90,Emerging,True,True,Other,Card,Occasional,0.5554285714285715,High
538,50,Male,Blouse,Clothing,49,Virginia,S,Turquoise,Summer,3.0,Yes,Store Pickup,Yes,14,Debit Card,Annually,Middle-aged,365,Emerging,True,True,Other,Card,Rare,0.25907142857142856,Low
539,27,Male,Socks,Clothing,22,Virginia,XL,Green,Spring,3.2,Yes,Free Shipping,Yes,43,Cash,Weekly,Young Adult,7,Heavy,True,True,Standard,Cash,Very Frequent,0.342,Low
540,49,Male,Coat,Outerwear,48,Wyoming,M,Violet,Winter,4.0,Yes,Store Pickup,Yes,49,Debit Card,Weekly,Middle-aged,7,Heavy,True,True,Other,Card,Very Frequent,0.5695714285714285,High
541,49,Male,Dress,Clothing,37,South Carolina,M,Lavender,Spring,3.1,Yes,Next Day Air,Yes,33,Cash,Every 3 Months,Middle-aged,90,Established,True,True,Express,Cash,Occasional,0.3362142857142857,Low
542,52,Male,Jacket,Outerwear,27,Connecticut,L,Gray,Fall,2.8,Yes,Next Day Air,Yes,45,Cash,Bi-Weekly,Middle-aged,14,Heavy,True,True,Express,Cash,Frequent,0.3413571428571428,Low
543,27,Male,Boots,Footwear,79,Illinois,XL,Teal,Spring,4.6,Yes,Next Day Air,Yes,35,Cash,Bi-Weekly,Young Adult,14,Established,True,True,Express,Cash,Frequent,0.6730714285714285,VIP
544,53,Male,Skirt,Clothing,98,Alabama,S,Red,Spring,4.3,Yes,Express,Yes,11,Credit Card,Monthly,Middle-aged,30,Emerging,True,True,Express,Card,Frequent,0.5772857142857143,High
545,34,Male,Sandals,Footwear,64,Washington,S,Yellow,Summer,3.3,Yes,Standard,Yes,30,Bank Transfer,Every 3 Months,Adult,90,Established,True,True,Standard,Other,Occasional,0.4564285714285714,Mid
546,33,Male,Coat,Outerwear,32,Alabama,L,Magenta,Summer,3.5,Yes,2-Day Shipping,Yes,48,Debit Card,Annually,Adult,365,Heavy,True,True,Standard,Card,Rare,0.4461428571428571,Mid
547,62,Male,Hoodie,Clothing,74,New Mexico,M,Brown,Winter,3.4,Yes,Free Shipping,Yes,45,Venmo,Bi-Weekly,Senior,14,Heavy,True,True,Standard,Digital Wallet,Frequent,0.6068571428571429,VIP
548,38,Male,Jacket,Outerwear,50,Nevada,M,Blue,Winter,2.8,Yes,Free Shipping,Yes,26,Venmo,Weekly,Adult,7,Established,True,True,Standard,Digital Wallet,Very Frequent,0.32271428571428573,Low
549,36,Male,Backpack,Accessories,64,Nebraska,M,Black,Winter,4.6,Yes,Store Pickup,Yes,41,Debit Card,Every 3 Months,Adult,90,Heavy,True,True,Other,Card,Occasional,0.6441428571428572,VIP
550,31,Male,Backpack,Accessories,29,Arizona,S,Olive,Fall,3.6,Yes,Express,Yes,37,Venmo,Bi-Weekly,Young Adult,14,Established,True,True,Express,Digital Wallet,Frequent,0.37092857142857144,Mid
551,62,Male,Belt,Accessories,62,Georgia,M,Olive,Summer,3.3,Yes,Store Pickup,Yes,12,PayPal,Weekly,Senior,7,Emerging,True,True,Other,Digital Wallet,Very Frequent,0.3317142857142857,Low
552,29,Male,Coat,Outerwear,78,Idaho,XL,Green,Fall,3.1,Yes,2-Day Shipping,Yes,27,Cash,Bi-Weekly,Young Adult,14,Established,True,True,Standard,Cash,Frequent,0.48214285714285715,High
553,24,Male,T-shirt,Clothing,94,Missouri,M,Peach,Fall,3.5,Yes,Express,Yes,18,Bank Transfer,Weekly,Young Adult,7,Emerging,True,True,Express,Other,Very Frequent,0.5322857142857143,High
554,63,Male,Sunglasses,Accessories,59,Florida,M,White,Winter,3.2,Yes,Express,Yes,15,Credit Card,Quarterly,Senior,90,Emerging,True,True,Express,Card,Occasional,0.3285,Low
555,56,Male,Sneakers,Footwear,47,Minnesota,M,Red,Summer,3.0,Yes,Express,Yes,34,Bank Transfer,Weekly,Middle-aged,7,Established,True,True,Express,Other,Very Frequent,0.3786428571428571,Mid
556,63,Male,Gloves,Accessories,57,Maine,M,White,Fall,4.8,Yes,Express,Yes,37,Venmo,Annually,Senior,365,Established,True,True,Express,Digital Wallet,Rare,0.6049285714285715,VIP
557,40,Male,Coat,Outerwear,90,Montana,L,Indigo,Winter,5.0,Yes,Store Pickup,Yes,21,Cash,Fortnightly,Adult,14,Emerging,True,True,Other,Cash,Frequent,0.6685714285714286,VIP
558,18,Male,Shirt,Clothing,60,Alaska,M,White,Spring,2.9,Yes,Free Shipping,Yes,31,Debit Card,Weekly,Young Adult,7,Established,True,True,Standard,Card,Very Frequent,0.4088571428571428,Mid
559,50,Male,Sneakers,Footwear,77,Iowa,L,Teal,Fall,3.2,Yes,Express,Yes,43,Debit Card,Every 3 Months,Middle-aged,90,Heavy,True,True,Express,Card,Occasional,0.5895,High
560,66,Male,Scarf,Accessories,41,Arizona,M,Indigo,Fall,2.9,Yes,Store Pickup,Yes,22,Bank Transfer,Monthly,Senior,30,Emerging,True,True,Other,Other,Frequent,0.2655,Low
561,25,Male,Jewelry,Accessories,48,Louisiana,L,Red,Fall,3.8,Yes,Free Shipping,Yes,12,Debit Card,Annually,Young Adult,365,Emerging,True,True,Standard,Card,Rare,0.31371428571428567,Low
562,65,Male,Jacket,Outerwear,65,Alabama,M,Blue,Fall,2.6,Yes,Next Day Air,Yes,25,PayPal,Fortnightly,Senior,14,Emerging,True,True,Express,Digital Wallet,Frequent,0.36578571428571427,Mid
563,53,Male,Jeans,Clothing,62,Missouri,M,Blue,Summer,3.5,Yes,Standard,Yes,40,Debit Card,Annually,Middle-aged,365,Established,True,True,Standard,Card,Rare,0.5297142857142857,High
564,61,Male,Shoes,Footwear,99,Idaho,M,Black,Fall,4.4,Yes,Standard,Yes,16,Debit Card,Quarterly,Senior,90,Emerging,True,True,Standard,Card,Occasional,0.6229285714285715,VIP
565,67,Male,Hoodie,Clothing,58,Florida,M,Olive,Winter,3.4,Yes,Next Day Air,Yes,30,Bank Transfer,Weekly,Senior,7,Established,True,True,Express,Other,Very Frequent,0.4384285714285714,Mid
566,59,Male,Backpack,Accessories,43,Idaho,L,Lavender,Fall,4.2,Yes,Store Pickup,Yes,10,Venmo,Weekly,Senior,7,New/Low,True,True,Other,Digital Wallet,Very Frequent,0.3143571428571429,Low
567,55,Male,Sneakers,Footwear,93,Alabama,M,Indigo,Spring,3.6,Yes,Store Pickup,Yes,1,Debit Card,Fortnightly,Middle-aged,14,New/Low,True,True,Other,Card,Frequent,0.4275,Mid
568,21,Male,Blouse,Clothing,50,New Hampshire,S,Red,Winter,3.0,Yes,Next Day Air,Yes,24,Venmo,Fortnightly,Young Adult,14,Emerging,True,True,Express,Digital Wallet,Frequent,0.32785714285714285,Low
569,44,Male,Pants,Clothing,88,Utah,L,Red,Summer,4.0,Yes,Free Shipping,Yes,36,PayPal,Monthly,Adult,30,Established,True,True,Standard,Digital Wallet,Frequent,0.6660000000000001,VIP
570,65,Male,Skirt,Clothing,33,Alabama,M,Pink,Fall,4.4,Yes,Express,Yes,46,Credit Card,Every 3 Months,Senior,90,Heavy,True,True,Express,Card,Occasional,0.5187857142857143,High
571,65,Male,T-shirt,Clothing,99,Iowa,XL,Purple,Fall,4.1,Yes,Standard,Yes,20,Cash,Annually,Senior,365,Emerging,True,True,Standard,Cash,Rare,0.621642857142857,VIP
572,54,Male,Jacket,Outerwear,76,Kentucky,XL,Cyan,Spring,3.6,Yes,Free Shipping,Yes,37,Venmo,Weekly,Middle-aged,7,Established,True,True,Standard,Digital Wallet,Very Frequent,0.5824285714285714,High
573,56,Male,Scarf,Accessories,97,South Carolina,XL,Cyan,Summer,4.6,Yes,Next Day Air,Yes,26,Bank Transfer,Annually,Middle-aged,365,Established,True,True,Express,Other,Rare,0.6962142857142858,VIP
574,58,Male,Pants,Clothing,68,California,M,Charcoal,Summer,3.2,Yes,2-Day Shipping,Yes,23,Credit Card,Bi-Weekly,Senior,14,Emerging,True,True,Standard,Card,Frequent,0.42042857142857143,Mid
575,54,Male,Sneakers,Footwear,79,Maine,L,Red,Fall,4.8,Yes,Free Shipping,Yes,20,Bank Transfer,Bi-Weekly,Middle-aged,14,Emerging,True,True,Standard,Other,Frequent,0.5946428571428571,VIP
576,58,Male,Jeans,Clothing,86,Nebraska,M,Peach,Fall,4.8,Yes,Express,Yes,38,PayPal,Monthly,Senior,30,Established,True,True,Express,Digital Wallet,Frequent,0.7418571428571429,VIP
577,48,Male,Hat,Accessories,68,Washington,M,Black,Winter,5.0,Yes,2-Day Shipping,Yes,5,Credit Card,Every 3 Months,Middle-aged,90,New/Low,True,True,Standard,Card,Occasional,0.46671428571428575,Mid
578,19,Male,Skirt,Clothing,52,Alabama,M,Black,Fall,3.7,Yes,Store Pickup,Yes,41,Venmo,Annually,Young Adult,365,Heavy,True,True,Other,Digital Wallet,Rare,0.5091428571428571,High
579,69,Male,Sandals,Footwear,90,Maine,M,Purple,Fall,4.6,Yes,Next Day Air,Yes,22,Credit Card,Fortnightly,Senior,14,Emerging,True,True,Express,Card,Frequent,0.639,VIP
580,58,Male,Sandals,Footwear,41,California,M,Violet,Winter,3.7,Yes,Free Shipping,Yes,48,Credit Card,Annually,Senior,365,Heavy,True,True,Standard,Card,Rare,0.5046428571428572,High
581,49,Male,Sweater,Clothing,80,Iowa,M,Orange,Spring,4.1,Yes,Free Shipping,Yes,10,PayPal,Weekly,Middle-aged,7,New/Low,True,True,Standard,Digital Wallet,Very Frequent,0.4718571428571428,High
582,32,Male,Sweater,Clothing,100,Iowa,XL,Charcoal,Winter,2.7,Yes,Store Pickup,Yes,12,Bank Transfer,Every 3 Months,Adult,90,Emerging,True,True,Other,Other,Occasional,0.44871428571428573,Mid
583,40,Male,Jacket,Outerwear,77,Colorado,L,Turquoise,Spring,4.9,Yes,Store Pickup,Yes,2,Bank Transfer,Quarterly,Adult,90,New/Low,True,True,Other,Other,Occasional,0.47892857142857154,High
584,25,Male,Shorts,Clothing,78,California,L,Yellow,Spring,4.0,Yes,Store Pickup,Yes,38,PayPal,Monthly,Young Adult,30,Established,True,True,Other,Digital Wallet,Frequent,0.6338571428571429,VIP
585,70,Male,Socks,Clothing,94,Indiana,M,White,Spring,4.7,Yes,Free Shipping,Yes,20,Debit Card,Monthly,Senior,30,Emerging,True,True,Standard,Card,Frequent,0.6531428571428572,VIP
586,69,Male,Socks,Clothing,23,South Carolina,M,Gray,Fall,2.8,Yes,Next Day Air,Yes,5,Cash,Every 3 Months,Senior,90,New/Low,True,True,Express,Cash,Occasional,0.0662142857142857,Low
587,45,Male,Hoodie,Clothing,20,Wisconsin,S,Blue,Winter,4.9,Yes,2-Day Shipping,Yes,9,Venmo,Annually,Middle-aged,365,New/Low,True,True,Standard,Digital Wallet,Rare,0.26742857142857146,Low
588,29,Male,Socks,Clothing,86,Washington,S,Maroon,Fall,4.2,Yes,Express,Yes,48,Debit Card,Every 3 Months,Young Adult,90,Heavy,True,True,Express,Card,Occasional,0.7521428571428572,VIP
589,47,Male,Boots,Footwear,60,South Dakota,M,Violet,Fall,3.0,Yes,Standard,Yes,9,Debit Card,Quarterly,Middle-aged,90,New/Low,True,True,Standard,Card,Occasional,0.2764285714285714,Low
590,28,Male,Shirt,Clothing,70,Minnesota,M,Orange,Fall,3.4,Yes,2-Day Shipping,Yes,40,PayPal,Annually,Young Adult,365,Established,True,True,Standard,Digital Wallet,Rare,0.5567142857142856,High
591,64,Male,Belt,Accessories,39,Alaska,S,Turquoise,Fall,4.6,Yes,Standard,Yes,30,Venmo,Fortnightly,Senior,14,Established,True,True,Standard,Digital Wallet,Frequent,0.4609285714285714,Mid
592,47,Male,Backpack,Accessories,37,Kentucky,L,Olive,Fall,4.2,Yes,Store Pickup,Yes,6,Debit Card,Bi-Weekly,Middle-aged,14,New/Low,True,True,Other,Card,Frequent,0.2616428571428571,Low
593,60,Male,Boots,Footwear,29,North Dakota,M,Brown,Fall,3.2,Yes,Free Shipping,Yes,42,Venmo,Every 3 Months,Senior,90,Heavy,True,True,Standard,Digital Wallet,Occasional,0.3670714285714286,Mid
594,67,Male,Coat,Outerwear,35,Alaska,S,Green,Winter,4.4,Yes,Store Pickup,Yes,9,PayPal,Every 3 Months,Senior,90,New/Low,True,True,Other,Digital Wallet,Occasional,0.2899285714285715,Low
595,35,Male,Hoodie,Clothing,83,Oklahoma,S,Brown,Winter,2.5,Yes,Next Day Air,Yes,6,Debit Card,Monthly,Adult,30,New/Low,True,True,Express,Card,Frequent,0.3156428571428571,Low
596,30,Male,Shoes,Footwear,77,Delaware,M,Silver,Summer,3.6,Yes,Next Day Air,Yes,47,PayPal,Quarterly,Young Adult,90,Heavy,True,True,Express,Digital Wallet,Occasional,0.6512142857142857,VIP
597,23,Male,Shoes,Footwear,37,Montana,XL,White,Summer,4.5,Yes,Store Pickup,Yes,36,Venmo,Annually,Young Adult,365,Established,True,True,Other,Digital Wallet,Rare,0.48150000000000004,High
598,70,Male,Jewelry,Accessories,69,Alaska,L,Gold,Summer,3.4,Yes,Standard,Yes,19,Bank Transfer,Fortnightly,Senior,14,Emerging,True,True,Standard,Other,Frequent,0.4172142857142857,Mid
599,21,Male,Dress,Clothing,66,California,L,Green,Winter,3.2,Yes,2-Day Shipping,Yes,30,Cash,Every 3 Months,Young Adult,90,Established,True,True,Standard,Cash,Occasional,0.4564285714285714,Mid
600,51,Male,Boots,Footwear,26,Massachusetts,L,Teal,Spring,4.2,Yes,Standard,Yes,27,Debit Card,Every 3 Months,Middle-aged,90,Established,True,True,Standard,Card,Occasional,0.34714285714285714,Low
601,22,Male,Hat,Accessories,63,South Carolina,M,Charcoal,Spring,5.0,Yes,2-Day Shipping,Yes,25,Venmo,Monthly,Young Adult,30,Emerging,True,True,Standard,Digital Wallet,Frequent,0.5727857142857142,High
602,32,Male,Backpack,Accessories,38,West Virginia,M,Maroon,Summer,4.7,Yes,Store Pickup,Yes,5,Cash,Fortnightly,Adult,14,New/Low,True,True,Other,Cash,Frequent,0.30471428571428577,Low
603,37,Male,Shoes,Footwear,58,Oregon,L,Lavender,Summer,4.2,Yes,Next Day Air,Yes,10,Cash,Every 3 Months,Adult,90,New/Low,True,True,Express,Cash,Occasional,0.38185714285714284,Mid
604,31,Male,Handbag,Accessories,46,Massachusetts,L,Green,Winter,3.4,Yes,2-Day Shipping,Yes,26,PayPal,Every 3 Months,Young Adult,90,Established,True,True,Standard,Digital Wallet,Occasional,0.3587142857142857,Mid
605,44,Male,Sunglasses,Accessories,92,West Virginia,S,Pink,Fall,4.4,Yes,Store Pickup,Yes,11,Credit Card,Every 3 Months,Adult,90,Emerging,True,True,Other,Card,Occasional,0.5592857142857144,High
606,40,Male,Hat,Accessories,32,California,XL,Charcoal,Winter,4.2,Yes,Standard,Yes,17,Bank Transfer,Weekly,Adult,7,Emerging,True,True,Standard,Other,Very Frequent,0.3098571428571429,Low
607,27,Male,Scarf,Accessories,90,Colorado,M,Blue,Spring,4.5,Yes,Standard,Yes,44,PayPal,Monthly,Young Adult,30,Heavy,True,True,Standard,Digital Wallet,Frequent,0.7714285714285715,VIP
608,47,Male,Hoodie,Clothing,23,Indiana,L,Purple,Fall,2.8,Yes,Next Day Air,Yes,44,Cash,Monthly,Middle-aged,30,Heavy,True,True,Express,Cash,Frequent,0.3169285714285714,Low
609,41,Male,Backpack,Accessories,25,Delaware,S,Gold,Fall,3.3,Yes,Next Day Air,Yes,21,Venmo,Every 3 Months,Adult,90,Emerging,True,True,Express,Digital Wallet,Occasional,0.22307142857142856,Low
610,51,Male,Sweater,Clothing,54,Ohio,L,Purple,Fall,4.6,Yes,Next Day Air,Yes,49,Credit Card,Fortnightly,Middle-aged,14,Heavy,True,True,Express,Card,Frequent,0.6505714285714285,VIP
611,53,Male,Shorts,Clothing,72,Oklahoma,M,Charcoal,Summer,2.5,Yes,Free Shipping,Yes,27,Bank Transfer,Every 3 Months,Middle-aged,90,Established,True,True,Standard,Other,Occasional,0.4011428571428572,Mid
612,43,Male,Scarf,Accessories,33,California,M,Black,Winter,4.7,Yes,Store Pickup,Yes,19,Cash,Monthly,Adult,30,Emerging,True,True,Other,Cash,Frequent,0.3722142857142857,Mid
613,67,Male,Hat,Accessories,43,New Hampshire,L,Lavender,Fall,4.6,Yes,Express,Yes,33,Credit Card,Quarterly,Senior,90,Established,True,True,Express,Card,Occasional,0.49821428571428567,High
614,61,Male,Coat,Outerwear,51,Pennsylvania,L,Lavender,Fall,2.6,Yes,Standard,Yes,46,Cash,Bi-Weekly,Senior,14,Heavy,True,True,Standard,Cash,Frequent,0.4377857142857143,Mid
615,68,Male,Jewelry,Accessories,85,Idaho,M,Lavender,Winter,4.0,Yes,Standard,Yes,21,Credit Card,Bi-Weekly,Senior,14,Emerging,True,True,Standard,Card,Frequent,0.5560714285714287,High
616,67,Male,Sandals,Footwear,100,Maryland,L,Olive,Summer,2.6,Yes,Next Day Air,Yes,23,Venmo,Annually,Senior,365,Emerging,True,True,Express,Digital Wallet,Rare,0.5104285714285715,High
617,29,Male,Gloves,Accessories,72,Pennsylvania,L,Teal,Spring,4.6,Yes,Free Shipping,Yes,38,Credit Card,Every 3 Months,Young Adult,90,Established,True,True,Standard,Card,Occasional,0.6608571428571428,VIP
618,50,Male,Backpack,Accessories,57,Colorado,M,Maroon,Fall,2.6,Yes,Standard,Yes,2,Bank Transfer,Quarterly,Middle-aged,90,New/Low,True,True,Standard,Other,Occasional,0.18192857142857147,Low
619,61,Male,Jacket,Outerwear,94,Indiana,L,Cyan,Spring,4.0,Yes,Express,Yes,21,Debit Card,Bi-Weekly,Senior,14,Emerging,True,True,Express,Card,Frequent,0.5965714285714286,VIP
620,19,Male,Backpack,Accessories,34,Nebraska,M,Charcoal,Summer,4.6,Yes,Store Pickup,Yes,1,Debit Card,Every 3 Months,Young Adult,90,New/Low,True,True,Other,Card,Occasional,0.252,Low
621,33,Male,Backpack,Accessories,89,Rhode Island,M,Black,Fall,3.7,Yes,2-Day Shipping,Yes,10,Venmo,Every 3 Months,Adult,90,New/Low,True,True,Standard,Digital Wallet,Occasional,0.4763571428571429,High
622,51,Male,Sunglasses,Accessories,27,Kansas,S,Red,Fall,4.4,Yes,Store Pickup,Yes,45,Credit Card,Weekly,Middle-aged,7,Heavy,True,True,Other,Card,Very Frequent,0.4853571428571428,High
623,69,Male,Socks,Clothing,63,Georgia,S,Peach,Spring,4.0,Yes,Next Day Air,Yes,44,Bank Transfer,Fortnightly,Senior,14,Heavy,True,True,Express,Other,Frequent,0.6049285714285715,VIP
624,19,Male,Shoes,Footwear,70,Nevada,M,White,Fall,4.7,Yes,Standard,Yes,48,PayPal,Bi-Weekly,Young Adult,14,Heavy,True,True,Standard,Digital Wallet,Frequent,0.7251428571428571,VIP
625,55,Male,Pants,Clothing,87,South Carolina,XL,Pink,Fall,3.4,Yes,Express,Yes,21,PayPal,Annually,Middle-aged,365,Emerging,True,True,Express,Digital Wallet,Rare,0.5110714285714286,High
626,49,Male,Jewelry,Accessories,79,Delaware,M,Red,Fall,4.0,Yes,Next Day Air,Yes,1,Venmo,Weekly,Middle-aged,7,New/Low,True,True,Express,Digital Wallet,Very Frequent,0.4005000000000001,Mid
627,31,Male,Sunglasses,Accessories,79,New Hampshire,M,Indigo,Spring,3.9,Yes,Standard,Yes,10,Venmo,Annually,Young Adult,365,New/Low,True,True,Standard,Digital Wallet,Rare,0.4493571428571429,Mid
628,42,Male,Sandals,Footwear,44,Oregon,L,Black,Winter,4.1,Yes,Express,Yes,24,PayPal,Monthly,Adult,30,Emerging,True,True,Express,Digital Wallet,Frequent,0.3998571428571428,Mid
629,69,Male,Sweater,Clothing,85,Massachusetts,M,White,Fall,3.7,Yes,2-Day Shipping,Yes,29,Credit Card,Monthly,Senior,30,Established,True,True,Standard,Card,Frequent,0.5805,High
630,26,Male,Shoes,Footwear,90,Vermont,L,Beige,Spring,4.7,Yes,Standard,Yes,11,Debit Card,Annually,Young Adult,365,Emerging,True,True,Standard,Card,Rare,0.5772857142857143,High
631,41,Male,Jewelry,Accessories,94,Mississippi,S,Silver,Fall,4.3,Yes,2-Day Shipping,Yes,33,Debit Card,Annually,Adult,365,Established,True,True,Standard,Card,Rare,0.7007142857142856,VIP
632,55,Male,Boots,Footwear,68,Washington,S,Violet,Summer,4.1,Yes,Store Pickup,Yes,27,Cash,Fortnightly,Middle-aged,14,Established,True,True,Other,Cash,Frequent,0.5271428571428571,High
633,35,Male,Backpack,Accessories,51,Wyoming,M,Red,Winter,3.9,Yes,Next Day Air,Yes,19,Venmo,Fortnightly,Adult,14,Emerging,True,True,Express,Digital Wallet,Frequent,0.3812142857142857,Mid
634,66,Male,Sandals,Footwear,33,Minnesota,M,Orange,Spring,2.9,Yes,Express,Yes,50,Debit Card,Quarterly,Senior,90,Heavy,True,True,Express,Card,Occasional,0.4095,Mid
635,36,Male,Sneakers,Footwear,60,Ohio,M,Teal,Summer,3.9,Yes,Standard,Yes,46,PayPal,Weekly,Adult,7,Heavy,True,True,Standard,Digital Wallet,Very Frequent,0.5952857142857142,VIP
636,27,Male,Hoodie,Clothing,59,South Carolina,M,Brown,Fall,4.3,Yes,2-Day Shipping,Yes,28,Cash,Quarterly,Young Adult,90,Established,True,True,Standard,Cash,Occasional,0.5110714285714286,High
637,41,Male,Handbag,Accessories,30,Wisconsin,M,Indigo,Summer,2.8,Yes,Store Pickup,Yes,14,Bank Transfer,Every 3 Months,Adult,90,Emerging,True,True,Other,Other,Occasional,0.15557142857142855,Low
638,21,Male,Sweater,Clothing,20,Tennessee,M,Cyan,Winter,3.4,Yes,2-Day Shipping,Yes,46,Cash,Fortnightly,Young Adult,14,Heavy,True,True,Standard,Cash,Frequent,0.3702857142857142,Mid
639,53,Male,Sandals,Footwear,20,Maryland,S,Blue,Summer,2.7,Yes,Express,Yes,41,PayPal,Monthly,Middle-aged,30,Heavy,True,True,Express,Digital Wallet,Frequent,0.27514285714285713,Low
640,54,Male,Dress,Clothing,24,Mississippi,L,Olive,Spring,4.0,Yes,2-Day Shipping,Yes,50,Credit Card,Annually,Middle-aged,365,Heavy,True,True,Standard,Card,Rare,0.468,Mid
641,53,Male,Skirt,Clothing,88,Minnesota,M,Gray,Summer,4.4,Yes,Store Pickup,Yes,28,Debit Card,Fortnightly,Middle-aged,14,Established,True,True,Other,Card,Frequent,0.6505714285714287,VIP
642,47,Male,Blouse,Clothing,78,Alaska,M,Red,Winter,3.9,Yes,2-Day Shipping,Yes,23,Credit Card,Every 3 Months,Middle-aged,90,Emerging,True,True,Standard,Card,Occasional,0.5284285714285714,High
643,64,Male,Skirt,Clothing,25,Arkansas,L,Red,Spring,2.8,Yes,2-Day Shipping,Yes,14,Debit Card,Bi-Weekly,Senior,14,Emerging,True,True,Standard,Card,Frequent,0.13307142857142853,Low
644,18,Male,Sweater,Clothing,57,Oregon,XL,Green,Winter,3.2,Yes,Next Day Air,Yes,10,Bank Transfer,Every 3 Months,Young Adult,90,New/Low,True,True,Express,Other,Occasional,0.2873571428571429,Low
645,68,Male,Backpack,Accessories,93,Louisiana,S,Blue,Summer,4.3,Yes,Next Day Air,Yes,37,Cash,Weekly,Senior,7,Established,True,True,Express,Cash,Very Frequent,0.7219285714285714,VIP
646,62,Male,Hoodie,Clothing,42,Oklahoma,S,Purple,Summer,4.2,Yes,Express,Yes,15,Venmo,Bi-Weekly,Senior,14,Emerging,True,True,Express,Digital Wallet,Frequent,0.342,Low
647,51,Male,Boots,Footwear,54,Indiana,XL,Pink,Spring,4.9,Yes,Standard,Yes,19,Venmo,Bi-Weekly,Middle-aged,14,Emerging,True,True,Standard,Digital Wallet,Frequent,0.4847142857142858,High
648,54,Male,Blouse,Clothing,70,Mississippi,XL,Charcoal,Summer,3.7,Yes,Express,Yes,23,Credit Card,Fortnightly,Middle-aged,14,Emerging,True,True,Express,Card,Frequent,0.4744285714285714,High
649,22,Male,Hoodie,Clothing,31,Michigan,M,Brown,Winter,4.1,Yes,Store Pickup,Yes,35,Credit Card,Weekly,Young Adult,7,Established,True,True,Other,Card,Very Frequent,0.41207142857142853,Mid
650,53,Male,Pants,Clothing,93,Delaware,L,Orange,Spring,4.2,Yes,Store Pickup,Yes,33,PayPal,Every 3 Months,Middle-aged,90,Established,True,True,Other,Digital Wallet,Occasional,0.6872142857142858,VIP
651,34,Male,Gloves,Accessories,40,Florida,M,Magenta,Spring,3.9,Yes,Next Day Air,Yes,12,Bank Transfer,Annually,Adult,365,Emerging,True,True,Express,Other,Rare,0.2867142857142857,Low
652,32,Male,Hat,Accessories,32,Arkansas,L,Yellow,Summer,2.9,Yes,Next Day Air,Yes,41,Venmo,Fortnightly,Adult,14,Heavy,True,True,Express,Digital Wallet,Frequent,0.34714285714285714,Low
653,64,Male,Sunglasses,Accessories,27,Minnesota,M,Beige,Winter,3.1,Yes,Free Shipping,Yes,27,Venmo,Weekly,Senior,7,Established,True,True,Standard,Digital Wallet,Very Frequent,0.25264285714285717,Low
654,20,Male,Scarf,Accessories,68,North Dakota,M,Olive,Winter,3.6,Yes,2-Day Shipping,Yes,45,Cash,Fortnightly,Young Adult,14,Heavy,True,True,Standard,Cash,Frequent,0.5978571428571429,VIP
655,24,Male,Handbag,Accessories,59,California,L,Gray,Summer,4.4,Yes,2-Day Shipping,Yes,23,Venmo,Annually,Young Adult,365,Emerging,True,True,Standard,Digital Wallet,Rare,0.48792857142857143,High
656,20,Male,Handbag,Accessories,36,Mississippi,S,Purple,Fall,3.1,Yes,Free Shipping,Yes,19,Venmo,Monthly,Young Adult,30,Emerging,True,True,Standard,Digital Wallet,Frequent,0.24171428571428571,Low
657,42,Male,Jeans,Clothing,23,Pennsylvania,M,Beige,Summer,3.9,Yes,Standard,Yes,6,PayPal,Quarterly,Adult,90,New/Low,True,True,Standard,Digital Wallet,Occasional,0.17164285714285712,Low
658,48,Male,Jacket,Outerwear,80,Arizona,M,White,Winter,4.3,Yes,Free Shipping,Yes,6,PayPal,Quarterly,Middle-aged,90,New/Low,True,True,Standard,Digital Wallet,Occasional,0.46414285714285725,Mid
659,62,Male,Backpack,Accessories,37,Louisiana,S,White,Fall,4.9,Yes,Store Pickup,Yes,20,Venmo,Weekly,Senior,7,Emerging,True,True,Other,Digital Wallet,Very Frequent,0.4146428571428572,Mid
660,62,Male,Shorts,Clothing,52,Virginia,S,Gold,Spring,3.6,Yes,2-Day Shipping,Yes,8,Cash,Weekly,Senior,7,New/Low,True,True,Standard,Cash,Very Frequent,0.2880000000000001,Low
661,50,Male,Coat,Outerwear,79,Montana,M,Olive,Fall,5.0,Yes,2-Day Shipping,Yes,39,Credit Card,Quarterly,Middle-aged,90,Established,True,True,Standard,Card,Occasional,0.7347857142857144,VIP
662,57,Male,Shirt,Clothing,68,Iowa,XL,Green,Fall,4.1,Yes,Store Pickup,Yes,39,Credit Card,Quarterly,Middle-aged,90,Established,True,True,Other,Card,Occasional,0.6042857142857142,VIP
663,24,Male,Gloves,Accessories,98,Illinois,L,Magenta,Fall,2.8,Yes,Express,Yes,39,Venmo,Bi-Weekly,Young Adult,14,Established,True,True,Express,Digital Wallet,Frequent,0.6222857142857143,VIP
664,59,Male,Dress,Clothing,83,Alaska,M,Charcoal,Fall,4.7,Yes,Express,Yes,23,Credit Card,Monthly,Senior,30,Emerging,True,True,Express,Card,Frequent,0.6229285714285715,VIP
665,63,Male,Pants,Clothing,83,Colorado,M,Indigo,Winter,4.4,Yes,Express,Yes,41,PayPal,Bi-Weekly,Senior,14,Heavy,True,True,Express,Digital Wallet,Frequent,0.7116428571428572,VIP
666,41,Male,Pants,Clothing,55,New Mexico,M,Peach,Spring,4.9,Yes,2-Day Shipping,Yes,50,Credit Card,Annually,Adult,365,Heavy,True,True,Standard,Card,Rare,0.6885000000000001,VIP
667,35,Male,Hoodie,Clothing,26,Colorado,L,Turquoise,Winter,3.1,Yes,Free Shipping,Yes,30,Debit Card,Quarterly,Adult,90,Established,True,True,Standard,Card,Occasional,0.26742857142857146,Low
668,34,Male,Sunglasses,Accessories,76,Arizona,S,Blue,Winter,2.6,Yes,Standard,Yes,32,Bank Transfer,Quarterly,Adult,90,Established,True,True,Standard,Other,Occasional,0.46028571428571424,Mid
669,49,Male,T-shirt,Clothing,85,Hawaii,S,Turquoise,Fall,2.9,Yes,Express,Yes,35,Bank Transfer,Monthly,Middle-aged,30,Established,True,True,Express,Other,Frequent,0.5470714285714287,High
670,43,Male,Jacket,Outerwear,89,Illinois,M,Gray,Spring,3.3,Yes,Free Shipping,Yes,45,Venmo,Bi-Weekly,Adult,14,Heavy,True,True,Standard,Digital Wallet,Frequent,0.6653571428571428,VIP
671,63,Male,Sweater,Clothing,41,Louisiana,XL,Purple,Spring,4.8,Yes,Next Day Air,Yes,37,Cash,Bi-Weekly,Senior,14,Established,True,True,Express,Cash,Frequent,0.5329285714285714,High
672,38,Male,Jacket,Outerwear,30,Iowa,L,Black,Winter,4.7,Yes,Express,Yes,45,Cash,Weekly,Adult,7,Heavy,True,True,Express,Cash,Very Frequent,0.5258571428571429,High
673,59,Male,Socks,Clothing,53,Washington,M,Peach,Winter,3.3,Yes,2-Day Shipping,Yes,29,Cash,Quarterly,Senior,90,Established,True,True,Standard,Cash,Occasional,0.40049999999999997,Mid
674,35,Male,Shirt,Clothing,66,Oklahoma,M,Indigo,Spring,4.2,Yes,Free Shipping,Yes,27,Venmo,Bi-Weekly,Adult,14,Established,True,True,Standard,Digital Wallet,Frequent,0.5271428571428571,High
675,48,Male,Jewelry,Accessories,33,Washington,XL,Beige,Winter,4.7,Yes,Store Pickup,Yes,36,Bank Transfer,Annually,Middle-aged,365,Established,True,True,Other,Other,Rare,0.48150000000000004,High
676,64,Male,Sunglasses,Accessories,86,Arkansas,M,Yellow,Spring,2.6,Yes,2-Day Shipping,Yes,9,Cash,Annually,Senior,365,New/Low,True,True,Standard,Cash,Rare,0.35742857142857143,Mid
677,28,Male,Pants,Clothing,60,Connecticut,M,Peach,Winter,2.9,Yes,2-Day Shipping,Yes,38,Venmo,Bi-Weekly,Young Adult,14,Established,True,True,Standard,Digital Wallet,Frequent,0.4538571428571428,Mid
678,60,Male,Socks,Clothing,62,Washington,S,Turquoise,Summer,2.7,Yes,Express,Yes,41,PayPal,Annually,Senior,365,Heavy,True,True,Express,Digital Wallet,Rare,0.46414285714285725,Mid
679,27,Male,Blouse,Clothing,74,Maine,M,Teal,Fall,3.3,Yes,Store Pickup,Yes,25,Debit Card,Every 3 Months,Young Adult,90,Emerging,True,True,Other,Card,Occasional,0.46928571428571425,Mid
680,56,Male,Sandals,Footwear,95,Michigan,M,Turquoise,Fall,3.4,Yes,Express,Yes,37,Venmo,Fortnightly,Middle-aged,14,Established,True,True,Express,Digital Wallet,Frequent,0.6499285714285714,VIP
681,58,Male,Sneakers,Footwear,25,Tennessee,M,Magenta,Spring,4.2,Yes,Express,Yes,3,PayPal,Annually,Senior,365,New/Low,True,True,Express,Digital Wallet,Rare,0.18835714285714286,Low
682,30,Male,Shirt,Clothing,59,Louisiana,XL,Purple,Winter,3.8,Yes,2-Day Shipping,Yes,24,Credit Card,Every 3 Months,Young Adult,90,Emerging,True,True,Standard,Card,Occasional,0.4403571428571429,Mid
683,23,Male,Jacket,Outerwear,29,Missouri,M,Brown,Summer,4.0,Yes,Standard,Yes,49,Credit Card,Bi-Weekly,Young Adult,14,Heavy,True,True,Standard,Card,Frequent,0.48407142857142854,High
684,33,Male,Sandals,Footwear,36,Michigan,S,Violet,Winter,2.7,Yes,Free Shipping,Yes,3,Bank Transfer,Monthly,Adult,30,New/Low,True,True,Standard,Other,Frequent,0.1028571428571429,Low
685,63,Male,Hat,Accessories,82,Alabama,M,Yellow,Summer,4.7,Yes,Express,Yes,42,Debit Card,Monthly,Senior,30,Heavy,True,True,Express,Card,Frequent,0.7405714285714287,VIP
686,70,Male,Blouse,Clothing,71,Massachusetts,XL,Magenta,Winter,3.5,Yes,Standard,Yes,32,Cash,Fortnightly,Senior,14,Established,True,True,Standard,Cash,Frequent,0.5187857142857143,High
687,70,Male,Sweater,Clothing,35,Indiana,L,Beige,Fall,3.0,Yes,2-Day Shipping,Yes,33,Venmo,Fortnightly,Senior,14,Established,True,True,Standard,Digital Wallet,Frequent,0.31821428571428567,Low
688,19,Male,Gloves,Accessories,38,West Virginia,XL,Turquoise,Winter,3.3,Yes,Free Shipping,Yes,46,Bank Transfer,Quarterly,Young Adult,90,Heavy,True,True,Standard,Other,Occasional,0.4422857142857143,Mid
689,25,Male,Scarf,Accessories,59,Michigan,S,Peach,Summer,4.7,Yes,Store Pickup,Yes,44,Venmo,Monthly,Young Adult,30,Heavy,True,True,Other,Digital Wallet,Frequent,0.6499285714285715,VIP
690,19,Male,Hoodie,Clothing,91,Pennsylvania,M,Orange,Summer,4.7,Yes,Express,Yes,35,Credit Card,Every 3 Months,Young Adult,90,Established,True,True,Express,Card,Occasional,0.7360714285714286,VIP
691,25,Male,Shorts,Clothing,68,Alaska,XL,Red,Spring,4.8,Yes,Standard,Yes,45,Bank Transfer,Weekly,Young Adult,7,Heavy,True,True,Standard,Other,Very Frequent,0.7058571428571428,VIP
692,60,Male,Backpack,Accessories,21,Massachusetts,L,Silver,Summer,2.9,Yes,Standard,Yes,37,PayPal,Bi-Weekly,Senior,14,Established,True,True,Standard,Digital Wallet,Frequent,0.2719285714285714,Low
693,35,Male,Sunglasses,Accessories,95,North Dakota,M,Cyan,Spring,4.0,Yes,2-Day Shipping,Yes,40,Debit Card,Every 3 Months,Adult,90,Established,True,True,Standard,Card,Occasional,0.7232142857142857,VIP
694,46,Male,Shorts,Clothing,52,Vermont,L,Turquoise,Spring,3.1,Yes,Free Shipping,Yes,30,Cash,Every 3 Months,Middle-aged,90,Established,True,True,Standard,Cash,Occasional,0.38442857142857145,Mid
695,41,Male,Dress,Clothing,21,Kentucky,S,Charcoal,Fall,3.5,Yes,2-Day Shipping,Yes,38,Venmo,Every 3 Months,Adult,90,Established,True,True,Standard,Digital Wallet,Occasional,0.3323571428571428,Low
696,30,Male,Shorts,Clothing,67,Nevada,XL,Peach,Summer,3.7,Yes,Next Day Air,Yes,15,Debit Card,Every 3 Months,Young Adult,90,Emerging,True,True,Express,Card,Occasional,0.4095000000000001,Mid
697,44,Male,Belt,Accessories,42,Utah,L,Green,Fall,2.8,Yes,Standard,Yes,49,Cash,Monthly,Adult,30,Heavy,True,True,Standard,Cash,Frequent,0.43457142857142855,Mid
698,61,Male,Scarf,Accessories,63,North Dakota,XL,Brown,Summer,4.6,Yes,Free Shipping,Yes,40,Debit Card,Quarterly,Senior,90,Established,True,True,Standard,Card,Occasional,0.6332142857142857,VIP
699,55,Male,Boots,Footwear,41,Iowa,M,Yellow,Winter,3.8,Yes,Standard,Yes,40,Debit Card,Weekly,Middle-aged,7,Established,True,True,Standard,Card,Very Frequent,0.46221428571428574,Mid
700,50,Male,Handbag,Accessories,46,Connecticut,M,Charcoal,Fall,2.6,Yes,2-Day Shipping,Yes,5,PayPal,Weekly,Middle-aged,7,New/Low,True,True,Standard,Digital Wallet,Very Frequent,0.15171428571428575,Low
701,57,Male,Pants,Clothing,79,Wisconsin,L,Olive,Winter,4.1,Yes,Standard,Yes,5,PayPal,Monthly,Middle-aged,30,New/Low,True,True,Standard,Digital Wallet,Frequent,0.4352142857142857,Mid
702,51,Male,Boots,Footwear,90,Idaho,L,Red,Fall,3.3,Yes,Next Day Air,Yes,5,Debit Card,Every 3 Months,Middle-aged,90,New/Low,True,True,Express,Card,Occasional,0.41271428571428576,Mid
703,18,Male,Shirt,Clothing,71,Montana,M,White,Winter,3.4,Yes,Store Pickup,Yes,1,Cash,Weekly,Young Adult,7,New/Low,True,True,Other,Cash,Very Frequent,0.3105,Low
704,63,Male,Dress,Clothing,87,Connecticut,L,Pink,Summer,3.0,Yes,Standard,Yes,21,Venmo,Weekly,Senior,7,Emerging,True,True,Standard,Digital Wallet,Very Frequent,0.47507142857142864,High
705,34,Male,Hoodie,Clothing,66,Idaho,S,Black,Spring,3.2,Yes,Express,Yes,18,PayPal,Annually,Adult,365,Emerging,True,True,Express,Digital Wallet,Rare,0.3792857142857143,Mid
706,25,Male,Pants,Clothing,90,Arkansas,XL,Indigo,Summer,4.5,Yes,Free Shipping,Yes,49,Cash,Quarterly,Young Adult,90,Heavy,True,True,Standard,Cash,Occasional,0.8035714285714285,VIP
707,46,Male,Jeans,Clothing,47,Iowa,L,Turquoise,Summer,4.8,Yes,Express,Yes,27,Debit Card,Weekly,Middle-aged,7,Established,True,True,Express,Card,Very Frequent,0.49564285714285716,High
708,59,Male,Shirt,Clothing,38,Louisiana,L,Purple,Spring,3.7,Yes,Next Day Air,Yes,21,Venmo,Annually,Senior,365,Emerging,True,True,Express,Digital Wallet,Rare,0.3175714285714286,Low
709,37,Male,Backpack,Accessories,50,Kentucky,L,Beige,Summer,3.4,Yes,Store Pickup,Yes,19,Cash,Fortnightly,Adult,14,Emerging,True,True,Other,Cash,Frequent,0.3317142857142857,Low
710,49,Male,Jacket,Outerwear,79,Massachusetts,L,Charcoal,Summer,4.6,Yes,Standard,Yes,23,Debit Card,Monthly,Middle-aged,30,Emerging,True,True,Standard,Card,Frequent,0.5959285714285715,VIP
711,22,Male,Scarf,Accessories,91,Virginia,L,Turquoise,Spring,4.1,Yes,Standard,Yes,26,PayPal,Fortnightly,Young Adult,14,Established,True,True,Standard,Digital Wallet,Frequent,0.6242142857142857,VIP
712,64,Male,Boots,Footwear,60,New Hampshire,M,Maroon,Spring,3.5,Yes,2-Day Shipping,Yes,13,Bank Transfer,Bi-Weekly,Senior,14,Emerging,True,True,Standard,Other,Frequent,0.34714285714285714,Low
713,42,Male,Blouse,Clothing,81,New Hampshire,XL,Black,Summer,3.8,Yes,Next Day Air,Yes,36,Bank Transfer,Quarterly,Adult,90,Established,True,True,Express,Other,Occasional,0.6164999999999999,VIP
714,37,Male,Hoodie,Clothing,90,Oregon,M,Lavender,Summer,2.6,Yes,Express,Yes,39,Bank Transfer,Bi-Weekly,Adult,14,Established,True,True,Express,Other,Frequent,0.5682857142857143,High
715,26,Male,Jacket,Outerwear,70,South Dakota,M,Magenta,Fall,4.4,Yes,Store Pickup,Yes,40,Debit Card,Fortnightly,Young Adult,14,Established,True,True,Other,Card,Frequent,0.6467142857142857,VIP
716,33,Male,Jeans,Clothing,63,Delaware,L,Green,Spring,2.6,Yes,Express,Yes,37,Debit Card,Quarterly,Adult,90,Established,True,True,Express,Card,Occasional,0.4339285714285714,Mid
717,30,Male,Jewelry,Accessories,29,Missouri,M,Olive,Spring,3.6,Yes,Express,Yes,9,Venmo,Bi-Weekly,Young Adult,14,New/Low,True,True,Express,Digital Wallet,Frequent,0.19092857142857145,Low
718,21,Male,Socks,Clothing,90,Alaska,L,Green,Spring,4.2,Yes,Express,Yes,7,Venmo,Every 3 Months,Young Adult,90,New/Low,True,True,Express,Digital Wallet,Occasional,0.5065714285714287,High
719,22,Male,Shirt,Clothing,22,Florida,M,Peach,Summer,4.6,Yes,Standard,Yes,25,Bank Transfer,Annually,Young Adult,365,Emerging,True,True,Standard,Other,Rare,0.3522857142857142,Low
720,63,Male,Shorts,Clothing,22,Mississippi,L,Turquoise,Summer,3.3,Yes,Next Day Air,Yes,42,Venmo,Bi-Weekly,Senior,14,Heavy,True,True,Express,Digital Wallet,Frequent,0.34457142857142864,Low
721,33,Male,Jewelry,Accessories,62,New Mexico,L,Orange,Fall,3.4,Yes,Free Shipping,Yes,19,Debit Card,Weekly,Adult,7,Emerging,True,True,Standard,Card,Very Frequent,0.38571428571428573,Mid
722,43,Male,Blouse,Clothing,57,California,L,Silver,Summer,4.4,Yes,Next Day Air,Yes,41,Debit Card,Every 3 Months,Adult,90,Heavy,True,True,Express,Card,Occasional,0.5946428571428573,VIP
723,27,Male,Sweater,Clothing,32,Wyoming,S,Blue,Summer,4.3,Yes,Store Pickup,Yes,50,Cash,Bi-Weekly,Young Adult,14,Heavy,True,True,Other,Cash,Frequent,0.531,High
724,35,Male,Jewelry,Accessories,53,Missouri,L,Cyan,Fall,3.5,Yes,Express,Yes,43,PayPal,Monthly,Adult,30,Heavy,True,True,Express,Digital Wallet,Frequent,0.5085,High
725,37,Male,T-shirt,Clothing,79,New Hampshire,XL,Green,Fall,4.7,Yes,Store Pickup,Yes,36,Venmo,Every 3 Months,Adult,90,Established,True,True,Other,Digital Wallet,Occasional,0.6885000000000001,VIP
726,61,Male,Hat,Accessories,61,Texas,L,Silver,Winter,3.1,Yes,Standard,Yes,33,Debit Card,Fortnightly,Senior,14,Established,True,True,Standard,Card,Frequent,0.4442142857142857,Mid
727,32,Male,Shorts,Clothing,78,North Dakota,L,Yellow,Summer,3.6,Yes,Next Day Air,Yes,20,Bank Transfer,Every 3 Months,Adult,90,Emerging,True,True,Express,Other,Occasional,0.48214285714285715,High
728,62,Male,Sweater,Clothing,97,Arkansas,S,Gray,Winter,4.8,Yes,Next Day Air,Yes,37,Venmo,Every 3 Months,Senior,90,Established,True,True,Express,Digital Wallet,Occasional,0.7849285714285714,VIP
729,29,Male,Jeans,Clothing,78,Nebraska,M,Pink,Winter,3.7,Yes,Next Day Air,Yes,12,PayPal,Every 3 Months,Young Adult,90,Emerging,True,True,Express,Digital Wallet,Occasional,0.4397142857142857,Mid
730,41,Male,Sunglasses,Accessories,56,Minnesota,L,Beige,Summer,3.2,Yes,Express,Yes,46,PayPal,Every 3 Months,Adult,90,Heavy,True,True,Express,Digital Wallet,Occasional,0.5142857142857143,High
731,48,Male,Boots,Footwear,25,Massachusetts,M,Indigo,Summer,3.9,Yes,Standard,Yes,28,Venmo,Fortnightly,Middle-aged,14,Established,True,True,Standard,Digital Wallet,Frequent,0.32207142857142856,Low
732,43,Male,Coat,Outerwear,28,Arkansas,M,Red,Spring,3.5,Yes,Free Shipping,Yes,30,PayPal,Fortnightly,Adult,14,Established,True,True,Standard,Digital Wallet,Frequent,0.31242857142857144,Low
733,34,Male,Shirt,Clothing,57,New Hampshire,L,Blue,Spring,2.8,Yes,Express,Yes,28,Cash,Bi-Weekly,Adult,14,Established,True,True,Express,Cash,Frequent,0.3670714285714286,Mid
734,45,Male,Dress,Clothing,36,Rhode Island,L,Cyan,Fall,2.7,Yes,2-Day Shipping,Yes,20,Debit Card,Bi-Weekly,Middle-aged,14,Emerging,True,True,Standard,Card,Frequent,0.21214285714285716,Low
735,65,Male,Shirt,Clothing,69,New Jersey,S,Violet,Winter,3.1,Yes,Express,Yes,39,Bank Transfer,Every 3 Months,Senior,90,Established,True,True,Express,Other,Occasional,0.5187857142857144,High
736,61,Male,Sunglasses,Accessories,48,Montana,M,Orange,Fall,3.6,Yes,2-Day Shipping,Yes,48,Cash,Bi-Weekly,Senior,14,Heavy,True,True,Standard,Cash,Frequent,0.5271428571428571,High
737,18,Male,Dress,Clothing,58,Colorado,L,Maroon,Spring,2.9,Yes,2-Day Shipping,Yes,32,Credit Card,Every 3 Months,Young Adult,90,Established,True,True,Standard,Card,Occasional,0.40628571428571425,Mid
738,47,Male,Sunglasses,Accessories,24,Nebraska,M,Teal,Spring,3.6,Yes,Store Pickup,Yes,28,PayPal,Annually,Middle-aged,365,Established,True,True,Other,Digital Wallet,Rare,0.2905714285714286,Low
739,56,Male,Sunglasses,Accessories,31,Minnesota,L,Orange,Winter,3.5,Yes,2-Day Shipping,Yes,27,Venmo,Quarterly,Middle-aged,90,Established,True,True,Standard,Digital Wallet,Occasional,0.30664285714285716,Low
740,64,Male,Shorts,Clothing,29,Minnesota,S,Purple,Summer,3.5,Yes,Free Shipping,Yes,26,Venmo,Bi-Weekly,Senior,14,Established,True,True,Standard,Digital Wallet,Frequent,0.29121428571428576,Low
741,26,Male,Jeans,Clothing,69,South Dakota,M,Orange,Summer,2.8,Yes,Next Day Air,Yes,22,Credit Card,Fortnightly,Young Adult,14,Emerging,True,True,Express,Card,Frequent,0.3825,Mid
742,22,Male,T-shirt,Clothing,79,West Virginia,XL,Yellow,Summer,4.7,Yes,Free Shipping,Yes,23,Bank Transfer,Every 3 Months,Young Adult,90,Emerging,True,True,Standard,Other,Occasional,0.6049285714285715,VIP
743,64,Male,Pants,Clothing,39,Nevada,M,Charcoal,Summer,3.1,Yes,Express,Yes,21,Debit Card,Quarterly,Senior,90,Emerging,True,True,Express,Card,Occasional,0.26807142857142857,Low
744,21,Male,Sunglasses,Accessories,84,North Carolina,L,Gray,Fall,4.9,Yes,Free Shipping,Yes,36,Cash,Weekly,Young Adult,7,Established,True,True,Standard,Cash,Very Frequent,0.7290000000000001,VIP
745,67,Male,Boots,Footwear,66,Illinois,S,Charcoal,Spring,4.1,Yes,Next Day Air,Yes,42,Debit Card,Bi-Weekly,Senior,14,Heavy,True,True,Express,Card,Frequent,0.6145714285714285,VIP
746,46,Male,T-shirt,Clothing,92,Michigan,L,Orange,Fall,4.7,Yes,Standard,Yes,4,Venmo,Monthly,Middle-aged,30,New/Low,True,True,Standard,Digital Wallet,Frequent,0.5412857142857143,High
747,40,Male,Sandals,Footwear,45,Michigan,M,Red,Winter,2.5,Yes,Free Shipping,Yes,47,Credit Card,Annually,Adult,365,Heavy,True,True,Standard,Card,Rare,0.4082142857142857,Mid
748,51,Male,Shorts,Clothing,74,Oklahoma,L,Gold,Spring,4.4,Yes,Next Day Air,Yes,13,Bank Transfer,Weekly,Middle-aged,7,Emerging,True,True,Express,Other,Very Frequent,0.49114285714285716,High
749,35,Male,Hat,Accessories,39,South Dakota,L,Brown,Fall,3.9,Yes,Free Shipping,Yes,8,Bank Transfer,Quarterly,Adult,90,New/Low,True,True,Standard,Other,Occasional,0.2565,Low
750,56,Male,Scarf,Accessories,71,Oklahoma,M,Olive,Winter,3.7,Yes,Standard,Yes,11,Debit Card,Quarterly,Middle-aged,90,Emerging,True,True,Standard,Card,Occasional,0.40178571428571425,Mid
751,25,Male,T-shirt,Clothing,95,Maryland,L,Violet,Fall,3.4,Yes,Free Shipping,Yes,5,Venmo,Annually,Young Adult,365,New/Low,True,True,Standard,Digital Wallet,Rare,0.44421428571428573,Mid
752,65,Male,Gloves,Accessories,72,Ohio,L,Indigo,Fall,4.8,Yes,Free Shipping,Yes,1,Credit Card,Monthly,Senior,30,New/Low,True,True,Standard,Card,Frequent,0.441,Mid
753,39,Male,Scarf,Accessories,85,Ohio,L,Yellow,Fall,4.2,Yes,2-Day Shipping,Yes,17,PayPal,Every 3 Months,Adult,90,Emerging,True,True,Standard,Digital Wallet,Occasional,0.5483571428571429,High
754,47,Male,Boots,Footwear,54,Massachusetts,M,Teal,Fall,3.4,Yes,Store Pickup,Yes,27,Venmo,Quarterly,Middle-aged,90,Established,True,True,Other,Digital Wallet,Occasional,0.4011428571428572,Mid
755,36,Male,Gloves,Accessories,41,North Carolina,L,Pink,Spring,2.9,Yes,Store Pickup,Yes,3,Debit Card,Quarterly,Adult,90,New/Low,True,True,Other,Card,Occasional,0.14335714285714288,Low
756,66,Male,Coat,Outerwear,24,Florida,M,Violet,Spring,3.3,Yes,Free Shipping,Yes,22,PayPal,Weekly,Senior,7,Emerging,True,True,Standard,Digital Wallet,Very Frequent,0.22499999999999998,Low
757,62,Male,Belt,Accessories,99,Montana,S,Orange,Summer,4.8,Yes,Standard,Yes,24,Cash,Fortnightly,Senior,14,Emerging,True,True,Standard,Cash,Frequent,0.7103571428571428,VIP
758,41,Male,Hoodie,Clothing,32,Minnesota,M,Red,Fall,3.8,Yes,Store Pickup,Yes,18,Debit Card,Quarterly,Adult,90,Emerging,True,True,Other,Card,Occasional,0.28028571428571425,Low
759,66,Male,Shoes,Footwear,71,Massachusetts,L,Peach,Summer,4.6,Yes,2-Day Shipping,Yes,39,Bank Transfer,Every 3 Months,Senior,90,Established,True,True,Standard,Other,Occasional,0.6627857142857143,VIP
760,51,Male,Dress,Clothing,49,Rhode Island,XL,Green,Winter,2.6,Yes,Next Day Air,Yes,25,Credit Card,Fortnightly,Middle-aged,14,Emerging,True,True,Express,Card,Frequent,0.29378571428571426,Low
761,33,Male,Gloves,Accessories,50,Minnesota,XL,Violet,Fall,3.4,Yes,Free Shipping,Yes,6,Cash,Annually,Adult,365,New/Low,True,True,Standard,Cash,Rare,0.24814285714285714,Low
762,57,Male,Jewelry,Accessories,91,Nevada,L,Yellow,Fall,4.2,Yes,Express,Yes,26,Bank Transfer,Weekly,Middle-aged,7,Established,True,True,Express,Other,Very Frequent,0.6332142857142857,VIP
763,45,Male,Belt,Accessories,46,New Mexico,M,Pink,Fall,3.9,Yes,Standard,Yes,43,Debit Card,Fortnightly,Middle-aged,14,Heavy,True,True,Standard,Card,Frequent,0.513,High
764,61,Male,Sweater,Clothing,50,North Carolina,M,Brown,Spring,2.9,Yes,2-Day Shipping,Yes,6,Credit Card,Monthly,Senior,30,New/Low,True,True,Standard,Card,Frequent,0.20314285714285713,Low
765,55,Male,Skirt,Clothing,39,Virginia,XL,Silver,Fall,4.2,Yes,Free Shipping,Yes,6,Debit Card,Quarterly,Middle-aged,90,New/Low,True,True,Standard,Card,Occasional,0.27064285714285713,Low
766,54,Male,Sneakers,Footwear,99,Alaska,M,Pink,Summer,3.0,Yes,Store Pickup,Yes,13,Cash,Quarterly,Middle-aged,90,Emerging,True,True,Other,Cash,Occasional,0.47764285714285715,High
767,57,Male,Gloves,Accessories,48,Nevada,M,Cyan,Winter,3.6,Yes,Next Day Air,Yes,13,PayPal,Monthly,Middle-aged,30,Emerging,True,True,Express,Digital Wallet,Frequent,0.30214285714285716,Low
768,27,Male,Coat,Outerwear,77,Pennsylvania,M,Brown,Fall,2.5,Yes,Next Day Air,Yes,11,Cash,Annually,Young Adult,365,Emerging,True,True,Express,Cash,Rare,0.3207857142857143,Low
769,64,Male,Backpack,Accessories,95,Illinois,XL,Red,Spring,2.6,Yes,Express,Yes,45,Venmo,Weekly,Senior,7,Heavy,True,True,Express,Digital Wallet,Very Frequent,0.6293571428571428,VIP
770,52,Male,Socks,Clothing,100,Delaware,M,Silver,Spring,4.3,Yes,Store Pickup,Yes,8,PayPal,Monthly,Middle-aged,30,New/Low,True,True,Other,Digital Wallet,Frequent,0.5670000000000001,High
771,19,Male,Sneakers,Footwear,54,Vermont,M,Gray,Spring,3.3,Yes,Express,Yes,8,Credit Card,Annually,Young Adult,365,New/Low,True,True,Express,Card,Rare,0.27,Low
772,22,Male,Sweater,Clothing,68,Hawaii,L,Cyan,Fall,2.6,Yes,Next Day Air,Yes,34,Bank Transfer,Fortnightly,Young Adult,14,Established,True,True,Express,Other,Frequent,0.4371428571428571,Mid
773,18,Male,Jeans,Clothing,22,Illinois,L,Teal,Fall,3.6,Yes,Free Shipping,Yes,40,Debit Card,Bi-Weekly,Young Adult,14,Established,True,True,Standard,Card,Frequent,0.3587142857142857,Mid
774,29,Male,Hat,Accessories,84,California,L,Indigo,Winter,2.6,Yes,Express,Yes,14,Debit Card,Bi-Weekly,Young Adult,14,Emerging,True,True,Express,Card,Frequent,0.38057142857142867,Mid
775,42,Male,Hat,Accessories,46,Nevada,M,Yellow,Summer,3.5,Yes,Standard,Yes,11,Credit Card,Quarterly,Adult,90,Emerging,True,True,Standard,Card,Occasional,0.2712857142857143,Low
776,49,Male,Handbag,Accessories,53,Kentucky,S,Gold,Winter,3.0,Yes,Store Pickup,Yes,8,PayPal,Monthly,Middle-aged,30,New/Low,True,True,Other,Digital Wallet,Frequent,0.23850000000000002,Low
777,49,Male,Shirt,Clothing,60,Alabama,M,Maroon,Spring,5.0,Yes,Standard,Yes,8,Venmo,Every 3 Months,Middle-aged,90,New/Low,True,True,Standard,Digital Wallet,Occasional,0.45,Mid
778,55,Male,Socks,Clothing,32,Wyoming,XL,Silver,Spring,2.5,Yes,Express,Yes,37,Venmo,Weekly,Middle-aged,7,Established,True,True,Express,Digital Wallet,Very Frequent,0.2854285714285714,Low
779,29,Male,Socks,Clothing,50,Massachusetts,M,Yellow,Summer,2.9,Yes,Store Pickup,Yes,23,Debit Card,Annually,Young Adult,365,Emerging,True,True,Other,Card,Rare,0.31242857142857144,Low
780,60,Male,Dress,Clothing,94,Utah,M,Blue,Spring,4.6,Yes,Express,Yes,38,Cash,Annually,Senior,365,Established,True,True,Express,Cash,Rare,0.7598571428571429,VIP
781,34,Male,Shoes,Footwear,26,New York,M,Turquoise,Spring,3.6,Yes,Free Shipping,Yes,38,Cash,Quarterly,Adult,90,Established,True,True,Standard,Cash,Occasional,0.3638571428571428,Mid
782,30,Male,Scarf,Accessories,44,Vermont,L,Indigo,Winter,3.0,Yes,Store Pickup,Yes,12,Credit Card,Fortnightly,Young Adult,14,Emerging,True,True,Other,Card,Frequent,0.2237142857142857,Low
783,28,Male,Hoodie,Clothing,57,Hawaii,M,Green,Summer,4.5,Yes,Standard,Yes,15,Cash,Weekly,Young Adult,7,Emerging,True,True,Standard,Cash,Very Frequent,0.43650000000000005,Mid
784,63,Male,T-shirt,Clothing,65,Louisiana,L,Purple,Winter,4.5,Yes,Next Day Air,Yes,38,PayPal,Fortnightly,Senior,14,Established,True,True,Express,Digital Wallet,Frequent,0.6203571428571428,VIP
785,31,Male,Jeans,Clothing,72,Alabama,M,Peach,Winter,3.2,Yes,Store Pickup,Yes,41,Bank Transfer,Every 3 Months,Young Adult,90,Heavy,True,True,Other,Other,Occasional,0.5541428571428572,High
786,46,Male,Shorts,Clothing,62,Louisiana,S,Purple,Spring,4.0,Yes,Next Day Air,Yes,37,PayPal,Fortnightly,Middle-aged,14,Established,True,True,Express,Digital Wallet,Frequent,0.5554285714285714,High
787,70,Male,Hat,Accessories,21,Indiana,S,Teal,Winter,4.8,Yes,Express,Yes,16,Bank Transfer,Every 3 Months,Senior,90,Emerging,True,True,Express,Other,Occasional,0.30792857142857144,Low
788,53,Male,Handbag,Accessories,85,Michigan,S,Green,Spring,3.7,Yes,Free Shipping,Yes,25,Venmo,Weekly,Middle-aged,7,Emerging,True,True,Standard,Digital Wallet,Very Frequent,0.5547857142857143,High
789,50,Male,Pants,Clothing,51,Rhode Island,XL,Yellow,Summer,3.8,Yes,Store Pickup,Yes,18,Bank Transfer,Quarterly,Middle-aged,90,Emerging,True,True,Other,Other,Occasional,0.3657857142857143,Mid
790,33,Male,Handbag,Accessories,84,Idaho,S,Purple,Fall,2.7,Yes,Standard,Yes,4,Credit Card,Bi-Weekly,Adult,14,New/Low,True,True,Standard,Card,Frequent,0.32528571428571434,Low
791,22,Male,Sweater,Clothing,37,Louisiana,M,Indigo,Summer,4.9,Yes,Store Pickup,Yes,12,Bank Transfer,Quarterly,Young Adult,90,Emerging,True,True,Other,Other,Occasional,0.36321428571428577,Mid
792,50,Male,Scarf,Accessories,44,North Carolina,S,Magenta,Summer,3.1,Yes,2-Day Shipping,Yes,35,PayPal,Fortnightly,Middle-aged,14,Established,True,True,Standard,Digital Wallet,Frequent,0.38057142857142856,Mid
793,34,Male,Sneakers,Footwear,45,New Jersey,M,Violet,Spring,4.2,Yes,Next Day Air,Yes,45,Venmo,Weekly,Adult,7,Heavy,True,True,Express,Digital Wallet,Very Frequent,0.5483571428571429,High
794,24,Male,Pants,Clothing,35,Alabama,L,Maroon,Summer,3.8,Yes,Free Shipping,Yes,16,Credit Card,Monthly,Young Adult,30,Emerging,True,True,Standard,Card,Frequent,0.28092857142857147,Low
795,69,Male,Backpack,Accessories,50,Kentucky,XL,Yellow,Winter,4.2,Yes,Store Pickup,Yes,10,Debit Card,Fortnightly,Senior,14,New/Low,True,True,Other,Card,Frequent,0.3458571428571429,Low
796,39,Male,Sandals,Footwear,26,New York,M,Beige,Summer,4.6,Yes,Store Pickup,Yes,34,Venmo,Annually,Adult,365,Established,True,True,Other,Digital Wallet,Rare,0.4281428571428571,Mid
797,42,Male,Socks,Clothing,78,Arizona,XL,Black,Fall,4.0,Yes,2-Day Shipping,Yes,43,Credit Card,Annually,Adult,365,Heavy,True,True,Standard,Card,Rare,0.666,VIP
798,42,Male,Coat,Outerwear,82,Maryland,M,Violet,Fall,4.0,Yes,2-Day Shipping,Yes,38,Debit Card,Weekly,Adult,7,Established,True,True,Standard,Card,Very Frequent,0.6518571428571429,VIP
799,29,Male,Socks,Clothing,39,Alaska,M,Violet,Spring,3.8,Yes,2-Day Shipping,Yes,48,PayPal,Every 3 Months,Young Adult,90,Heavy,True,True,Standard,Digital Wallet,Occasional,0.5046428571428572,High
800,55,Male,Belt,Accessories,55,Nevada,L,Brown,Summer,3.8,Yes,Free Shipping,Yes,31,PayPal,Annually,Middle-aged,365,Established,True,True,Standard,Digital Wallet,Rare,0.4673571428571428,Mid
801,32,Male,Socks,Clothing,20,Utah,S,Gold,Summer,2.6,Yes,Free Shipping,Yes,20,Cash,Every 3 Months,Adult,90,Emerging,True,True,Standard,Cash,Occasional,0.13114285714285714,Low
802,25,Male,Belt,Accessories,29,New Mexico,L,Blue,Fall,4.9,Yes,Express,Yes,12,Credit Card,Fortnightly,Young Adult,14,Emerging,True,True,Express,Card,Frequent,0.3272142857142858,Low
803,38,Male,Pants,Clothing,41,Delaware,M,Teal,Winter,3.5,Yes,Next Day Air,Yes,2,Bank Transfer,Weekly,Adult,7,New/Low,True,True,Express,Other,Very Frequent,0.19092857142857145,Low
804,32,Male,Shorts,Clothing,38,Connecticut,L,Silver,Winter,2.8,Yes,Express,Yes,30,Venmo,Every 3 Months,Adult,90,Established,True,True,Express,Digital Wallet,Occasional,0.29442857142857143,Low
805,43,Male,Boots,Footwear,47,Mississippi,M,Maroon,Summer,2.6,Yes,Store Pickup,Yes,28,Venmo,Quarterly,Adult,90,Established,True,True,Other,Digital Wallet,Occasional,0.3040714285714286,Low
806,41,Male,Dress,Clothing,30,Connecticut,L,White,Summer,3.7,Yes,Next Day Air,Yes,40,Debit Card,Monthly,Adult,30,Established,True,True,Express,Card,Frequent,0.4037142857142857,Mid
807,56,Male,Jeans,Clothing,56,Florida,L,Charcoal,Summer,2.7,Yes,Standard,Yes,46,PayPal,Quarterly,Middle-aged,90,Heavy,True,True,Standard,Digital Wallet,Occasional,0.4692857142857143,Mid
808,27,Male,T-shirt,Clothing,89,New York,S,Brown,Winter,3.3,Yes,Express,Yes,15,Credit Card,Weekly,Young Adult,7,Emerging,True,True,Express,Card,Very Frequent,0.47250000000000003,High
809,46,Male,Shoes,Footwear,96,Wisconsin,L,Lavender,Fall,4.6,Yes,Next Day Air,Yes,38,Cash,Every 3 Months,Middle-aged,90,Established,True,True,Express,Cash,Occasional,0.7688571428571428,VIP
810,48,Male,Boots,Footwear,81,South Carolina,M,Violet,Fall,4.9,Yes,Next Day Air,Yes,30,PayPal,Bi-Weekly,Middle-aged,14,Established,True,True,Express,Digital Wallet,Frequent,0.6769285714285715,VIP
811,52,Male,Scarf,Accessories,83,South Dakota,S,Lavender,Fall,4.9,Yes,Store Pickup,Yes,32,Debit Card,Bi-Weekly,Middle-aged,14,Established,True,True,Other,Card,Frequent,0.6987857142857143,VIP
812,18,Male,Sneakers,Footwear,35,Illinois,M,Green,Winter,2.7,Yes,Free Shipping,Yes,36,Venmo,Quarterly,Young Adult,90,Established,True,True,Standard,Digital Wallet,Occasional,0.31050000000000005,Low
813,64,Male,Boots,Footwear,56,Alaska,M,Olive,Summer,3.2,Yes,Standard,Yes,32,Credit Card,Weekly,Senior,7,Established,True,True,Standard,Card,Very Frequent,0.4242857142857143,Mid
814,54,Male,Handbag,Accessories,45,Montana,S,Olive,Summer,2.9,Yes,Store Pickup,Yes,14,Debit Card,Annually,Middle-aged,365,Emerging,True,True,Other,Card,Rare,0.23207142857142857,Low
815,31,Male,Shirt,Clothing,62,Minnesota,M,Pink,Winter,3.8,Yes,Express,Yes,8,PayPal,Monthly,Young Adult,30,New/Low,True,True,Express,Digital Wallet,Frequent,0.35100000000000003,Low
816,30,Male,Hat,Accessories,84,West Virginia,L,Teal,Spring,3.0,Yes,Next Day Air,Yes,27,Venmo,Bi-Weekly,Young Adult,14,Established,True,True,Express,Digital Wallet,Frequent,0.5001428571428572,High
817,26,Male,Sweater,Clothing,24,Illinois,L,Cyan,Summer,3.9,Yes,Store Pickup,Yes,24,Debit Card,Monthly,Young Adult,30,Emerging,True,True,Other,Card,Frequent,0.29185714285714287,Low
818,25,Male,Handbag,Accessories,21,Nevada,S,Gray,Spring,4.7,Yes,Store Pickup,Yes,30,PayPal,Fortnightly,Young Adult,14,Established,True,True,Other,Digital Wallet,Frequent,0.38892857142857146,Mid
819,59,Male,Shirt,Clothing,91,Idaho,M,Peach,Winter,4.9,Yes,Store Pickup,Yes,34,Debit Card,Monthly,Senior,30,Established,True,True,Other,Card,Frequent,0.7476428571428572,VIP
820,55,Male,Sunglasses,Accessories,36,Colorado,S,Teal,Winter,4.8,Yes,Next Day Air,Yes,28,Debit Card,Quarterly,Middle-aged,90,Established,True,True,Express,Card,Occasional,0.4525714285714286,Mid
821,56,Male,Sneakers,Footwear,39,Louisiana,M,Turquoise,Spring,2.5,Yes,2-Day Shipping,Yes,27,Debit Card,Monthly,Middle-aged,30,Established,True,True,Standard,Card,Frequent,0.2526428571428571,Low
822,62,Male,Hoodie,Clothing,39,Vermont,M,Green,Spring,3.9,Yes,Standard,Yes,31,Credit Card,Bi-Weekly,Senior,14,Established,True,True,Standard,Card,Frequent,0.40435714285714286,Mid
823,35,Male,Shirt,Clothing,59,Mississippi,L,Magenta,Winter,3.4,Yes,Standard,Yes,23,Bank Transfer,Annually,Adult,365,Emerging,True,True,Standard,Other,Rare,0.39792857142857146,Mid
824,51,Male,Sunglasses,Accessories,27,Georgia,M,Green,Winter,2.5,Yes,Free Shipping,Yes,11,Credit Card,Quarterly,Middle-aged,90,Emerging,True,True,Standard,Card,Occasional,0.0957857142857143,Low
825,61,Male,Blouse,Clothing,94,Georgia,M,White,Spring,3.0,Yes,Store Pickup,Yes,48,Cash,Quarterly,Senior,90,Heavy,True,True,Other,Cash,Occasional,0.6801428571428573,VIP
826,27,Male,Belt,Accessories,94,Nebraska,XL,Brown,Fall,3.6,Yes,Next Day Air,Yes,17,Cash,Monthly,Young Adult,30,Emerging,True,True,Express,Cash,Frequent,0.5348571428571429,High
827,54,Male,Dress,Clothing,94,Massachusetts,M,Purple,Winter,3.6,Yes,Standard,Yes,36,PayPal,Weekly,Middle-aged,7,Established,True,True,Standard,Digital Wallet,Very Frequent,0.6570000000000001,VIP
828,31,Male,Shoes,Footwear,51,Colorado,S,Green,Fall,4.1,Yes,Free Shipping,Yes,33,Bank Transfer,Fortnightly,Young Adult,14,Established,True,True,Standard,Other,Frequent,0.48921428571428577,High
829,24,Male,Socks,Clothing,62,Nevada,M,Peach,Fall,3.7,Yes,2-Day Shipping,Yes,27,PayPal,Bi-Weekly,Young Adult,14,Established,True,True,Standard,Digital Wallet,Frequent,0.46414285714285725,Mid
830,42,Male,Socks,Clothing,57,Idaho,S,Silver,Spring,3.7,Yes,2-Day Shipping,Yes,14,Credit Card,Fortnightly,Adult,14,Emerging,True,True,Standard,Card,Frequent,0.35807142857142865,Mid
831,41,Male,Shorts,Clothing,76,Wyoming,M,Maroon,Fall,4.2,Yes,Express,Yes,5,Credit Card,Annually,Adult,365,New/Low,True,True,Express,Card,Rare,0.4307142857142857,Mid
832,66,Male,Gloves,Accessories,63,Washington,M,Red,Summer,4.3,Yes,Express,Yes,47,Cash,Every 3 Months,Senior,90,Heavy,True,True,Express,Cash,Occasional,0.6512142857142857,VIP
833,58,Male,Jacket,Outerwear,80,California,L,Blue,Fall,2.5,Yes,Express,Yes,28,Cash,Bi-Weekly,Senior,14,Established,True,True,Express,Cash,Frequent,0.4435714285714286,Mid
834,43,Male,Handbag,Accessories,68,Oklahoma,M,Purple,Fall,3.5,Yes,Standard,Yes,11,Credit Card,Annually,Adult,365,Emerging,True,True,Standard,Card,Rare,0.3702857142857142,Mid
835,52,Male,Backpack,Accessories,89,Nevada,M,Indigo,Summer,3.1,Yes,Free Shipping,Yes,18,Credit Card,Weekly,Middle-aged,7,Emerging,True,True,Standard,Card,Very Frequent,0.4737857142857143,High
836,35,Male,Boots,Footwear,26,Maryland,L,Indigo,Summer,2.5,Yes,Next Day Air,Yes,21,Debit Card,Weekly,Adult,7,Emerging,True,True,Express,Card,Very Frequent,0.15557142857142855,Low
837,23,Male,Gloves,Accessories,90,West Virginia,L,Violet,Winter,3.9,Yes,Store Pickup,Yes,22,Cash,Bi-Weekly,Young Adult,14,Emerging,True,True,Other,Cash,Frequent,0.5760000000000001,High
838,25,Male,Hoodie,Clothing,28,Illinois,L,Brown,Spring,4.9,Yes,Express,Yes,33,Cash,Every 3 Months,Young Adult,90,Established,True,True,Express,Cash,Occasional,0.4577142857142858,Mid
839,33,Male,Coat,Outerwear,29,Kentucky,M,Gray,Spring,4.3,Yes,Express,Yes,49,Credit Card,Annually,Adult,365,Heavy,True,True,Express,Card,Rare,0.5110714285714286,High
840,48,Male,Shirt,Clothing,31,Illinois,L,Teal,Spring,2.6,Yes,Free Shipping,Yes,10,Debit Card,Every 3 Months,Middle-aged,90,New/Low,True,True,Standard,Card,Occasional,0.11635714285714285,Low
841,42,Male,Shirt,Clothing,24,Alabama,L,Teal,Summer,4.2,Yes,2-Day Shipping,Yes,18,PayPal,Weekly,Adult,7,Emerging,True,True,Standard,Digital Wallet,Very Frequent,0.28028571428571425,Low
842,55,Male,Sweater,Clothing,88,Texas,M,Beige,Summer,2.6,Yes,Store Pickup,Yes,28,PayPal,Fortnightly,Middle-aged,14,Established,True,True,Other,Digital Wallet,Frequent,0.48857142857142866,High
843,59,Male,Shirt,Clothing,87,Missouri,M,Violet,Spring,3.6,Yes,Express,Yes,25,PayPal,Weekly,Senior,7,Emerging,True,True,Express,Digital Wallet,Very Frequent,0.5547857142857143,High
844,65,Male,Hoodie,Clothing,80,Pennsylvania,S,Beige,Summer,3.2,Yes,Express,Yes,6,PayPal,Weekly,Senior,7,New/Low,True,True,Express,Digital Wallet,Very Frequent,0.36514285714285716,Mid
845,59,Male,Sandals,Footwear,48,Missouri,L,Purple,Winter,4.4,Yes,Express,Yes,44,Venmo,Bi-Weekly,Senior,14,Heavy,True,True,Express,Digital Wallet,Frequent,0.5734285714285714,High
846,31,Male,Belt,Accessories,21,Michigan,XL,Charcoal,Winter,3.7,Yes,Standard,Yes,30,Venmo,Monthly,Young Adult,30,Established,True,True,Standard,Digital Wallet,Frequent,0.2989285714285715,Low
847,49,Male,Boots,Footwear,72,Kentucky,M,Pink,Spring,3.7,Yes,Express,Yes,42,Debit Card,Quarterly,Middle-aged,90,Heavy,True,True,Express,Card,Occasional,0.6055714285714286,VIP
848,53,Male,Hoodie,Clothing,44,New Jersey,L,Blue,Fall,4.1,Yes,Standard,Yes,30,PayPal,Monthly,Middle-aged,30,Established,True,True,Standard,Digital Wallet,Frequent,0.4384285714285714,Mid
849,48,Male,Sandals,Footwear,73,Delaware,M,Lavender,Fall,3.6,Yes,Store Pickup,Yes,33,Credit Card,Bi-Weekly,Middle-aged,14,Established,True,True,Other,Card,Frequent,0.5432142857142856,High
850,23,Male,Jeans,Clothing,61,Missouri,S,Charcoal,Spring,4.3,Yes,Express,Yes,24,PayPal,Quarterly,Young Adult,90,Emerging,True,True,Express,Digital Wallet,Occasional,0.49435714285714283,High
851,68,Male,Shoes,Footwear,20,Connecticut,L,Turquoise,Winter,2.6,Yes,Store Pickup,Yes,13,Venmo,Monthly,Senior,30,Emerging,True,True,Other,Digital Wallet,Frequent,0.08614285714285715,Low
852,35,Male,Sandals,Footwear,86,Massachusetts,M,Red,Summer,2.9,Yes,Express,Yes,19,Debit Card,Monthly,Adult,30,Emerging,True,True,Express,Card,Frequent,0.44871428571428573,Mid
853,34,Male,Dress,Clothing,60,Florida,L,Yellow,Spring,4.2,Yes,Next Day Air,Yes,23,Debit Card,Every 3 Months,Adult,90,Emerging,True,True,Express,Card,Occasional,0.4744285714285714,High
854,62,Male,Hat,Accessories,43,Delaware,L,Orange,Winter,4.0,Yes,Free Shipping,Yes,35,Cash,Monthly,Senior,30,Established,True,True,Standard,Cash,Frequent,0.4570714285714285,Mid
855,21,Male,Pants,Clothing,44,California,L,Blue,Spring,4.3,Yes,Free Shipping,Yes,22,Venmo,Monthly,Young Adult,30,Emerging,True,True,Standard,Digital Wallet,Frequent,0.405,Mid
856,70,Male,Socks,Clothing,76,Oregon,L,Gold,Spring,3.0,Yes,2-Day Shipping,Yes,14,Credit Card,Quarterly,Senior,90,Emerging,True,True,Standard,Card,Occasional,0.38057142857142856,Mid
857,55,Male,Shirt,Clothing,33,Alaska,M,Gold,Summer,3.5,Yes,Express,Yes,47,Debit Card,Fortnightly,Middle-aged,14,Heavy,True,True,Express,Card,Frequent,0.44421428571428573,Mid
858,43,Male,Shorts,Clothing,60,Missouri,L,Cyan,Fall,3.0,Yes,Standard,Yes,50,Debit Card,Every 3 Months,Adult,90,Heavy,True,True,Standard,Card,Occasional,0.5400000000000001,High
859,19,Male,Jacket,Outerwear,26,Oklahoma,L,Olive,Fall,3.1,Yes,Free Shipping,Yes,33,PayPal,Weekly,Young Adult,7,Established,True,True,Standard,Digital Wallet,Very Frequent,0.2867142857142857,Low
860,47,Male,Hoodie,Clothing,73,Wisconsin,M,Teal,Winter,4.0,Yes,Next Day Air,Yes,7,Debit Card,Monthly,Middle-aged,30,New/Low,True,True,Express,Card,Frequent,0.4120714285714286,Mid
861,26,Male,Shoes,Footwear,87,South Carolina,M,Maroon,Spring,4.1,Yes,Standard,Yes,3,Cash,Monthly,Young Adult,30,New/Low,True,True,Standard,Cash,Frequent,0.4583571428571429,Mid
862,46,Male,Skirt,Clothing,100,Virginia,XL,Green,Spring,3.7,Yes,2-Day Shipping,Yes,35,Credit Card,Every 3 Months,Middle-aged,90,Established,True,True,Standard,Card,Occasional,0.6865714285714285,VIP
863,19,Male,Coat,Outerwear,84,Arkansas,M,Charcoal,Winter,4.9,Yes,Standard,Yes,13,PayPal,Fortnightly,Young Adult,14,Emerging,True,True,Standard,Digital Wallet,Frequent,0.5811428571428572,High
864,49,Male,Sneakers,Footwear,41,Vermont,M,Cyan,Summer,3.9,Yes,Standard,Yes,42,PayPal,Fortnightly,Middle-aged,14,Heavy,True,True,Standard,Digital Wallet,Frequent,0.48407142857142865,High
865,51,Male,Jeans,Clothing,59,Kentucky,S,Charcoal,Winter,3.9,Yes,Next Day Air,Yes,5,PayPal,Annually,Middle-aged,365,New/Low,True,True,Express,Digital Wallet,Rare,0.3272142857142857,Low
866,64,Male,Blouse,Clothing,26,Colorado,L,Charcoal,Winter,4.8,Yes,Store Pickup,Yes,23,Venmo,Annually,Senior,365,Emerging,True,True,Other,Digital Wallet,Rare,0.37542857142857144,Mid
867,67,Male,Sunglasses,Accessories,69,New Mexico,M,Lavender,Summer,2.7,Yes,Free Shipping,Yes,11,PayPal,Bi-Weekly,Senior,14,Emerging,True,True,Standard,Digital Wallet,Frequent,0.3027857142857143,Low
868,37,Male,Jacket,Outerwear,20,Colorado,M,Turquoise,Spring,3.1,Yes,Free Shipping,Yes,23,Bank Transfer,Fortnightly,Adult,14,Emerging,True,True,Standard,Other,Frequent,0.19542857142857142,Low
869,40,Male,Dress,Clothing,83,North Carolina,M,Green,Summer,3.2,Yes,Next Day Air,Yes,2,Credit Card,Every 3 Months,Adult,90,New/Low,True,True,Express,Card,Occasional,0.3529285714285714,Low
870,38,Male,Hat,Accessories,54,New Hampshire,M,Silver,Spring,2.7,Yes,2-Day Shipping,Yes,33,PayPal,Weekly,Adult,7,Established,True,True,Standard,Digital Wallet,Very Frequent,0.3767142857142857,Mid
871,66,Male,Hoodie,Clothing,66,West Virginia,M,Blue,Fall,2.5,Yes,Standard,Yes,6,Bank Transfer,Bi-Weekly,Senior,14,New/Low,True,True,Standard,Other,Frequent,0.23914285714285713,Low
872,47,Male,Handbag,Accessories,42,Hawaii,M,Charcoal,Spring,2.6,Yes,Next Day Air,Yes,45,Debit Card,Quarterly,Middle-aged,90,Heavy,True,True,Express,Card,Occasional,0.39085714285714285,Mid
873,56,Male,Jeans,Clothing,33,North Dakota,M,Pink,Spring,2.9,Yes,Standard,Yes,25,Cash,Quarterly,Middle-aged,90,Emerging,True,True,Standard,Cash,Occasional,0.24878571428571428,Low
874,51,Male,Boots,Footwear,77,Mississippi,M,Pink,Summer,4.2,Yes,Free Shipping,Yes,24,Venmo,Quarterly,Middle-aged,90,Emerging,True,True,Standard,Digital Wallet,Occasional,0.5573571428571429,High
875,25,Male,Jacket,Outerwear,65,Maine,M,Magenta,Fall,4.4,Yes,Free Shipping,Yes,10,Venmo,Every 3 Months,Young Adult,90,New/Low,True,True,Standard,Digital Wallet,Occasional,0.4313571428571429,Mid
876,37,Male,Sandals,Footwear,39,North Dakota,L,Gray,Summer,4.1,Yes,Free Shipping,Yes,7,Bank Transfer,Every 3 Months,Adult,90,New/Low,True,True,Standard,Other,Occasional,0.26807142857142857,Low
877,41,Male,Belt,Accessories,51,Nebraska,L,Gray,Summer,3.8,Yes,2-Day Shipping,Yes,1,Debit Card,Weekly,Adult,7,New/Low,True,True,Standard,Card,Very Frequent,0.25650000000000006,Low
878,64,Male,Handbag,Accessories,65,Nebraska,M,Orange,Winter,4.9,Yes,Next Day Air,Yes,45,Venmo,Every 3 Months,Senior,90,Heavy,True,True,Express,Digital Wallet,Occasional,0.7013571428571429,VIP
879,23,Male,Sunglasses,Accessories,89,Tennessee,S,Black,Summer,4.9,Yes,Express,Yes,37,Debit Card,Weekly,Young Adult,7,Established,True,True,Express,Card,Very Frequent,0.7579285714285714,VIP
880,62,Male,Skirt,Clothing,76,Wyoming,S,Lavender,Spring,4.1,Yes,Free Shipping,Yes,14,PayPal,Quarterly,Senior,90,Emerging,True,True,Standard,Digital Wallet,Occasional,0.47957142857142854,High
881,39,Male,Backpack,Accessories,75,Nevada,L,Red,Spring,3.1,Yes,Express,Yes,25,Debit Card,Monthly,Adult,30,Emerging,True,True,Express,Card,Frequent,0.4557857142857143,Mid
882,52,Male,Sandals,Footwear,61,South Carolina,M,Silver,Summer,2.7,Yes,Next Day Air,Yes,18,Venmo,Annually,Middle-aged,365,Emerging,True,True,Express,Digital Wallet,Rare,0.3117857142857143,Low
883,50,Male,Boots,Footwear,35,Virginia,M,Cyan,Fall,3.8,Yes,Next Day Air,Yes,37,Cash,Every 3 Months,Middle-aged,90,Established,True,True,Express,Cash,Occasional,0.41592857142857137,Mid
884,28,Male,Sneakers,Footwear,37,Pennsylvania,S,Gold,Fall,4.3,Yes,Free Shipping,Yes,30,Bank Transfer,Monthly,Young Adult,30,Established,True,True,Standard,Other,Frequent,0.42492857142857143,Mid
885,67,Male,Skirt,Clothing,91,Hawaii,L,Yellow,Winter,4.1,Yes,Express,Yes,34,Bank Transfer,Weekly,Senior,7,Established,True,True,Express,Other,Very Frequent,0.6756428571428571,VIP
886,41,Male,Dress,Clothing,99,Ohio,L,Purple,Fall,4.4,Yes,Free Shipping,Yes,49,Debit Card,Every 3 Months,Adult,90,Heavy,True,True,Standard,Card,Occasional,0.8350714285714286,VIP
887,19,Male,Shorts,Clothing,54,Utah,S,Brown,Summer,3.6,Yes,Express,Yes,48,Bank Transfer,Monthly,Young Adult,30,Heavy,True,True,Express,Other,Frequent,0.5541428571428572,High
888,70,Male,Handbag,Accessories,47,Minnesota,L,Turquoise,Winter,3.3,Yes,2-Day Shipping,Yes,33,PayPal,Fortnightly,Senior,14,Established,True,True,Standard,Digital Wallet,Frequent,0.3992142857142857,Mid
889,49,Male,Scarf,Accessories,77,New Hampshire,S,Gold,Spring,3.8,Yes,Express,Yes,44,Cash,Annually,Middle-aged,365,Heavy,True,True,Express,Cash,Rare,0.6499285714285714,VIP
890,59,Male,Belt,Accessories,84,Arizona,S,Olive,Fall,2.8,Yes,Free Shipping,Yes,50,Venmo,Weekly,Senior,7,Heavy,True,True,Standard,Digital Wallet,Very Frequent,0.6300000000000001,VIP
891,52,Male,Gloves,Accessories,51,New York,S,Purple,Spring,4.3,Yes,2-Day Shipping,Yes,47,Credit Card,Monthly,Middle-aged,30,Heavy,True,True,Standard,Card,Frequent,0.5972142857142857,VIP
892,20,Male,Skirt,Clothing,26,Pennsylvania,S,Lavender,Summer,3.9,Yes,Store Pickup,Yes,24,PayPal,Every 3 Months,Young Adult,90,Emerging,True,True,Other,Digital Wallet,Occasional,0.3008571428571429,Low
893,31,Male,Shorts,Clothing,64,New Mexico,L,Gray,Summer,2.7,Yes,Free Shipping,Yes,43,Debit Card,Monthly,Young Adult,30,Heavy,True,True,Standard,Card,Frequent,0.48600000000000004,High
894,33,Male,Backpack,Accessories,51,Nebraska,M,Red,Spring,4.7,Yes,Express,Yes,14,Venmo,Monthly,Adult,30,Emerging,True,True,Express,Digital Wallet,Frequent,0.42107142857142865,Mid
895,44,Male,Hoodie,Clothing,60,Wyoming,L,Purple,Spring,3.8,Yes,Free Shipping,Yes,3,Debit Card,Quarterly,Adult,90,New/Low,True,True,Standard,Card,Occasional,0.3098571428571429,Low
896,40,Male,Hat,Accessories,69,Mississippi,XL,Olive,Spring,4.7,Yes,Next Day Air,Yes,33,Debit Card,Quarterly,Adult,90,Established,True,True,Express,Card,Occasional,0.6242142857142857,VIP
897,69,Male,Jewelry,Accessories,29,Arkansas,M,Lavender,Spring,4.7,Yes,Express,Yes,38,Cash,Fortnightly,Senior,14,Established,True,True,Express,Cash,Frequent,0.4763571428571428,High
898,29,Male,Shirt,Clothing,91,Illinois,M,Gray,Spring,3.4,Yes,Express,Yes,46,Venmo,Weekly,Young Adult,7,Heavy,True,True,Express,Digital Wallet,Very Frequent,0.6897857142857142,VIP
899,54,Male,Belt,Accessories,70,Nevada,L,Red,Spring,3.5,Yes,2-Day Shipping,Yes,19,Bank Transfer,Every 3 Months,Middle-aged,90,Emerging,True,True,Standard,Other,Occasional,0.4307142857142857,Mid
900,65,Male,Sweater,Clothing,58,Rhode Island,M,Peach,Summer,4.0,Yes,Standard,Yes,20,PayPal,Annually,Senior,365,Emerging,True,True,Standard,Digital Wallet,Rare,0.4281428571428572,Mid
901,54,Male,Hat,Accessories,98,West Virginia,L,Gray,Fall,3.3,Yes,Free Shipping,Yes,42,Bank Transfer,Quarterly,Middle-aged,90,Heavy,True,True,Standard,Other,Occasional,0.6865714285714285,VIP
902,60,Male,Scarf,Accessories,68,Missouri,L,Violet,Summer,4.7,Yes,2-Day Shipping,Yes,34,Cash,Monthly,Senior,30,Established,True,True,Standard,Cash,Frequent,0.6261428571428572,VIP
903,43,Male,Hat,Accessories,44,Kentucky,M,Beige,Summer,2.8,Yes,Next Day Air,Yes,5,Cash,Monthly,Adult,30,New/Low,True,True,Express,Cash,Frequent,0.1607142857142857,Low
904,44,Male,Jacket,Outerwear,45,Washington,M,Blue,Winter,3.3,Yes,Express,Yes,3,PayPal,Quarterly,Adult,90,New/Low,True,True,Express,Digital Wallet,Occasional,0.19735714285714284,Low
905,69,Male,T-shirt,Clothing,99,Alaska,L,Magenta,Spring,2.9,Yes,Free Shipping,Yes,46,PayPal,Every 3 Months,Senior,90,Heavy,True,True,Standard,Digital Wallet,Occasional,0.6807857142857143,VIP
906,46,Male,Dress,Clothing,68,Mississippi,S,Cyan,Spring,2.8,Yes,Standard,Yes,16,Venmo,Annually,Middle-aged,365,Emerging,True,True,Standard,Digital Wallet,Rare,0.3394285714285714,Low
907,41,Male,Pants,Clothing,56,South Carolina,M,Red,Spring,4.2,Yes,Standard,Yes,21,Debit Card,Bi-Weekly,Adult,14,Emerging,True,True,Standard,Card,Frequent,0.4435714285714286,Mid
908,32,Male,Sweater,Clothing,43,Missouri,L,Cyan,Winter,4.4,Yes,Express,Yes,34,Credit Card,Bi-Weekly,Adult,14,Established,True,True,Express,Card,Frequent,0.48664285714285715,High
909,26,Male,Sunglasses,Accessories,99,New Jersey,M,Turquoise,Winter,3.6,Yes,Free Shipping,Yes,9,PayPal,Every 3 Months,Young Adult,90,New/Low,True,True,Standard,Digital Wallet,Occasional,0.5059285714285715,High
910,61,Male,Belt,Accessories,56,Louisiana,L,Silver,Fall,2.7,Yes,Express,Yes,36,PayPal,Weekly,Senior,7,Established,True,True,Express,Digital Wallet,Very Frequent,0.4050000000000001,Mid
911,49,Male,Hoodie,Clothing,25,South Carolina,S,Pink,Spring,3.4,Yes,Express,Yes,22,Credit Card,Monthly,Middle-aged,30,Emerging,True,True,Express,Card,Frequent,0.23850000000000002,Low
912,53,Male,Pants,Clothing,74,Vermont,M,Black,Winter,2.8,Yes,2-Day Shipping,Yes,2,Bank Transfer,Quarterly,Middle-aged,90,New/Low,True,True,Standard,Other,Occasional,0.2764285714285714,Low
913,24,Male,Hoodie,Clothing,56,Arkansas,M,Green,Winter,3.4,Yes,Next Day Air,Yes,32,Bank Transfer,Monthly,Young Adult,30,Established,True,True,Express,Other,Frequent,0.4422857142857143,Mid
914,37,Male,Sneakers,Footwear,47,Utah,M,Yellow,Fall,2.6,Yes,Next Day Air,Yes,29,Cash,Every 3 Months,Adult,90,Established,True,True,Express,Cash,Occasional,0.3105,Low
915,43,Male,Dress,Clothing,67,Washington,L,Purple,Summer,4.1,Yes,Standard,Yes,27,Venmo,Every 3 Months,Adult,90,Established,True,True,Standard,Digital Wallet,Occasional,0.5226428571428572,High
916,31,Male,Dress,Clothing,22,Rhode Island,L,Purple,Winter,2.9,Yes,Store Pickup,Yes,33,Credit Card,Fortnightly,Young Adult,14,Established,True,True,Other,Card,Frequent,0.25071428571428567,Low
917,49,Male,Jeans,Clothing,34,Illinois,S,Blue,Spring,2.7,Yes,Standard,Yes,16,Venmo,Monthly,Middle-aged,30,Emerging,True,True,Standard,Digital Wallet,Frequent,0.17742857142857144,Low
918,69,Male,Sweater,Clothing,64,Missouri,M,Maroon,Spring,3.7,Yes,Standard,Yes,11,Bank Transfer,Quarterly,Senior,90,Emerging,True,True,Standard,Other,Occasional,0.37028571428571433,Mid
919,65,Male,Shorts,Clothing,42,North Carolina,M,Orange,Spring,4.3,Yes,2-Day Shipping,Yes,11,Cash,Fortnightly,Senior,14,Emerging,True,True,Standard,Cash,Frequent,0.3252857142857143,Low
920,41,Male,Shirt,Clothing,82,Massachusetts,L,Green,Winter,2.6,Yes,2-Day Shipping,Yes,17,Debit Card,Bi-Weekly,Adult,14,Emerging,True,True,Standard,Card,Frequent,0.3908571428571429,Mid
921,37,Male,Belt,Accessories,81,Arkansas,XL,Gold,Summer,4.3,Yes,Free Shipping,Yes,37,Cash,Weekly,Adult,7,Established,True,True,Standard,Cash,Very Frequent,0.6679285714285713,VIP
922,70,Male,Coat,Outerwear,24,South Dakota,L,Silver,Summer,4.1,Yes,Express,Yes,18,PayPal,Weekly,Senior,7,Emerging,True,True,Express,Digital Wallet,Very Frequent,0.27128571428571424,Low
923,63,Male,Sneakers,Footwear,60,Georgia,M,Cyan,Fall,4.2,Yes,Standard,Yes,13,Credit Card,Monthly,Senior,30,Emerging,True,True,Standard,Card,Frequent,0.4101428571428572,Mid
924,55,Male,Shirt,Clothing,24,Arkansas,M,Silver,Spring,4.2,Yes,2-Day Shipping,Yes,7,PayPal,Weekly,Middle-aged,7,New/Low,True,True,Standard,Digital Wallet,Very Frequent,0.2095714285714286,Low
925,52,Male,Socks,Clothing,78,Kansas,XL,Beige,Winter,3.1,Yes,Standard,Yes,37,Cash,Quarterly,Middle-aged,90,Established,True,True,Standard,Cash,Occasional,0.5464285714285715,High
926,22,Male,Jeans,Clothing,88,Arizona,L,Teal,Winter,4.9,Yes,Express,Yes,8,Cash,Monthly,Young Adult,30,New/Low,True,True,Express,Cash,Frequent,0.5670000000000002,High
927,54,Male,Jeans,Clothing,63,Massachusetts,XL,Green,Spring,4.4,Yes,Express,Yes,11,Cash,Bi-Weekly,Middle-aged,14,Emerging,True,True,Express,Cash,Frequent,0.42878571428571427,Mid
928,28,Male,Sneakers,Footwear,78,New Mexico,L,Black,Summer,4.4,Yes,Standard,Yes,8,Venmo,Bi-Weekly,Young Adult,14,New/Low,True,True,Standard,Digital Wallet,Frequent,0.47700000000000004,High
929,67,Male,Dress,Clothing,37,Arkansas,XL,Yellow,Winter,3.4,Yes,Store Pickup,Yes,31,Cash,Every 3 Months,Senior,90,Established,True,True,Other,Cash,Occasional,0.3503571428571428,Low
930,59,Male,Boots,Footwear,94,Nebraska,M,White,Fall,4.5,Yes,2-Day Shipping,Yes,26,Debit Card,Fortnightly,Senior,14,Established,True,True,Standard,Card,Frequent,0.6737142857142858,VIP
931,26,Male,T-shirt,Clothing,78,Hawaii,L,Green,Fall,4.5,Yes,Store Pickup,Yes,20,Credit Card,Bi-Weekly,Young Adult,14,Emerging,True,True,Other,Card,Frequent,0.5631428571428572,High
932,24,Male,Coat,Outerwear,36,Nebraska,M,Silver,Winter,4.1,Yes,Standard,Yes,24,Bank Transfer,Fortnightly,Young Adult,14,Emerging,True,True,Standard,Other,Frequent,0.3638571428571428,Mid
933,62,Male,Skirt,Clothing,24,Indiana,L,Blue,Winter,3.2,Yes,Standard,Yes,45,Debit Card,Bi-Weekly,Senior,14,Heavy,True,True,Standard,Card,Frequent,0.3638571428571429,Mid
934,70,Male,Sneakers,Footwear,84,Colorado,M,Magenta,Spring,2.7,Yes,Store Pickup,Yes,33,Debit Card,Monthly,Senior,30,Established,True,True,Other,Card,Frequent,0.5117142857142858,High
935,45,Male,Jeans,Clothing,47,Oregon,S,Yellow,Spring,3.7,Yes,Express,Yes,21,Bank Transfer,Monthly,Middle-aged,30,Emerging,True,True,Express,Other,Frequent,0.35807142857142865,Mid
936,58,Male,Hoodie,Clothing,51,Ohio,L,White,Fall,2.6,Yes,Store Pickup,Yes,2,Bank Transfer,Fortnightly,Senior,14,New/Low,True,True,Other,Other,Frequent,0.15492857142857147,Low
937,31,Male,Shoes,Footwear,84,Maine,M,Pink,Summer,2.7,Yes,Free Shipping,Yes,28,Cash,Weekly,Young Adult,7,Established,True,True,Standard,Cash,Very Frequent,0.47957142857142865,High
938,32,Male,Shorts,Clothing,24,Iowa,M,Magenta,Summer,2.7,Yes,Express,Yes,18,Venmo,Quarterly,Adult,90,Emerging,True,True,Express,Digital Wallet,Occasional,0.1452857142857143,Low
939,36,Male,Blouse,Clothing,97,Wisconsin,S,Teal,Fall,4.8,Yes,Free Shipping,Yes,21,Debit Card,Fortnightly,Adult,14,Emerging,True,True,Standard,Card,Frequent,0.6820714285714286,VIP
940,25,Male,T-shirt,Clothing,89,New York,L,Indigo,Winter,4.8,Yes,Next Day Air,Yes,24,Credit Card,Monthly,Young Adult,30,Emerging,True,True,Express,Card,Frequent,0.6653571428571429,VIP
941,48,Male,Belt,Accessories,44,Colorado,S,Maroon,Spring,2.6,Yes,Store Pickup,Yes,15,PayPal,Every 3 Months,Middle-aged,90,Emerging,True,True,Other,Digital Wallet,Occasional,0.207,Low
942,39,Male,Handbag,Accessories,35,Illinois,L,Black,Winter,4.5,Yes,2-Day Shipping,Yes,38,PayPal,Every 3 Months,Adult,90,Established,True,True,Standard,Digital Wallet,Occasional,0.4853571428571428,High
943,26,Male,Dress,Clothing,91,Arizona,M,Cyan,Winter,3.2,Yes,Express,Yes,38,PayPal,Bi-Weekly,Young Adult,14,Established,True,True,Express,Digital Wallet,Frequent,0.6203571428571428,VIP
944,32,Male,Hat,Accessories,63,Oklahoma,L,Cyan,Winter,3.8,Yes,Next Day Air,Yes,13,Venmo,Fortnightly,Adult,14,Emerging,True,True,Express,Digital Wallet,Frequent,0.3876428571428572,Mid
945,54,Male,Belt,Accessories,97,Indiana,S,Gray,Spring,4.8,Yes,Express,Yes,39,Cash,Bi-Weekly,Middle-aged,14,Established,True,True,Express,Cash,Frequent,0.7977857142857142,VIP
946,38,Male,Boots,Footwear,38,Minnesota,M,Violet,Summer,4.1,Yes,Store Pickup,Yes,8,Venmo,Every 3 Months,Adult,90,New/Low,True,True,Other,Digital Wallet,Occasional,0.27,Low
947,46,Male,Coat,Outerwear,24,Pennsylvania,XL,Blue,Spring,2.8,Yes,Next Day Air,Yes,4,PayPal,Quarterly,Middle-aged,90,New/Low,True,True,Express,Digital Wallet,Occasional,0.06428571428571427,Low
948,57,Male,Blouse,Clothing,32,Indiana,M,Charcoal,Winter,3.9,Yes,Store Pickup,Yes,6,Cash,Every 3 Months,Middle-aged,90,New/Low,True,True,Other,Cash,Occasional,0.21214285714285713,Low
949,49,Male,Hat,Accessories,90,Alabama,L,Olive,Summer,4.9,Yes,Express,Yes,11,Venmo,Every 3 Months,Middle-aged,90,Emerging,True,True,Express,Digital Wallet,Occasional,0.5952857142857143,VIP
950,33,Male,Jeans,Clothing,36,Montana,M,Olive,Summer,3.4,Yes,Standard,Yes,49,Venmo,Monthly,Adult,30,Heavy,True,True,Standard,Digital Wallet,Frequent,0.4615714285714285,Mid
951,54,Male,Backpack,Accessories,37,New Mexico,XL,Turquoise,Winter,4.1,Yes,Free Shipping,Yes,30,PayPal,Quarterly,Middle-aged,90,Established,True,True,Standard,Digital Wallet,Occasional,0.4069285714285714,Mid
952,47,Male,Dress,Clothing,51,Alaska,M,Cyan,Summer,2.9,Yes,Express,Yes,34,Bank Transfer,Monthly,Middle-aged,30,Established,True,True,Express,Other,Frequent,0.3876428571428571,Mid
953,36,Male,Hat,Accessories,71,Idaho,S,Red,Fall,3.1,Yes,2-Day Shipping,Yes,28,PayPal,Monthly,Adult,30,Established,True,True,Standard,Digital Wallet,Frequent,0.45707142857142863,Mid
954,68,Male,Sunglasses,Accessories,50,Utah,S,Cyan,Spring,3.6,Yes,2-Day Shipping,Yes,36,Venmo,Quarterly,Senior,90,Established,True,True,Standard,Digital Wallet,Occasional,0.459,Mid
955,60,Male,Hat,Accessories,74,Louisiana,S,Turquoise,Fall,3.5,Yes,Standard,Yes,18,Credit Card,Every 3 Months,Senior,90,Emerging,True,True,Standard,Card,Occasional,0.4422857142857143,Mid
956,55,Male,Dress,Clothing,75,Mississippi,L,Lavender,Summer,3.4,Yes,Free Shipping,Yes,4,PayPal,Monthly,Middle-aged,30,New/Low,True,True,Standard,Digital Wallet,Frequent,0.3477857142857143,Low
957,29,Male,Shirt,Clothing,99,Mississippi,XL,Cyan,Spring,2.9,Yes,2-Day Shipping,Yes,42,Debit Card,Quarterly,Young Adult,90,Heavy,True,True,Standard,Card,Occasional,0.6550714285714287,VIP
958,38,Male,Scarf,Accessories,23,Indiana,XL,Violet,Spring,4.7,Yes,Store Pickup,Yes,11,Cash,Quarterly,Adult,90,Emerging,True,True,Other,Cash,Occasional,0.2757857142857143,Low
959,70,Male,Sneakers,Footwear,53,Washington,XL,Beige,Winter,4.4,Yes,Free Shipping,Yes,31,Credit Card,Bi-Weekly,Senior,14,Established,True,True,Standard,Card,Frequent,0.5123571428571428,High
960,36,Male,Skirt,Clothing,99,Nevada,M,Cyan,Spring,2.6,Yes,Standard,Yes,12,Cash,Fortnightly,Adult,14,Emerging,True,True,Standard,Cash,Frequent,0.4352142857142857,Mid
961,18,Male,Jewelry,Accessories,48,Louisiana,XL,Indigo,Spring,4.4,Yes,Standard,Yes,20,Venmo,Quarterly,Young Adult,90,Emerging,True,True,Standard,Digital Wallet,Occasional,0.4191428571428572,Mid
962,62,Male,Boots,Footwear,72,Pennsylvania,L,Olive,Fall,3.7,Yes,Next Day Air,Yes,37,Debit Card,Quarterly,Senior,90,Established,True,True,Express,Card,Occasional,0.5734285714285714,High
963,29,Male,Sunglasses,Accessories,64,Michigan,L,Green,Spring,4.4,Yes,Standard,Yes,26,Debit Card,Fortnightly,Young Adult,14,Established,True,True,Standard,Card,Frequent,0.5297142857142858,High
964,21,Male,Boots,Footwear,63,South Carolina,L,Green,Spring,2.5,Yes,2-Day Shipping,Yes,14,Credit Card,Weekly,Young Adult,7,Emerging,True,True,Standard,Card,Very Frequent,0.2770714285714286,Low
965,42,Male,Sandals,Footwear,51,Arizona,M,Beige,Spring,2.6,Yes,Next Day Air,Yes,12,Venmo,Bi-Weekly,Adult,14,Emerging,True,True,Express,Digital Wallet,Frequent,0.21921428571428575,Low
966,43,Male,Boots,Footwear,55,Delaware,L,Black,Spring,5.0,Yes,Store Pickup,Yes,10,Credit Card,Annually,Adult,365,New/Low,True,True,Other,Card,Rare,0.4403571428571429,Mid
967,58,Male,Dress,Clothing,55,Kentucky,M,Brown,Spring,4.9,Yes,Express,Yes,19,Cash,Annually,Senior,365,Emerging,True,True,Express,Cash,Rare,0.48921428571428577,High
968,27,Male,Hoodie,Clothing,26,Georgia,S,Silver,Summer,3.7,Yes,Store Pickup,Yes,4,Cash,Weekly,Young Adult,7,New/Low,True,True,Other,Cash,Very Frequent,0.1542857142857143,Low
969,57,Male,Shorts,Clothing,67,North Carolina,L,Gray,Summer,3.1,Yes,Next Day Air,Yes,48,Bank Transfer,Quarterly,Middle-aged,90,Heavy,True,True,Express,Other,Occasional,0.5676428571428572,High
970,40,Male,Coat,Outerwear,31,California,S,Pink,Fall,3.2,Yes,Express,Yes,37,PayPal,Monthly,Adult,30,Established,True,True,Express,Digital Wallet,Frequent,0.3439285714285714,Low
971,45,Male,Jeans,Clothing,66,California,S,Maroon,Winter,4.4,Yes,Free Shipping,Yes,4,Cash,Monthly,Middle-aged,30,New/Low,True,True,Standard,Cash,Frequent,0.39728571428571424,Mid
972,47,Male,Sunglasses,Accessories,67,Indiana,M,Cyan,Summer,4.3,Yes,Next Day Air,Yes,15,Credit Card,Weekly,Middle-aged,7,Emerging,True,True,Express,Card,Very Frequent,0.4635,Mid
973,61,Male,Sneakers,Footwear,61,Colorado,L,Gold,Winter,3.0,Yes,Standard,Yes,33,Credit Card,Weekly,Senior,7,Established,True,True,Standard,Card,Very Frequent,0.43521428571428566,Mid
974,60,Male,Jacket,Outerwear,75,Colorado,M,Teal,Fall,3.5,Yes,2-Day Shipping,Yes,30,Bank Transfer,Quarterly,Senior,90,Established,True,True,Standard,Other,Occasional,0.5239285714285715,High
975,69,Male,Skirt,Clothing,90,North Carolina,M,Beige,Spring,3.6,Yes,2-Day Shipping,Yes,23,Bank Transfer,Monthly,Senior,30,Emerging,True,True,Standard,Other,Frequent,0.5554285714285714,High
976,58,Male,Sweater,Clothing,40,Washington,M,Olive,Summer,3.8,Yes,2-Day Shipping,Yes,2,Bank Transfer,Weekly,Senior,7,New/Low,True,True,Standard,Other,Very Frequent,0.2134285714285714,Low
977,34,Male,T-shirt,Clothing,90,Florida,M,Gray,Fall,3.6,Yes,Express,Yes,50,Credit Card,Every 3 Months,Adult,90,Heavy,True,True,Express,Card,Occasional,0.729,VIP
978,20,Male,Belt,Accessories,20,Washington,M,Black,Spring,4.6,Yes,Express,Yes,34,Cash,Bi-Weekly,Young Adult,14,Established,True,True,Express,Cash,Frequent,0.4011428571428571,Mid
979,56,Male,Gloves,Accessories,40,Colorado,M,Turquoise,Summer,2.5,Yes,Standard,Yes,33,Credit Card,Weekly,Middle-aged,7,Established,True,True,Standard,Card,Very Frequent,0.29571428571428565,Low
980,64,Male,Hat,Accessories,33,New Hampshire,S,Brown,Fall,3.5,Yes,Store Pickup,Yes,34,Debit Card,Monthly,Senior,30,Established,True,True,Other,Card,Frequent,0.36064285714285715,Mid
981,56,Male,Boots,Footwear,98,Maryland,S,Magenta,Spring,4.0,Yes,Free Shipping,Yes,39,PayPal,Every 3 Months,Middle-aged,90,Established,True,True,Standard,Digital Wallet,Occasional,0.7302857142857143,VIP
982,27,Male,Belt,Accessories,42,Maryland,M,Silver,Spring,3.5,Yes,Next Day Air,Yes,47,Credit Card,Quarterly,Young Adult,90,Heavy,True,True,Express,Card,Occasional,0.48471428571428576,High
983,35,Male,Coat,Outerwear,62,Texas,S,Red,Summer,3.2,Yes,Standard,Yes,37,PayPal,Monthly,Adult,30,Established,True,True,Standard,Digital Wallet,Frequent,0.48342857142857143,High
984,24,Male,Hat,Accessories,45,New Mexico,L,Indigo,Winter,3.5,Yes,Free Shipping,Yes,40,Venmo,Bi-Weekly,Young Adult,14,Established,True,True,Standard,Digital Wallet,Frequent,0.45321428571428574,Mid
985,26,Male,Shoes,Footwear,78,Utah,M,Green,Summer,3.4,Yes,Free Shipping,Yes,8,Credit Card,Bi-Weekly,Young Adult,14,New/Low,True,True,Standard,Card,Frequent,0.38699999999999996,Mid
986,32,Male,Handbag,Accessories,80,West Virginia,M,Gray,Fall,5.0,Yes,Express,Yes,12,Bank Transfer,Annually,Adult,365,Emerging,True,True,Express,Other,Rare,0.5657142857142857,High
987,54,Male,Scarf,Accessories,96,Connecticut,S,Peach,Spring,4.5,Yes,Store Pickup,Yes,36,Bank Transfer,Monthly,Middle-aged,30,Established,True,True,Other,Other,Frequent,0.7470000000000001,VIP
988,62,Male,Handbag,Accessories,47,West Virginia,M,Charcoal,Summer,2.8,Yes,Express,Yes,48,PayPal,Weekly,Senior,7,Heavy,True,True,Express,Digital Wallet,Very Frequent,0.4506428571428571,Mid
989,50,Male,Pants,Clothing,84,Ohio,M,Orange,Winter,4.9,Yes,2-Day Shipping,Yes,47,PayPal,Fortnightly,Middle-aged,14,Heavy,True,True,Standard,Digital Wallet,Frequent,0.7997142857142857,VIP
990,70,Male,Shoes,Footwear,31,Texas,M,Beige,Spring,3.1,Yes,Store Pickup,Yes,2,Bank Transfer,Monthly,Senior,30,New/Low,True,True,Other,Other,Frequent,0.10992857142857144,Low
991,48,Male,Sunglasses,Accessories,63,Washington,S,Yellow,Spring,4.8,Yes,Store Pickup,Yes,24,Cash,Weekly,Middle-aged,7,Emerging,True,True,Other,Cash,Very Frequent,0.5483571428571428,High
992,20,Male,Shorts,Clothing,97,Wisconsin,XL,White,Spring,2.7,Yes,Standard,Yes,40,Bank Transfer,Bi-Weekly,Young Adult,14,Established,True,True,Standard,Other,Frequent,0.6152142857142857,VIP
993,46,Male,Jacket,Outerwear,99,Louisiana,M,Gray,Winter,4.6,Yes,Express,Yes,50,Debit Card,Weekly,Middle-aged,7,Heavy,True,True,Express,Card,Very Frequent,0.8594999999999999,VIP
994,51,Male,Sandals,Footwear,90,Iowa,M,Peach,Winter,4.4,Yes,Store Pickup,Yes,25,Cash,Weekly,Middle-aged,7,Emerging,True,True,Other,Cash,Very Frequent,0.6402857142857143,VIP
995,53,Male,Shoes,Footwear,68,New York,L,Violet,Fall,3.2,Yes,Express,Yes,20,Debit Card,Monthly,Middle-aged,30,Emerging,True,True,Express,Card,Frequent,0.40114285714285713,Mid
996,44,Male,Jewelry,Accessories,80,Idaho,M,Magenta,Spring,3.0,Yes,2-Day Shipping,Yes,10,Venmo,Weekly,Adult,7,New/Low,True,True,Standard,Digital Wallet,Very Frequent,0.3728571428571429,Mid
997,29,Male,Sandals,Footwear,91,Delaware,L,Maroon,Summer,4.9,Yes,Standard,Yes,32,Bank Transfer,Quarterly,Young Adult,90,Established,True,True,Standard,Other,Occasional,0.7347857142857144,VIP
998,64,Male,Pants,Clothing,30,Kentucky,M,Cyan,Spring,3.6,Yes,Express,Yes,31,Cash,Fortnightly,Senior,14,Established,True,True,Express,Cash,Frequent,0.3368571428571429,Low
999,51,Male,Shoes,Footwear,90,Connecticut,M,White,Spring,3.8,Yes,Next Day Air,Yes,48,Bank Transfer,Bi-Weekly,Middle-aged,14,Heavy,True,True,Express,Other,Frequent,0.7341428571428572,VIP
1000,50,Male,Socks,Clothing,28,New Mexico,L,Brown,Spring,2.9,Yes,Standard,Yes,23,Debit Card,Monthly,Middle-aged,30,Emerging,True,True,Standard,Card,Frequent,0.21342857142857144,Low
1001,43,Male,Socks,Clothing,46,Georgia,M,Red,Winter,3.9,Yes,Express,Yes,1,Bank Transfer,Bi-Weekly,Adult,14,New/Low,True,True,Express,Other,Frequent,0.24300000000000002,Low
1002,61,Male,Dress,Clothing,60,Washington,M,Orange,Fall,3.6,Yes,Standard,Yes,4,Debit Card,Fortnightly,Senior,14,New/Low,True,True,Standard,Card,Frequent,0.2982857142857143,Low
1003,55,Male,Shoes,Footwear,59,North Dakota,M,White,Spring,3.5,Yes,Store Pickup,Yes,3,Bank Transfer,Bi-Weekly,Middle-aged,14,New/Low,True,True,Other,Other,Frequent,0.27835714285714286,Low
1004,56,Male,Hat,Accessories,68,Ohio,M,Green,Fall,4.0,Yes,Store Pickup,Yes,3,Cash,Bi-Weekly,Middle-aged,14,New/Low,True,True,Other,Cash,Frequent,0.3638571428571428,Mid
1005,33,Male,Backpack,Accessories,79,Tennessee,M,Black,Summer,4.8,Yes,2-Day Shipping,Yes,44,Cash,Annually,Adult,365,Heavy,True,True,Standard,Cash,Rare,0.7489285714285714,VIP
1006,43,Male,Backpack,Accessories,94,New York,M,Gold,Winter,3.9,Yes,Store Pickup,Yes,5,Debit Card,Bi-Weekly,Adult,14,New/Low,True,True,Other,Card,Frequent,0.48471428571428576,High
1007,21,Male,Pants,Clothing,83,Michigan,S,Lavender,Summer,4.5,Yes,Next Day Air,Yes,50,Venmo,Quarterly,Young Adult,90,Heavy,True,True,Express,Digital Wallet,Occasional,0.7785,VIP
1008,58,Male,Gloves,Accessories,62,Georgia,XL,Turquoise,Spring,4.8,Yes,Standard,Yes,2,Credit Card,Annually,Senior,365,New/Low,True,True,Standard,Card,Rare,0.40242857142857147,Mid
1009,41,Male,Scarf,Accessories,85,New Mexico,M,Pink,Spring,2.6,Yes,Store Pickup,Yes,29,PayPal,Annually,Adult,365,Established,True,True,Other,Digital Wallet,Rare,0.48150000000000004,High
1010,39,Male,Hoodie,Clothing,30,Louisiana,M,Silver,Summer,3.1,Yes,Express,Yes,11,Venmo,Annually,Adult,365,Emerging,True,True,Express,Digital Wallet,Rare,0.1632857142857143,Low
1011,54,Male,Jeans,Clothing,24,South Dakota,XL,Gray,Spring,4.7,Yes,2-Day Shipping,Yes,37,Credit Card,Fortnightly,Middle-aged,14,Established,True,True,Standard,Card,Frequent,0.44742857142857145,Mid
1012,43,Male,Backpack,Accessories,25,Montana,L,Indigo,Spring,2.9,Yes,Next Day Air,Yes,32,Debit Card,Fortnightly,Adult,14,Established,True,True,Express,Card,Frequent,0.2577857142857143,Low
1013,28,Male,Sandals,Footwear,37,New Mexico,L,Teal,Summer,3.8,Yes,Express,Yes,27,Credit Card,Annually,Young Adult,365,Established,True,True,Express,Card,Rare,0.36064285714285715,Mid
1014,59,Male,Belt,Accessories,69,South Carolina,XL,Green,Summer,3.8,Yes,2-Day Shipping,Yes,31,Venmo,Bi-Weekly,Senior,14,Established,True,True,Standard,Digital Wallet,Frequent,0.5303571428571429,High
1015,28,Male,Shoes,Footwear,97,Ohio,M,Violet,Summer,3.0,Yes,Standard,Yes,36,Debit Card,Fortnightly,Young Adult,14,Established,True,True,Standard,Card,Frequent,0.6165,VIP
1016,68,Male,Gloves,Accessories,24,North Carolina,M,Cyan,Summer,4.1,Yes,Standard,Yes,34,Cash,Weekly,Senior,7,Established,True,True,Standard,Cash,Very Frequent,0.3741428571428571,Mid
1017,20,Male,Belt,Accessories,30,Idaho,XL,Blue,Summer,3.4,Yes,Express,Yes,15,Bank Transfer,Every 3 Months,Young Adult,90,Emerging,True,True,Express,Other,Occasional,0.216,Low
1018,21,Male,Jacket,Outerwear,53,Oklahoma,L,Orange,Fall,2.5,Yes,Express,Yes,14,Credit Card,Annually,Young Adult,365,Emerging,True,True,Express,Card,Rare,0.23207142857142862,Low
1019,50,Male,Dress,Clothing,70,Georgia,XL,Charcoal,Spring,4.9,Yes,Next Day Air,Yes,46,Cash,Weekly,Middle-aged,7,Heavy,True,True,Express,Cash,Very Frequent,0.7302857142857143,VIP
1020,32,Male,Shirt,Clothing,76,Kentucky,S,Beige,Winter,2.8,Yes,Standard,Yes,33,Venmo,Bi-Weekly,Adult,14,Established,True,True,Standard,Digital Wallet,Frequent,0.48471428571428565,High
1021,24,Male,Scarf,Accessories,95,Delaware,M,Black,Fall,4.5,Yes,Express,Yes,41,Debit Card,Annually,Young Adult,365,Heavy,True,True,Express,Card,Rare,0.7746428571428572,VIP
1022,55,Male,Coat,Outerwear,51,Massachusetts,S,Lavender,Winter,4.9,Yes,2-Day Shipping,Yes,39,PayPal,Weekly,Middle-aged,7,Established,True,True,Standard,Digital Wallet,Very Frequent,0.5997857142857144,VIP
1023,61,Male,Handbag,Accessories,41,Nebraska,M,Lavender,Winter,4.9,Yes,Store Pickup,Yes,7,Cash,Annually,Senior,365,New/Low,True,True,Other,Cash,Rare,0.34907142857142864,Low
1024,61,Male,Sunglasses,Accessories,71,Maine,S,Turquoise,Winter,3.5,Yes,Free Shipping,Yes,29,Bank Transfer,Every 3 Months,Senior,90,Established,True,True,Standard,Other,Occasional,0.49949999999999994,High
1025,28,Male,T-shirt,Clothing,66,Pennsylvania,M,Purple,Summer,3.5,Yes,Free Shipping,Yes,18,Venmo,Quarterly,Young Adult,90,Emerging,True,True,Standard,Digital Wallet,Occasional,0.40628571428571425,Mid
1026,60,Male,Shirt,Clothing,84,Nebraska,M,Olive,Winter,4.9,Yes,Free Shipping,Yes,15,Credit Card,Annually,Senior,365,Emerging,True,True,Standard,Card,Rare,0.5940000000000002,VIP
1027,49,Male,Handbag,Accessories,95,Virginia,L,Turquoise,Winter,3.0,Yes,Express,Yes,39,PayPal,Bi-Weekly,Middle-aged,14,Established,True,True,Express,Digital Wallet,Frequent,0.6267857142857143,VIP
1028,33,Male,Jewelry,Accessories,90,Ohio,L,Teal,Summer,2.8,Yes,Next Day Air,Yes,11,Cash,Monthly,Adult,30,Emerging,True,True,Express,Cash,Frequent,0.4062857142857143,Mid
1029,45,Male,Hoodie,Clothing,36,Nebraska,S,Lavender,Summer,3.7,Yes,Standard,Yes,4,Cash,Fortnightly,Middle-aged,14,New/Low,True,True,Standard,Cash,Frequent,0.19928571428571434,Low
1030,29,Male,Gloves,Accessories,22,Ohio,M,Purple,Spring,3.6,Yes,2-Day Shipping,Yes,33,Venmo,Bi-Weekly,Young Adult,14,Established,True,True,Standard,Digital Wallet,Frequent,0.31371428571428567,Low
1031,58,Male,Coat,Outerwear,89,Kentucky,L,Blue,Winter,3.3,Yes,Next Day Air,Yes,37,Debit Card,Quarterly,Senior,90,Established,True,True,Express,Card,Occasional,0.6139285714285714,VIP
1032,22,Male,Sandals,Footwear,50,Tennessee,M,Teal,Spring,3.4,Yes,Free Shipping,Yes,32,Cash,Quarterly,Young Adult,90,Established,True,True,Standard,Cash,Occasional,0.41528571428571426,Mid
1033,55,Male,Boots,Footwear,36,Maine,M,Lavender,Fall,4.0,Yes,Free Shipping,Yes,44,Credit Card,Quarterly,Middle-aged,90,Heavy,True,True,Standard,Card,Occasional,0.48342857142857143,High
1034,19,Male,Pants,Clothing,52,Montana,S,Silver,Spring,4.6,Yes,Free Shipping,Yes,41,Bank Transfer,Quarterly,Young Adult,90,Heavy,True,True,Standard,Other,Occasional,0.5901428571428572,High
1035,68,Male,Socks,Clothing,29,Maryland,M,Olive,Fall,4.2,Yes,Next Day Air,Yes,44,Bank Transfer,Weekly,Senior,7,Heavy,True,True,Express,Other,Very Frequent,0.4699285714285714,Mid
1036,61,Male,Blouse,Clothing,89,Georgia,M,Brown,Fall,2.8,Yes,Express,Yes,32,Venmo,Annually,Senior,365,Established,True,True,Express,Digital Wallet,Rare,0.5367857142857144,High
1037,68,Male,Handbag,Accessories,47,Hawaii,M,Yellow,Fall,3.7,Yes,2-Day Shipping,Yes,13,Bank Transfer,Monthly,Senior,30,Emerging,True,True,Standard,Other,Frequent,0.30664285714285716,Low
1038,52,Male,Jewelry,Accessories,25,Rhode Island,XL,Brown,Spring,3.4,Yes,Standard,Yes,48,Debit Card,Quarterly,Middle-aged,90,Heavy,True,True,Standard,Card,Occasional,0.4056428571428572,Mid
1039,41,Male,Pants,Clothing,74,Nebraska,XL,Cyan,Fall,3.0,Yes,Express,Yes,3,Bank Transfer,Weekly,Adult,7,New/Low,True,True,Express,Other,Very Frequent,0.3008571428571429,Low
1040,29,Male,Belt,Accessories,46,Michigan,M,Magenta,Fall,4.8,Yes,Standard,Yes,39,Venmo,Monthly,Young Adult,30,Established,True,True,Standard,Digital Wallet,Frequent,0.5682857142857143,High
1041,68,Male,Jeans,Clothing,22,North Carolina,S,Magenta,Fall,4.0,Yes,Next Day Air,Yes,7,Cash,Fortnightly,Senior,14,New/Low,True,True,Express,Cash,Frequent,0.18257142857142858,Low
1042,36,Male,Shirt,Clothing,25,Minnesota,M,Orange,Summer,4.9,Yes,Next Day Air,Yes,11,Cash,Fortnightly,Adult,14,Emerging,True,True,Express,Cash,Frequent,0.3027857142857143,Low
1043,55,Male,Belt,Accessories,80,Maryland,M,Maroon,Spring,4.9,Yes,Next Day Air,Yes,47,Credit Card,Weekly,Middle-aged,7,Heavy,True,True,Express,Card,Very Frequent,0.7817142857142857,VIP
1044,28,Male,Jeans,Clothing,76,Hawaii,M,Green,Spring,3.3,Yes,2-Day Shipping,Yes,28,Debit Card,Fortnightly,Young Adult,14,Established,True,True,Standard,Card,Frequent,0.49757142857142855,High
1045,39,Male,Jeans,Clothing,30,Oregon,L,Teal,Summer,4.4,Yes,Next Day Air,Yes,17,Bank Transfer,Every 3 Months,Adult,90,Emerging,True,True,Express,Other,Occasional,0.3188571428571429,Low
1046,54,Male,Sweater,Clothing,79,New Mexico,L,Black,Fall,3.5,Yes,2-Day Shipping,Yes,11,PayPal,Bi-Weekly,Middle-aged,14,Emerging,True,True,Standard,Digital Wallet,Frequent,0.41978571428571426,Mid
1047,40,Male,Sneakers,Footwear,22,Illinois,M,Magenta,Winter,4.2,Yes,Standard,Yes,12,Venmo,Annually,Adult,365,Emerging,True,True,Standard,Digital Wallet,Rare,0.2327142857142857,Low
1048,31,Male,Socks,Clothing,36,Utah,S,Olive,Fall,4.2,Yes,Standard,Yes,7,Credit Card,Fortnightly,Young Adult,14,New/Low,True,True,Standard,Card,Frequent,0.26357142857142857,Low
1049,30,Male,Socks,Clothing,77,Maine,L,Yellow,Fall,2.7,Yes,Standard,Yes,19,Venmo,Fortnightly,Young Adult,14,Emerging,True,True,Standard,Digital Wallet,Frequent,0.39021428571428574,Mid
1050,45,Male,Sunglasses,Accessories,33,Virginia,S,Purple,Fall,2.8,Yes,Store Pickup,Yes,24,Cash,Quarterly,Middle-aged,90,Emerging,True,True,Other,Cash,Occasional,0.23335714285714287,Low
1051,48,Male,Sneakers,Footwear,64,Florida,M,Beige,Winter,3.8,Yes,Next Day Air,Yes,19,Venmo,Monthly,Middle-aged,30,Emerging,True,True,Express,Digital Wallet,Frequent,0.4307142857142857,Mid
1052,45,Male,Socks,Clothing,53,Ohio,M,Indigo,Fall,2.6,Yes,Free Shipping,Yes,39,PayPal,Annually,Middle-aged,365,Established,True,True,Standard,Digital Wallet,Rare,0.40178571428571425,Mid
1053,60,Male,Shoes,Footwear,36,Virginia,XL,Pink,Fall,3.0,Yes,2-Day Shipping,Yes,1,Credit Card,Fortnightly,Senior,14,New/Low,True,True,Standard,Card,Frequent,0.117,Low
1054,59,Male,Blouse,Clothing,70,Kansas,M,Blue,Spring,3.3,No,2-Day Shipping,Yes,10,Debit Card,Bi-Weekly,Senior,14,New/Low,True,False,Standard,Card,Frequent,0.3548571428571428,Low
1055,18,Male,Shorts,Clothing,96,Arkansas,L,Cyan,Winter,4.9,No,Express,Yes,48,PayPal,Quarterly,Young Adult,90,Heavy,True,False,Express,Digital Wallet,Occasional,0.8601428571428572,VIP
1056,70,Male,Jacket,Outerwear,27,Massachusetts,M,Orange,Spring,3.3,No,Next Day Air,Yes,24,Debit Card,Annually,Senior,365,Emerging,True,False,Express,Card,Rare,0.25135714285714283,Low
1057,20,Male,Sweater,Clothing,64,Idaho,L,Black,Winter,2.9,No,2-Day Shipping,Yes,42,Venmo,Fortnightly,Young Adult,14,Heavy,True,False,Standard,Digital Wallet,Frequent,0.49757142857142866,High
1058,65,Male,Jacket,Outerwear,23,Wisconsin,S,Maroon,Spring,4.4,No,2-Day Shipping,Yes,20,Credit Card,Weekly,Senior,7,Emerging,True,False,Standard,Card,Very Frequent,0.30664285714285716,Low
1059,29,Male,Scarf,Accessories,33,New Mexico,L,Violet,Summer,3.1,No,Next Day Air,Yes,49,Bank Transfer,Every 3 Months,Young Adult,90,Heavy,True,False,Express,Other,Occasional,0.42107142857142854,Mid
1060,22,Male,Jacket,Outerwear,34,North Carolina,M,Beige,Winter,2.5,No,Standard,Yes,25,Debit Card,Monthly,Young Adult,30,Emerging,True,False,Standard,Card,Frequent,0.21728571428571425,Low
1061,27,Male,Sweater,Clothing,35,Iowa,S,Gray,Summer,2.6,No,Next Day Air,Yes,21,Debit Card,Every 3 Months,Young Adult,90,Emerging,True,False,Express,Card,Occasional,0.2050714285714286,Low
1062,36,Male,Coat,Outerwear,62,Idaho,M,Gray,Summer,4.4,No,Free Shipping,Yes,12,Venmo,Every 3 Months,Adult,90,Emerging,True,False,Standard,Digital Wallet,Occasional,0.43071428571428577,Mid
1063,59,Male,Boots,Footwear,75,Ohio,M,Brown,Fall,2.6,No,Next Day Air,Yes,21,Debit Card,Every 3 Months,Senior,90,Emerging,True,False,Express,Card,Occasional,0.3850714285714286,Mid
1064,62,Male,Hoodie,Clothing,29,Alabama,S,Indigo,Summer,3.3,No,Free Shipping,Yes,35,Cash,Monthly,Senior,30,Established,True,False,Standard,Cash,Frequent,0.3310714285714285,Low
1065,34,Male,Hat,Accessories,28,Wyoming,M,Violet,Spring,3.5,No,Express,Yes,42,Credit Card,Every 3 Months,Adult,90,Heavy,True,False,Express,Card,Occasional,0.38957142857142857,Mid
1066,59,Male,T-shirt,Clothing,20,Alabama,XL,Blue,Spring,4.1,No,Store Pickup,Yes,3,PayPal,Every 3 Months,Senior,90,New/Low,True,False,Other,Digital Wallet,Occasional,0.15685714285714283,Low
1067,49,Male,Coat,Outerwear,96,Mississippi,M,Red,Winter,4.0,No,Store Pickup,Yes,11,PayPal,Bi-Weekly,Middle-aged,14,Emerging,True,False,Other,Digital Wallet,Frequent,0.5412857142857143,High
1068,18,Male,Dress,Clothing,43,Pennsylvania,S,Peach,Summer,2.7,No,2-Day Shipping,Yes,22,PayPal,Quarterly,Young Adult,90,Emerging,True,False,Standard,Digital Wallet,Occasional,0.25650000000000006,Low
1069,55,Male,Shirt,Clothing,94,Wyoming,M,Olive,Fall,2.5,No,Standard,Yes,47,Credit Card,Weekly,Middle-aged,7,Heavy,True,False,Standard,Card,Very Frequent,0.6287142857142858,VIP
1070,38,Male,Skirt,Clothing,81,Maryland,XL,White,Fall,4.3,No,Next Day Air,Yes,33,Venmo,Every 3 Months,Adult,90,Established,True,False,Express,Digital Wallet,Occasional,0.6422142857142857,VIP
1071,50,Male,Jewelry,Accessories,75,North Carolina,M,Magenta,Summer,3.3,No,Free Shipping,Yes,50,Debit Card,Weekly,Middle-aged,7,Heavy,True,False,Standard,Card,Very Frequent,0.6345,VIP
1072,61,Male,Hat,Accessories,81,Pennsylvania,M,Beige,Summer,2.6,No,Express,Yes,46,Credit Card,Monthly,Senior,30,Heavy,True,False,Express,Card,Frequent,0.5727857142857142,High
1073,48,Male,Shorts,Clothing,92,Idaho,L,Gold,Fall,3.7,No,Express,Yes,34,Debit Card,Fortnightly,Middle-aged,14,Established,True,False,Express,Card,Frequent,0.6441428571428572,VIP
1074,22,Male,Scarf,Accessories,96,California,XL,Purple,Spring,4.0,No,Store Pickup,Yes,33,Credit Card,Monthly,Young Adult,30,Established,True,False,Other,Card,Frequent,0.6827142857142857,VIP
1075,48,Male,Jewelry,Accessories,71,Tennessee,S,White,Fall,2.6,No,Standard,Yes,45,Bank Transfer,Fortnightly,Middle-aged,14,Heavy,True,False,Standard,Other,Frequent,0.5213571428571429,High
1076,57,Male,Sunglasses,Accessories,50,Missouri,L,Indigo,Summer,4.9,No,Next Day Air,Yes,32,Debit Card,Bi-Weekly,Middle-aged,14,Established,True,False,Express,Card,Frequent,0.5502857142857143,High
1077,33,Male,Coat,Outerwear,72,North Dakota,L,Charcoal,Spring,2.9,No,Standard,Yes,47,Venmo,Bi-Weekly,Adult,14,Heavy,True,False,Standard,Digital Wallet,Frequent,0.5657142857142857,High
1078,58,Male,Jacket,Outerwear,28,West Virginia,M,Pink,Winter,3.7,No,Standard,Yes,5,PayPal,Quarterly,Senior,90,New/Low,True,False,Standard,Digital Wallet,Occasional,0.16971428571428576,Low
1079,37,Male,Sweater,Clothing,59,Arizona,M,Silver,Fall,4.4,No,Express,Yes,49,Credit Card,Fortnightly,Adult,14,Heavy,True,False,Express,Card,Frequent,0.6550714285714286,VIP
1080,18,Male,Coat,Outerwear,33,Oklahoma,S,Blue,Summer,4.4,No,Free Shipping,Yes,48,Bank Transfer,Monthly,Young Adult,30,Heavy,True,False,Standard,Other,Frequent,0.5316428571428572,High
1081,65,Male,Scarf,Accessories,59,Pennsylvania,L,Blue,Fall,3.8,No,Express,Yes,22,Cash,Every 3 Months,Senior,90,Emerging,True,False,Express,Cash,Occasional,0.4275,Mid
1082,62,Male,Belt,Accessories,30,Idaho,XL,Brown,Spring,4.5,No,Standard,Yes,45,Credit Card,Annually,Senior,365,Heavy,True,False,Standard,Card,Rare,0.5078571428571429,High
1083,54,Male,Hat,Accessories,85,South Carolina,XL,Cyan,Winter,2.6,No,Next Day Air,Yes,30,Venmo,Quarterly,Middle-aged,90,Established,True,False,Express,Digital Wallet,Occasional,0.48792857142857143,High
1084,35,Male,Backpack,Accessories,97,Washington,L,Teal,Summer,3.3,No,Store Pickup,Yes,43,Cash,Weekly,Adult,7,Heavy,True,False,Other,Cash,Very Frequent,0.6885,VIP
1085,34,Male,T-shirt,Clothing,36,Arkansas,S,Purple,Fall,4.1,No,Next Day Air,Yes,48,Cash,Quarterly,Adult,90,Heavy,True,False,Express,Cash,Occasional,0.5181428571428571,High
1086,25,Male,Jewelry,Accessories,85,Utah,M,Turquoise,Winter,3.0,No,Store Pickup,Yes,23,Venmo,Fortnightly,Young Adult,14,Emerging,True,False,Other,Digital Wallet,Frequent,0.4789285714285714,High
1087,53,Male,Sunglasses,Accessories,62,Alaska,M,Olive,Winter,3.0,No,Free Shipping,Yes,27,PayPal,Bi-Weekly,Middle-aged,14,Established,True,False,Standard,Digital Wallet,Frequent,0.4011428571428572,Mid
1088,45,Male,Jeans,Clothing,71,West Virginia,S,White,Winter,3.4,No,Next Day Air,Yes,7,Bank Transfer,Monthly,Middle-aged,30,New/Low,True,False,Express,Other,Frequent,0.34907142857142864,Low
1089,49,Male,Pants,Clothing,21,Louisiana,M,Turquoise,Winter,2.7,No,Free Shipping,Yes,2,PayPal,Weekly,Middle-aged,7,New/Low,True,False,Standard,Digital Wallet,Very Frequent,0.028928571428571446,Low
1090,40,Male,Backpack,Accessories,61,Arizona,M,Silver,Spring,3.8,No,Next Day Air,Yes,33,PayPal,Bi-Weekly,Adult,14,Established,True,False,Express,Digital Wallet,Frequent,0.5072142857142856,High
1091,38,Male,Scarf,Accessories,58,Connecticut,M,Violet,Spring,4.2,No,Store Pickup,Yes,27,Cash,Fortnightly,Adult,14,Established,True,False,Other,Cash,Frequent,0.49114285714285716,High
1092,44,Male,Sweater,Clothing,80,North Carolina,L,Lavender,Spring,4.7,No,Store Pickup,Yes,6,Credit Card,Fortnightly,Adult,14,New/Low,True,False,Other,Card,Frequent,0.5001428571428572,High
1093,68,Male,Jewelry,Accessories,50,South Dakota,L,Magenta,Spring,4.1,No,2-Day Shipping,Yes,20,Venmo,Quarterly,Senior,90,Emerging,True,False,Standard,Digital Wallet,Occasional,0.40114285714285713,Mid
1094,60,Male,Sneakers,Footwear,48,Delaware,S,Indigo,Winter,4.2,No,2-Day Shipping,Yes,46,Venmo,Every 3 Months,Senior,90,Heavy,True,False,Standard,Digital Wallet,Occasional,0.5682857142857143,High
1095,25,Male,Jewelry,Accessories,40,Connecticut,M,Black,Winter,4.8,No,Next Day Air,Yes,25,Cash,Quarterly,Young Adult,90,Emerging,True,False,Express,Cash,Occasional,0.45128571428571423,Mid
1096,19,Male,Coat,Outerwear,34,Tennessee,S,Peach,Summer,3.0,No,Free Shipping,Yes,30,Bank Transfer,Quarterly,Young Adult,90,Established,True,False,Standard,Other,Occasional,0.29442857142857143,Low
1097,57,Male,Coat,Outerwear,46,New Hampshire,S,Beige,Fall,2.6,No,Standard,Yes,48,Credit Card,Annually,Middle-aged,365,Heavy,True,False,Standard,Card,Rare,0.42814285714285716,Mid
1098,58,Male,Sunglasses,Accessories,27,Vermont,M,Black,Summer,3.2,No,Store Pickup,Yes,47,Bank Transfer,Weekly,Senior,7,Heavy,True,False,Other,Other,Very Frequent,0.3902142857142857,Mid
1099,49,Male,Handbag,Accessories,98,Idaho,S,Turquoise,Spring,3.6,No,Next Day Air,Yes,27,Credit Card,Weekly,Middle-aged,7,Established,True,False,Express,Card,Very Frequent,0.6171428571428572,VIP
1100,19,Male,Sweater,Clothing,73,North Carolina,M,Peach,Fall,2.6,No,Next Day Air,Yes,45,Bank Transfer,Fortnightly,Young Adult,14,Heavy,True,False,Express,Other,Frequent,0.5303571428571429,High
1101,50,Male,Pants,Clothing,28,Nevada,L,Gold,Spring,4.4,No,Express,Yes,2,Credit Card,Weekly,Middle-aged,7,New/Low,True,False,Express,Card,Very Frequent,0.21342857142857147,Low
1102,30,Male,Gloves,Accessories,76,Delaware,XL,Silver,Fall,3.0,No,Free Shipping,Yes,39,Cash,Fortnightly,Young Adult,14,Established,True,False,Standard,Cash,Frequent,0.5412857142857143,High
1103,52,Male,Sweater,Clothing,83,Texas,M,Peach,Fall,2.9,No,Express,Yes,24,Cash,Fortnightly,Middle-aged,14,Emerging,True,False,Express,Cash,Frequent,0.4673571428571429,Mid
1104,35,Male,Hoodie,Clothing,23,Tennessee,S,Charcoal,Spring,4.3,No,Free Shipping,Yes,8,Debit Card,Bi-Weekly,Adult,14,New/Low,True,False,Standard,Card,Frequent,0.2205,Low
1105,35,Male,Hat,Accessories,28,Delaware,M,Beige,Fall,3.1,No,Express,Yes,8,Bank Transfer,Quarterly,Adult,90,New/Low,True,False,Express,Other,Occasional,0.13500000000000004,Low
1106,33,Male,T-shirt,Clothing,83,Massachusetts,S,Olive,Spring,3.0,No,Next Day Air,Yes,6,Venmo,Every 3 Months,Adult,90,New/Low,True,False,Express,Digital Wallet,Occasional,0.36064285714285715,Mid
1107,52,Male,Skirt,Clothing,96,Minnesota,L,Violet,Winter,3.6,No,Store Pickup,Yes,12,Venmo,Fortnightly,Middle-aged,14,Emerging,True,False,Other,Digital Wallet,Frequent,0.5117142857142858,High
1108,69,Male,Sneakers,Footwear,62,Texas,M,Peach,Fall,2.8,No,Store Pickup,Yes,26,Bank Transfer,Weekly,Senior,7,Established,True,False,Other,Other,Very Frequent,0.37671428571428567,Mid
1109,27,Male,Shorts,Clothing,25,Nebraska,M,Teal,Fall,2.8,No,Standard,Yes,50,Cash,Fortnightly,Young Adult,14,Heavy,True,False,Standard,Cash,Frequent,0.3645,Mid
1110,66,Male,Hoodie,Clothing,97,Oklahoma,L,Violet,Winter,3.7,No,Next Day Air,Yes,2,Venmo,Weekly,Senior,7,New/Low,True,False,Express,Digital Wallet,Very Frequent,0.4609285714285714,Mid
1111,28,Male,Hoodie,Clothing,61,Texas,L,Cyan,Fall,3.0,No,Standard,Yes,31,Cash,Bi-Weekly,Young Adult,14,Established,True,False,Standard,Cash,Frequent,0.4223571428571428,Mid
1112,22,Male,Shoes,Footwear,66,New York,S,Olive,Summer,4.1,No,Next Day Air,Yes,4,Credit Card,Bi-Weekly,Young Adult,14,New/Low,True,False,Express,Card,Frequent,0.3702857142857142,Mid
1113,69,Male,Hoodie,Clothing,67,Washington,XL,Pink,Spring,4.6,No,Free Shipping,Yes,32,PayPal,Quarterly,Senior,90,Established,True,False,Standard,Digital Wallet,Occasional,0.5997857142857143,VIP
1114,28,Male,Sunglasses,Accessories,80,Maryland,M,Purple,Summer,4.8,No,Next Day Air,Yes,11,PayPal,Bi-Weekly,Young Adult,14,Emerging,True,False,Express,Digital Wallet,Frequent,0.5412857142857143,High
1115,55,Male,Skirt,Clothing,25,New Hampshire,L,Violet,Fall,2.6,No,Next Day Air,Yes,47,Bank Transfer,Every 3 Months,Middle-aged,90,Heavy,True,False,Express,Other,Occasional,0.32721428571428574,Low
1116,30,Male,Hat,Accessories,58,New York,S,Peach,Fall,4.0,No,2-Day Shipping,Yes,37,Cash,Weekly,Young Adult,7,Established,True,False,Standard,Cash,Very Frequent,0.5374285714285714,High
1117,67,Male,Backpack,Accessories,96,Hawaii,M,Charcoal,Winter,4.2,No,Express,Yes,39,PayPal,Fortnightly,Senior,14,Established,True,False,Express,Digital Wallet,Frequent,0.7392857142857143,VIP
1118,25,Male,Sunglasses,Accessories,77,California,L,Lavender,Spring,4.5,No,Store Pickup,Yes,24,Credit Card,Monthly,Young Adult,30,Emerging,True,False,Other,Card,Frequent,0.5843571428571428,High
1119,49,Male,Belt,Accessories,65,Indiana,M,Purple,Summer,4.9,No,Standard,Yes,11,PayPal,Every 3 Months,Middle-aged,90,Emerging,True,False,Standard,Digital Wallet,Occasional,0.4827857142857143,High
1120,34,Male,Jewelry,Accessories,36,Louisiana,M,Indigo,Spring,3.1,No,Standard,Yes,36,Credit Card,Weekly,Adult,7,Established,True,False,Standard,Card,Very Frequent,0.35100000000000003,Low
1121,22,Male,Sneakers,Footwear,84,Pennsylvania,M,Magenta,Winter,4.0,No,Next Day Air,Yes,40,Debit Card,Monthly,Young Adult,30,Established,True,False,Express,Card,Frequent,0.6737142857142857,VIP
1122,63,Male,T-shirt,Clothing,58,Florida,XL,Peach,Fall,3.2,No,Express,Yes,25,Cash,Quarterly,Senior,90,Emerging,True,False,Express,Cash,Occasional,0.3882857142857143,Mid
1123,70,Male,Handbag,Accessories,62,North Carolina,S,Charcoal,Spring,4.3,No,2-Day Shipping,Yes,12,Credit Card,Annually,Senior,365,Emerging,True,False,Standard,Card,Rare,0.4217142857142857,Mid
1124,36,Male,Hat,Accessories,67,Massachusetts,S,Purple,Fall,2.5,No,Store Pickup,Yes,38,Cash,Monthly,Adult,30,Established,True,False,Other,Cash,Frequent,0.4493571428571428,Mid
1125,42,Male,Sweater,Clothing,20,Iowa,M,Orange,Spring,3.7,No,Express,Yes,40,Cash,Quarterly,Adult,90,Established,True,False,Express,Cash,Occasional,0.3587142857142857,Mid
1126,27,Male,Sandals,Footwear,90,North Dakota,M,Lavender,Summer,2.7,No,2-Day Shipping,Yes,10,Bank Transfer,Weekly,Young Adult,7,New/Low,True,False,Standard,Other,Very Frequent,0.3908571428571429,Mid
1127,23,Male,Scarf,Accessories,58,Iowa,L,Beige,Winter,3.4,No,Standard,Yes,47,Venmo,Fortnightly,Young Adult,14,Heavy,True,False,Standard,Digital Wallet,Frequent,0.5477142857142857,High
1128,50,Male,Shirt,Clothing,53,Delaware,XL,Maroon,Spring,4.8,No,Store Pickup,Yes,22,Debit Card,Monthly,Middle-aged,30,Emerging,True,False,Other,Card,Frequent,0.49049999999999994,High
1129,56,Male,Gloves,Accessories,30,New York,L,Charcoal,Winter,4.7,No,Next Day Air,Yes,35,Debit Card,Monthly,Middle-aged,30,Established,True,False,Express,Card,Frequent,0.46157142857142863,Mid
1130,37,Male,Hoodie,Clothing,65,New Hampshire,XL,White,Winter,4.7,No,Express,Yes,46,Venmo,Fortnightly,Adult,14,Heavy,True,False,Express,Digital Wallet,Frequent,0.6897857142857143,VIP
1131,67,Male,Jewelry,Accessories,41,Kentucky,M,Lavender,Summer,3.9,No,Standard,Yes,30,PayPal,Bi-Weekly,Senior,14,Established,True,False,Standard,Digital Wallet,Frequent,0.4069285714285715,Mid
1132,67,Male,Shirt,Clothing,73,Illinois,M,Black,Spring,3.7,No,Express,Yes,20,Bank Transfer,Monthly,Senior,30,Emerging,True,False,Express,Other,Frequent,0.46864285714285714,Mid
1133,50,Male,Hoodie,Clothing,98,North Carolina,S,Teal,Spring,4.3,No,Store Pickup,Yes,25,Cash,Fortnightly,Middle-aged,14,Emerging,True,False,Other,Cash,Frequent,0.6672857142857143,VIP
1134,36,Male,Shoes,Footwear,36,Connecticut,XL,Magenta,Winter,4.1,No,2-Day Shipping,Yes,29,Cash,Weekly,Adult,7,Established,True,False,Standard,Cash,Very Frequent,0.396,Mid
1135,62,Male,T-shirt,Clothing,81,Wisconsin,M,Brown,Summer,3.7,No,Express,Yes,2,Venmo,Every 3 Months,Senior,90,New/Low,True,False,Express,Digital Wallet,Occasional,0.38892857142857146,Mid
1136,65,Male,Skirt,Clothing,90,Massachusetts,L,Peach,Winter,3.6,No,2-Day Shipping,Yes,32,Bank Transfer,Quarterly,Senior,90,Established,True,False,Standard,Other,Occasional,0.6132857142857142,VIP
1137,23,Male,Handbag,Accessories,83,Illinois,S,Cyan,Summer,4.8,No,Free Shipping,Yes,37,Cash,Monthly,Young Adult,30,Established,True,False,Standard,Cash,Frequent,0.7219285714285714,VIP
1138,46,Male,Shirt,Clothing,91,New Mexico,XL,Pink,Winter,2.8,No,2-Day Shipping,Yes,16,Bank Transfer,Every 3 Months,Middle-aged,90,Emerging,True,False,Standard,Other,Occasional,0.4429285714285714,Mid
1139,18,Male,Pants,Clothing,36,Iowa,M,Purple,Summer,4.7,No,Express,Yes,32,Venmo,Fortnightly,Young Adult,14,Established,True,False,Express,Digital Wallet,Frequent,0.4692857142857143,Mid
1140,58,Male,Coat,Outerwear,53,Alabama,L,Purple,Spring,3.9,No,Standard,Yes,42,Debit Card,Bi-Weekly,Senior,14,Heavy,True,False,Standard,Card,Frequent,0.5380714285714286,High
1141,31,Male,Jeans,Clothing,39,Maryland,M,White,Winter,2.6,No,Store Pickup,Yes,6,Credit Card,Every 3 Months,Young Adult,90,New/Low,True,False,Other,Card,Occasional,0.12664285714285717,Low
1142,39,Male,Gloves,Accessories,33,Ohio,S,Silver,Winter,4.7,No,Next Day Air,Yes,23,PayPal,Fortnightly,Adult,14,Emerging,True,False,Express,Digital Wallet,Frequent,0.39792857142857146,Mid
1143,69,Male,T-shirt,Clothing,76,Ohio,L,Green,Spring,3.5,No,Store Pickup,Yes,27,Venmo,Bi-Weekly,Senior,14,Established,True,False,Other,Digital Wallet,Frequent,0.5091428571428571,High
1144,68,Male,Boots,Footwear,23,Nevada,L,Teal,Winter,4.4,No,Standard,Yes,43,PayPal,Quarterly,Senior,90,Heavy,True,False,Standard,Digital Wallet,Occasional,0.4545,Mid
1145,41,Male,Jeans,Clothing,54,South Carolina,S,Indigo,Fall,4.4,No,2-Day Shipping,Yes,25,Bank Transfer,Fortnightly,Adult,14,Emerging,True,False,Standard,Other,Frequent,0.4782857142857143,High
1146,31,Male,Sneakers,Footwear,89,Nevada,L,Pink,Summer,3.0,No,Express,Yes,30,Cash,Every 3 Months,Young Adult,90,Established,True,False,Express,Cash,Occasional,0.5419285714285715,High
1147,48,Male,Sneakers,Footwear,38,Wisconsin,M,Indigo,Summer,4.2,No,Standard,Yes,7,Bank Transfer,Every 3 Months,Middle-aged,90,New/Low,True,False,Standard,Other,Occasional,0.2725714285714286,Low
1148,59,Male,Hat,Accessories,36,Tennessee,XL,Red,Winter,4.3,No,Next Day Air,Yes,17,Debit Card,Annually,Senior,365,Emerging,True,False,Express,Card,Rare,0.33685714285714285,Low
1149,34,Male,Pants,Clothing,66,Florida,M,Violet,Spring,2.6,No,Store Pickup,Yes,10,PayPal,Fortnightly,Adult,14,New/Low,True,False,Other,Digital Wallet,Frequent,0.27385714285714285,Low
1150,21,Male,Jewelry,Accessories,42,Georgia,L,Cyan,Spring,3.3,No,Store Pickup,Yes,40,Venmo,Annually,Young Adult,365,Established,True,False,Other,Digital Wallet,Rare,0.4217142857142857,Mid
1151,29,Male,Jewelry,Accessories,36,Kentucky,S,Red,Winter,2.7,No,Next Day Air,Yes,50,Venmo,Bi-Weekly,Young Adult,14,Heavy,True,False,Express,Digital Wallet,Frequent,0.405,Mid
1152,41,Male,Blouse,Clothing,86,Ohio,M,Gray,Spring,3.7,No,Express,Yes,24,Credit Card,Weekly,Adult,7,Emerging,True,False,Express,Card,Very Frequent,0.5528571428571429,High
1153,62,Male,Handbag,Accessories,49,Connecticut,M,Gold,Fall,4.0,No,Standard,Yes,8,PayPal,Every 3 Months,Senior,90,New/Low,True,False,Standard,Digital Wallet,Occasional,0.3105,Low
1154,27,Male,Shirt,Clothing,41,Idaho,M,Pink,Summer,4.0,No,Free Shipping,Yes,6,Bank Transfer,Quarterly,Young Adult,90,New/Low,True,False,Standard,Other,Occasional,0.2616428571428571,Low
1155,49,Male,Dress,Clothing,82,Georgia,L,Cyan,Spring,2.9,No,2-Day Shipping,Yes,44,Credit Card,Bi-Weekly,Middle-aged,14,Heavy,True,False,Standard,Card,Frequent,0.5914285714285715,High
1156,67,Male,T-shirt,Clothing,53,Tennessee,S,Red,Fall,2.6,No,Express,Yes,47,PayPal,Quarterly,Senior,90,Heavy,True,False,Express,Digital Wallet,Occasional,0.45321428571428574,Mid
1157,20,Male,Shoes,Footwear,21,Hawaii,M,Gold,Summer,4.8,No,Express,Yes,6,Venmo,Every 3 Months,Young Adult,90,New/Low,True,False,Express,Digital Wallet,Occasional,0.24364285714285713,Low
1158,37,Male,Belt,Accessories,66,Maryland,M,Charcoal,Fall,4.4,No,Standard,Yes,11,Cash,Quarterly,Adult,90,Emerging,True,False,Standard,Cash,Occasional,0.4422857142857143,Mid
1159,69,Male,Belt,Accessories,89,Nevada,L,Orange,Summer,4.0,No,2-Day Shipping,Yes,41,Bank Transfer,Annually,Senior,365,Heavy,True,False,Standard,Other,Rare,0.7026428571428572,VIP
1160,66,Male,Handbag,Accessories,55,New Hampshire,L,Blue,Fall,3.6,No,2-Day Shipping,Yes,46,Venmo,Every 3 Months,Senior,90,Heavy,True,False,Standard,Digital Wallet,Occasional,0.5457857142857143,High
1161,37,Male,Scarf,Accessories,42,North Dakota,S,Blue,Summer,3.2,No,Next Day Air,Yes,9,Venmo,Bi-Weekly,Adult,14,New/Low,True,False,Express,Digital Wallet,Frequent,0.21342857142857144,Low
1162,63,Male,Shorts,Clothing,52,Oklahoma,S,Orange,Fall,3.1,No,2-Day Shipping,Yes,37,PayPal,Monthly,Senior,30,Established,True,False,Standard,Digital Wallet,Frequent,0.42942857142857144,Mid
1163,47,Male,Sandals,Footwear,92,North Carolina,M,Blue,Winter,4.2,No,Express,Yes,13,PayPal,Weekly,Middle-aged,7,Emerging,True,False,Express,Digital Wallet,Very Frequent,0.5541428571428572,High
1164,26,Male,Pants,Clothing,56,Tennessee,L,White,Summer,3.0,No,2-Day Shipping,Yes,24,Debit Card,Monthly,Young Adult,30,Emerging,True,False,Standard,Card,Frequent,0.35485714285714287,Low
1165,68,Male,Dress,Clothing,96,Montana,M,Green,Winter,4.2,No,Standard,Yes,47,PayPal,Quarterly,Senior,90,Heavy,True,False,Standard,Digital Wallet,Occasional,0.7907142857142858,VIP
1166,51,Male,T-shirt,Clothing,64,Wisconsin,M,Silver,Winter,2.9,No,Next Day Air,Yes,21,Venmo,Every 3 Months,Middle-aged,90,Emerging,True,False,Express,Digital Wallet,Occasional,0.3625714285714286,Mid
1167,48,Male,Dress,Clothing,48,Connecticut,S,Lavender,Winter,3.7,No,Store Pickup,Yes,22,Venmo,Fortnightly,Middle-aged,14,Emerging,True,False,Other,Digital Wallet,Frequent,0.36900000000000005,Mid
1168,60,Male,Socks,Clothing,83,New Jersey,XL,Beige,Summer,3.6,No,Free Shipping,Yes,16,PayPal,Quarterly,Senior,90,Emerging,True,False,Standard,Digital Wallet,Occasional,0.4789285714285714,High
1169,68,Male,Scarf,Accessories,91,Mississippi,L,Violet,Summer,3.6,No,Standard,Yes,37,Debit Card,Fortnightly,Senior,14,Established,True,False,Standard,Card,Frequent,0.6499285714285714,VIP
1170,25,Male,Backpack,Accessories,94,Wyoming,S,Gray,Fall,4.5,No,2-Day Shipping,Yes,3,Cash,Annually,Young Adult,365,New/Low,True,False,Standard,Cash,Rare,0.5258571428571429,High
1171,57,Male,Skirt,Clothing,62,Illinois,S,Red,Spring,3.2,No,Express,Yes,33,Cash,Bi-Weekly,Middle-aged,14,Established,True,False,Express,Cash,Frequent,0.45771428571428574,Mid
1172,41,Male,Socks,Clothing,55,Louisiana,M,Lavender,Spring,3.9,No,Next Day Air,Yes,15,Debit Card,Annually,Adult,365,Emerging,True,False,Express,Card,Rare,0.37350000000000005,Mid
1173,59,Male,Coat,Outerwear,68,Oregon,L,Peach,Spring,4.6,No,Store Pickup,Yes,42,Bank Transfer,Bi-Weekly,Senior,14,Heavy,True,False,Other,Other,Frequent,0.6685714285714286,VIP
1174,44,Male,Jewelry,Accessories,76,South Dakota,M,Indigo,Winter,2.5,No,Express,Yes,42,Cash,Bi-Weekly,Adult,14,Heavy,True,False,Express,Cash,Frequent,0.5155714285714286,High
1175,42,Male,Backpack,Accessories,31,Michigan,M,Black,Winter,4.3,No,Express,Yes,19,Bank Transfer,Bi-Weekly,Adult,14,Emerging,True,False,Express,Other,Frequent,0.3272142857142857,Low
1176,35,Male,Belt,Accessories,81,New Jersey,M,Beige,Spring,4.1,No,Store Pickup,Yes,26,PayPal,Quarterly,Adult,90,Established,True,False,Other,Digital Wallet,Occasional,0.5792142857142857,High
1177,36,Male,Dress,Clothing,83,Oregon,M,Red,Winter,3.7,No,Free Shipping,Yes,39,PayPal,Quarterly,Adult,90,Established,True,False,Standard,Digital Wallet,Occasional,0.6357857142857143,VIP
1178,54,Male,Skirt,Clothing,21,Iowa,M,Black,Spring,4.8,No,Standard,Yes,24,Debit Card,Monthly,Middle-aged,30,Emerging,True,False,Standard,Card,Frequent,0.3593571428571428,Mid
1179,37,Male,Dress,Clothing,22,South Carolina,M,Teal,Spring,4.9,No,Express,Yes,23,Debit Card,Annually,Adult,365,Emerging,True,False,Express,Card,Rare,0.3664285714285715,Mid
1180,20,Male,T-shirt,Clothing,33,Indiana,M,Blue,Summer,2.8,No,Free Shipping,Yes,44,Bank Transfer,Annually,Young Adult,365,Heavy,True,False,Standard,Other,Rare,0.3619285714285714,Mid
1181,23,Male,Skirt,Clothing,23,Oregon,S,Beige,Spring,4.9,No,Standard,Yes,34,Cash,Monthly,Young Adult,30,Established,True,False,Standard,Cash,Frequent,0.44164285714285717,Mid
1182,61,Male,Shorts,Clothing,96,New York,L,Teal,Summer,3.5,No,Free Shipping,Yes,43,Bank Transfer,Quarterly,Senior,90,Heavy,True,False,Standard,Other,Occasional,0.702,VIP
1183,37,Male,Jewelry,Accessories,21,New Mexico,M,Maroon,Spring,3.8,No,Express,Yes,45,PayPal,Quarterly,Adult,90,Heavy,True,False,Express,Digital Wallet,Occasional,0.40435714285714286,Mid
1184,23,Male,Pants,Clothing,39,Louisiana,M,Yellow,Spring,4.5,No,2-Day Shipping,Yes,4,Credit Card,Weekly,Young Adult,7,New/Low,True,False,Standard,Card,Very Frequent,0.2847857142857143,Low
1185,63,Male,Belt,Accessories,73,South Carolina,S,Indigo,Fall,3.4,No,Express,Yes,19,Credit Card,Annually,Senior,365,Emerging,True,False,Express,Card,Rare,0.4352142857142857,Mid
1186,47,Male,Jeans,Clothing,64,Maine,M,Magenta,Spring,3.9,No,Standard,Yes,29,Credit Card,Monthly,Middle-aged,30,Established,True,False,Standard,Card,Frequent,0.5040000000000001,High
1187,63,Male,Jeans,Clothing,68,Indiana,M,Beige,Summer,4.1,No,2-Day Shipping,Yes,27,Credit Card,Annually,Senior,365,Established,True,False,Standard,Card,Rare,0.5271428571428571,High
1188,56,Male,Hat,Accessories,89,Iowa,L,Maroon,Fall,3.0,No,Express,Yes,37,Credit Card,Every 3 Months,Middle-aged,90,Established,True,False,Express,Card,Occasional,0.5869285714285715,High
1189,68,Male,Blouse,Clothing,29,Mississippi,M,Magenta,Summer,3.3,No,Next Day Air,Yes,11,Credit Card,Weekly,Senior,7,Emerging,True,False,Express,Card,Very Frequent,0.1767857142857143,Low
1190,64,Male,Shirt,Clothing,97,Arkansas,XL,Teal,Summer,3.7,No,Free Shipping,Yes,28,Debit Card,Annually,Senior,365,Established,True,False,Standard,Card,Rare,0.6280714285714286,VIP
1191,62,Male,Shirt,Clothing,45,South Carolina,M,Orange,Winter,4.3,No,Next Day Air,Yes,31,Credit Card,Weekly,Senior,7,Established,True,False,Express,Card,Very Frequent,0.4673571428571429,Mid
1192,34,Male,T-shirt,Clothing,70,Indiana,L,Charcoal,Winter,4.1,No,Free Shipping,Yes,50,Venmo,Quarterly,Adult,90,Heavy,True,False,Standard,Digital Wallet,Occasional,0.684,VIP
1193,49,Male,Coat,Outerwear,56,Florida,M,Turquoise,Summer,4.0,No,2-Day Shipping,Yes,42,Venmo,Quarterly,Middle-aged,90,Heavy,True,False,Standard,Digital Wallet,Occasional,0.5605714285714286,High
1194,40,Male,Jacket,Outerwear,55,Alaska,L,Pink,Fall,5.0,No,2-Day Shipping,Yes,18,Credit Card,Fortnightly,Adult,14,Emerging,True,False,Standard,Card,Frequent,0.4917857142857143,High
1195,50,Male,Hoodie,Clothing,46,New York,S,Teal,Winter,3.1,No,2-Day Shipping,Yes,6,Credit Card,Fortnightly,Middle-aged,14,New/Low,True,False,Standard,Card,Frequent,0.20314285714285713,Low
1196,25,Male,Scarf,Accessories,95,Texas,M,White,Winter,4.0,No,2-Day Shipping,Yes,33,Venmo,Monthly,Young Adult,30,Established,True,False,Standard,Digital Wallet,Frequent,0.6782142857142858,VIP
1197,30,Male,Belt,Accessories,88,North Dakota,M,Maroon,Winter,3.2,No,2-Day Shipping,Yes,13,Bank Transfer,Bi-Weekly,Young Adult,14,Emerging,True,False,Standard,Other,Frequent,0.4461428571428572,Mid
1198,54,Male,Sneakers,Footwear,92,Vermont,L,Violet,Fall,3.9,No,Standard,Yes,26,PayPal,Annually,Middle-aged,365,Established,True,False,Standard,Digital Wallet,Rare,0.6107142857142858,VIP
1199,40,Male,Socks,Clothing,49,New Jersey,M,Brown,Summer,3.9,No,2-Day Shipping,Yes,17,Cash,Annually,Adult,365,Emerging,True,False,Standard,Cash,Rare,0.3593571428571428,Mid
1200,49,Male,Sandals,Footwear,89,Maryland,M,Indigo,Fall,4.5,No,Free Shipping,Yes,3,Debit Card,Weekly,Middle-aged,7,New/Low,True,False,Standard,Card,Very Frequent,0.503357142857143,High
1201,27,Male,Coat,Outerwear,22,Connecticut,XL,Black,Winter,4.4,No,Store Pickup,Yes,7,PayPal,Weekly,Young Adult,7,New/Low,True,False,Other,Digital Wallet,Very Frequent,0.2185714285714286,Low
1202,27,Male,Shoes,Footwear,61,Illinois,XL,Black,Summer,3.1,No,2-Day Shipping,Yes,46,Venmo,Fortnightly,Young Adult,14,Heavy,True,False,Standard,Digital Wallet,Frequent,0.5277857142857143,High
1203,48,Male,Scarf,Accessories,29,Maryland,S,Olive,Spring,2.9,No,Standard,Yes,14,Venmo,Every 3 Months,Middle-aged,90,Emerging,True,False,Standard,Digital Wallet,Occasional,0.1600714285714286,Low
1204,40,Male,Sneakers,Footwear,82,Minnesota,M,Orange,Winter,3.7,No,Free Shipping,Yes,23,Bank Transfer,Annually,Adult,365,Emerging,True,False,Standard,Other,Rare,0.5284285714285715,High
1205,67,Male,Belt,Accessories,94,Florida,M,Pink,Spring,3.2,No,2-Day Shipping,Yes,20,Credit Card,Every 3 Months,Senior,90,Emerging,True,False,Standard,Card,Occasional,0.5181428571428572,High
1206,52,Male,Handbag,Accessories,99,California,M,Olive,Spring,3.5,No,Standard,Yes,38,Bank Transfer,Fortnightly,Middle-aged,14,Established,True,False,Standard,Other,Frequent,0.6833571428571428,VIP
1207,22,Male,Handbag,Accessories,59,Mississippi,S,Cyan,Fall,3.0,No,Free Shipping,Yes,16,Venmo,Every 3 Months,Young Adult,90,Emerging,True,False,Standard,Digital Wallet,Occasional,0.31692857142857145,Low
1208,62,Male,Boots,Footwear,90,Washington,M,White,Summer,4.1,No,Next Day Air,Yes,48,Credit Card,Every 3 Months,Senior,90,Heavy,True,False,Express,Card,Occasional,0.7611428571428571,VIP
1209,20,Male,Boots,Footwear,100,Wisconsin,S,Red,Winter,3.8,No,2-Day Shipping,Yes,8,Debit Card,Annually,Young Adult,365,New/Low,True,False,Standard,Card,Rare,0.522,High
1210,41,Male,Pants,Clothing,62,Pennsylvania,M,Blue,Winter,3.8,No,Next Day Air,Yes,16,Bank Transfer,Monthly,Adult,30,Emerging,True,False,Express,Other,Frequent,0.40242857142857147,Mid
1211,34,Male,Sunglasses,Accessories,78,Missouri,M,Olive,Fall,4.1,No,Next Day Air,Yes,5,Cash,Quarterly,Adult,90,New/Low,True,False,Express,Cash,Occasional,0.4307142857142857,Mid
1212,23,Male,Hoodie,Clothing,94,Oklahoma,M,Green,Spring,4.6,No,Store Pickup,Yes,14,Venmo,Every 3 Months,Young Adult,90,Emerging,True,False,Other,Digital Wallet,Occasional,0.6055714285714285,VIP
1213,32,Male,Shoes,Footwear,74,Pennsylvania,M,Yellow,Summer,2.5,No,Free Shipping,Yes,18,Credit Card,Weekly,Adult,7,Emerging,True,False,Standard,Card,Very Frequent,0.3522857142857143,Low
1214,68,Male,Handbag,Accessories,52,Kentucky,XL,Black,Spring,3.7,No,Express,Yes,14,Debit Card,Every 3 Months,Senior,90,Emerging,True,False,Express,Card,Occasional,0.33557142857142863,Low
1215,30,Male,Jacket,Outerwear,81,Vermont,M,Blue,Fall,3.8,No,Free Shipping,Yes,5,Cash,Every 3 Months,Young Adult,90,New/Low,True,False,Standard,Cash,Occasional,0.4172142857142857,Mid
1216,66,Male,Blouse,Clothing,20,Oregon,L,Pink,Winter,2.6,No,2-Day Shipping,Yes,15,Credit Card,Every 3 Months,Senior,90,Emerging,True,False,Standard,Card,Occasional,0.099,Low
1217,62,Male,Pants,Clothing,32,Utah,XL,Lavender,Summer,3.7,No,Free Shipping,Yes,3,Venmo,Every 3 Months,Senior,90,New/Low,True,False,Standard,Digital Wallet,Occasional,0.17485714285714288,Low
1218,50,Male,Boots,Footwear,63,Nebraska,XL,Cyan,Fall,2.6,No,Free Shipping,Yes,12,Cash,Every 3 Months,Middle-aged,90,Emerging,True,False,Standard,Cash,Occasional,0.27321428571428574,Low
1219,55,Male,Boots,Footwear,79,Pennsylvania,M,Cyan,Spring,3.1,No,Store Pickup,Yes,43,Cash,Every 3 Months,Middle-aged,90,Heavy,True,False,Other,Cash,Occasional,0.5895,High
1220,19,Male,Sweater,Clothing,23,Vermont,M,Gold,Winter,2.5,No,Next Day Air,Yes,35,Credit Card,Bi-Weekly,Young Adult,14,Established,True,False,Express,Card,Frequent,0.23207142857142857,Low
1221,67,Male,Gloves,Accessories,64,Kentucky,M,Green,Winter,3.8,No,Express,Yes,36,Bank Transfer,Quarterly,Senior,90,Established,True,False,Express,Other,Occasional,0.54,High
1222,18,Male,Socks,Clothing,69,Iowa,M,Red,Winter,4.5,No,Standard,Yes,3,Cash,Quarterly,Young Adult,90,New/Low,True,False,Standard,Cash,Occasional,0.41335714285714287,Mid
1223,58,Male,Jeans,Clothing,69,Indiana,L,Magenta,Fall,3.4,No,Store Pickup,Yes,27,Bank Transfer,Annually,Senior,365,Established,True,False,Other,Other,Rare,0.46864285714285714,Mid
1224,69,Male,Pants,Clothing,24,Kansas,L,Red,Winter,3.9,No,Free Shipping,Yes,21,Bank Transfer,Weekly,Senior,7,Emerging,True,False,Standard,Other,Very Frequent,0.2725714285714286,Low
1225,62,Male,Shorts,Clothing,50,Illinois,M,Yellow,Summer,3.7,No,Store Pickup,Yes,18,Venmo,Weekly,Senior,7,Emerging,True,False,Other,Digital Wallet,Very Frequent,0.3522857142857143,Low
1226,28,Male,Gloves,Accessories,97,North Carolina,S,Turquoise,Fall,2.6,No,Free Shipping,Yes,16,Debit Card,Weekly,Young Adult,7,Emerging,True,False,Standard,Card,Very Frequent,0.4519285714285715,Mid
1227,53,Male,Sandals,Footwear,91,Ohio,S,Cyan,Fall,3.4,No,Store Pickup,Yes,18,Venmo,Bi-Weekly,Middle-aged,14,Emerging,True,False,Other,Digital Wallet,Frequent,0.5097857142857143,High
1228,27,Male,Blouse,Clothing,37,Illinois,L,Yellow,Spring,4.9,No,Store Pickup,Yes,19,Bank Transfer,Bi-Weekly,Young Adult,14,Emerging,True,False,Other,Other,Frequent,0.40821428571428575,Mid
1229,55,Male,Jacket,Outerwear,55,Indiana,S,Yellow,Winter,3.9,No,Express,Yes,1,Cash,Annually,Middle-aged,365,New/Low,True,False,Express,Cash,Rare,0.28350000000000003,Low
1230,34,Male,Jewelry,Accessories,52,Kansas,XL,Maroon,Winter,3.6,No,Express,Yes,39,Bank Transfer,Annually,Adult,365,Established,True,False,Express,Other,Rare,0.4872857142857143,High
1231,25,Male,Hat,Accessories,80,Illinois,L,Brown,Spring,3.8,No,Standard,Yes,49,Venmo,Monthly,Young Adult,30,Heavy,True,False,Standard,Digital Wallet,Frequent,0.6955714285714285,VIP
1232,66,Male,Socks,Clothing,79,Pennsylvania,M,Gold,Spring,4.0,No,2-Day Shipping,Yes,43,Credit Card,Fortnightly,Senior,14,Heavy,True,False,Standard,Card,Frequent,0.6705,VIP
1233,57,Male,Handbag,Accessories,23,New York,M,Charcoal,Summer,3.6,No,Free Shipping,Yes,31,Debit Card,Every 3 Months,Middle-aged,90,Established,True,False,Standard,Card,Occasional,0.3053571428571429,Low
1234,46,Male,Pants,Clothing,73,Utah,L,Beige,Winter,3.5,No,Next Day Air,Yes,40,Venmo,Every 3 Months,Middle-aged,90,Established,True,False,Express,Digital Wallet,Occasional,0.5792142857142857,High
1235,38,Male,Gloves,Accessories,99,New Jersey,M,Indigo,Fall,4.1,No,Store Pickup,Yes,2,Bank Transfer,Bi-Weekly,Adult,14,New/Low,True,False,Other,Other,Frequent,0.5059285714285714,High
1236,23,Male,Sweater,Clothing,22,Idaho,M,Red,Spring,3.0,No,Store Pickup,Yes,46,PayPal,Every 3 Months,Young Adult,90,Heavy,True,False,Other,Digital Wallet,Occasional,0.34328571428571425,Low
1237,42,Male,Hat,Accessories,68,New Mexico,M,White,Summer,4.4,No,Store Pickup,Yes,35,Debit Card,Every 3 Months,Adult,90,Established,True,False,Other,Card,Occasional,0.6055714285714285,VIP
1238,25,Male,Dress,Clothing,92,Michigan,S,Charcoal,Spring,4.4,No,2-Day Shipping,Yes,42,Credit Card,Quarterly,Young Adult,90,Heavy,True,False,Standard,Card,Occasional,0.7585714285714287,VIP
1239,55,Male,Pants,Clothing,77,Wyoming,M,Violet,Winter,3.7,No,Express,Yes,3,Venmo,Fortnightly,Middle-aged,14,New/Low,True,False,Express,Digital Wallet,Frequent,0.37735714285714295,Mid
1240,62,Male,Coat,Outerwear,37,New Jersey,XL,Magenta,Spring,4.8,No,Standard,Yes,32,Debit Card,Every 3 Months,Senior,90,Established,True,False,Standard,Card,Occasional,0.4827857142857143,High
1241,41,Male,Scarf,Accessories,79,New Jersey,L,White,Winter,2.9,No,Store Pickup,Yes,48,Debit Card,Annually,Adult,365,Heavy,True,False,Other,Card,Rare,0.6036428571428573,VIP
1242,58,Male,Hoodie,Clothing,51,Hawaii,XL,Pink,Winter,3.1,No,Express,Yes,34,Credit Card,Weekly,Senior,7,Established,True,False,Express,Card,Very Frequent,0.40564285714285714,Mid
1243,56,Male,Socks,Clothing,27,Nevada,M,Lavender,Summer,4.0,No,Next Day Air,Yes,15,Bank Transfer,Quarterly,Middle-aged,90,Emerging,True,False,Express,Other,Occasional,0.2565,Low
1244,25,Male,Blouse,Clothing,23,New Hampshire,S,Pink,Spring,3.0,No,Store Pickup,Yes,22,Debit Card,Annually,Young Adult,365,Emerging,True,False,Other,Card,Rare,0.19349999999999998,Low
1245,70,Male,Socks,Clothing,76,Indiana,S,Silver,Summer,3.9,No,2-Day Shipping,Yes,2,Cash,Monthly,Senior,30,New/Low,True,False,Standard,Cash,Frequent,0.38442857142857134,Mid
1246,42,Male,Dress,Clothing,31,New York,M,Violet,Fall,3.4,No,Standard,Yes,30,Bank Transfer,Weekly,Adult,7,Established,True,False,Standard,Other,Very Frequent,0.3169285714285714,Low
1247,27,Male,Hoodie,Clothing,60,Louisiana,M,Charcoal,Winter,2.7,No,Standard,Yes,27,Cash,Monthly,Young Adult,30,Established,True,False,Standard,Cash,Frequent,0.36514285714285716,Mid
1248,65,Male,T-shirt,Clothing,99,Virginia,M,Charcoal,Spring,3.7,No,Express,Yes,18,Venmo,Bi-Weekly,Senior,14,Emerging,True,False,Express,Digital Wallet,Frequent,0.5727857142857143,High
1249,62,Male,Hat,Accessories,37,Wisconsin,XL,Red,Winter,3.0,No,Free Shipping,Yes,8,Credit Card,Annually,Senior,365,New/Low,True,False,Standard,Card,Rare,0.1665,Low
1250,62,Male,Boots,Footwear,50,Oregon,M,Peach,Winter,4.5,No,Express,Yes,48,Venmo,Fortnightly,Senior,14,Heavy,True,False,Express,Digital Wallet,Frequent,0.6171428571428572,VIP
1251,52,Male,Jeans,Clothing,26,New Hampshire,XL,Purple,Winter,4.1,No,Free Shipping,Yes,24,Cash,Monthly,Middle-aged,30,Emerging,True,False,Standard,Cash,Frequent,0.31885714285714284,Low
1252,56,Male,Shorts,Clothing,86,Indiana,XL,Orange,Spring,5.0,No,Next Day Air,Yes,43,Credit Card,Monthly,Middle-aged,30,Heavy,True,False,Express,Card,Frequent,0.792,VIP
1253,28,Male,Sandals,Footwear,41,Massachusetts,L,Magenta,Fall,4.0,No,Standard,Yes,8,Cash,Quarterly,Young Adult,90,New/Low,True,False,Standard,Cash,Occasional,0.2745,Low
1254,39,Male,Sandals,Footwear,23,Montana,XL,Red,Winter,4.9,No,Express,Yes,49,PayPal,Annually,Adult,365,Heavy,True,False,Express,Digital Wallet,Rare,0.5380714285714286,High
1255,54,Male,Sneakers,Footwear,56,California,XL,Black,Spring,3.3,No,2-Day Shipping,Yes,2,Credit Card,Bi-Weekly,Middle-aged,14,New/Low,True,False,Standard,Card,Frequent,0.2404285714285714,Low
1256,30,Male,Hat,Accessories,68,Indiana,M,Peach,Fall,4.1,No,Standard,Yes,38,Cash,Fortnightly,Young Adult,14,Established,True,False,Standard,Cash,Frequent,0.5978571428571428,VIP
1257,45,Male,Coat,Outerwear,48,West Virginia,S,Olive,Winter,3.6,No,Express,Yes,4,Cash,Fortnightly,Middle-aged,14,New/Low,True,False,Express,Cash,Frequent,0.24428571428571433,Low
1258,68,Male,Dress,Clothing,67,Minnesota,L,Gold,Spring,3.0,No,Free Shipping,Yes,31,Cash,Every 3 Months,Senior,90,Established,True,False,Standard,Cash,Occasional,0.44935714285714284,Mid
1259,47,Male,Boots,Footwear,87,Ohio,XL,Gold,Spring,4.1,No,2-Day Shipping,Yes,34,Debit Card,Every 3 Months,Middle-aged,90,Established,True,False,Standard,Card,Occasional,0.6576428571428571,VIP
1260,68,Male,Skirt,Clothing,64,Minnesota,M,Turquoise,Fall,3.9,No,Standard,Yes,45,Credit Card,Monthly,Senior,30,Heavy,True,False,Standard,Card,Frequent,0.6068571428571429,VIP
1261,63,Male,Shirt,Clothing,93,Virginia,XL,Green,Spring,4.1,No,Store Pickup,Yes,30,Debit Card,Quarterly,Senior,90,Established,True,False,Other,Card,Occasional,0.6589285714285713,VIP
1262,20,Male,Shirt,Clothing,29,Connecticut,L,Maroon,Summer,2.8,No,Next Day Air,Yes,2,Credit Card,Fortnightly,Young Adult,14,New/Low,True,False,Express,Card,Frequent,0.07392857142857141,Low
1263,29,Male,Boots,Footwear,62,Tennessee,L,Brown,Winter,4.8,No,Store Pickup,Yes,44,Venmo,Monthly,Young Adult,30,Heavy,True,False,Other,Digital Wallet,Frequent,0.6724285714285714,VIP
1264,41,Male,Hoodie,Clothing,70,Delaware,L,Brown,Winter,4.6,No,2-Day Shipping,Yes,1,Credit Card,Bi-Weekly,Adult,14,New/Low,True,False,Standard,Card,Frequent,0.414,Mid
1265,52,Male,Sweater,Clothing,92,Vermont,S,Blue,Winter,2.5,No,Next Day Air,Yes,1,Venmo,Bi-Weekly,Middle-aged,14,New/Low,True,False,Express,Digital Wallet,Frequent,0.32400000000000007,Low
1266,32,Male,Shirt,Clothing,79,Louisiana,M,Lavender,Spring,2.7,No,Next Day Air,Yes,27,Bank Transfer,Weekly,Adult,7,Established,True,False,Express,Other,Very Frequent,0.45064285714285723,Mid
1267,20,Male,Blouse,Clothing,31,North Dakota,M,Peach,Fall,4.0,No,Standard,Yes,14,Debit Card,Every 3 Months,Young Adult,90,Emerging,True,False,Standard,Card,Occasional,0.26807142857142857,Low
1268,47,Male,T-shirt,Clothing,83,Oregon,S,Gray,Spring,2.7,No,Standard,Yes,41,Cash,Weekly,Middle-aged,7,Heavy,True,False,Standard,Cash,Very Frequent,0.5586428571428572,High
1269,23,Male,Jacket,Outerwear,88,Idaho,XL,Charcoal,Winter,2.9,No,Next Day Air,Yes,25,Debit Card,Bi-Weekly,Young Adult,14,Emerging,True,False,Express,Card,Frequent,0.49628571428571433,High
1270,43,Male,Jewelry,Accessories,53,Vermont,M,Lavender,Spring,3.0,No,Standard,Yes,47,PayPal,Quarterly,Adult,90,Heavy,True,False,Standard,Digital Wallet,Occasional,0.48921428571428577,High
1271,67,Male,Hoodie,Clothing,98,West Virginia,M,Green,Fall,3.3,No,Standard,Yes,20,Cash,Annually,Senior,365,Emerging,True,False,Standard,Cash,Rare,0.5451428571428572,High
1272,70,Male,Jewelry,Accessories,57,Kentucky,S,Gray,Spring,4.3,No,Store Pickup,Yes,42,PayPal,Annually,Senior,365,Heavy,True,False,Other,Digital Wallet,Rare,0.5920714285714287,High
1273,35,Male,Sandals,Footwear,80,Wisconsin,M,Orange,Winter,4.4,No,Express,Yes,16,Bank Transfer,Monthly,Adult,30,Emerging,True,False,Express,Other,Frequent,0.5374285714285715,High
1274,41,Male,Jeans,Clothing,29,Mississippi,L,Silver,Spring,4.1,No,Next Day Air,Yes,32,Credit Card,Every 3 Months,Adult,90,Established,True,False,Express,Card,Occasional,0.38378571428571423,Mid
1275,54,Male,Hat,Accessories,73,Missouri,M,Olive,Spring,3.1,No,2-Day Shipping,Yes,37,PayPal,Quarterly,Middle-aged,90,Established,True,False,Standard,Digital Wallet,Occasional,0.5239285714285715,High
1276,55,Male,Sweater,Clothing,32,Arkansas,S,Turquoise,Fall,4.5,No,Standard,Yes,1,PayPal,Monthly,Middle-aged,30,New/Low,True,False,Standard,Digital Wallet,Frequent,0.234,Low
1277,51,Male,Boots,Footwear,68,Wyoming,L,Turquoise,Spring,4.8,No,Next Day Air,Yes,37,Bank Transfer,Weekly,Middle-aged,7,Established,True,False,Express,Other,Very Frequent,0.6544285714285714,VIP
1278,19,Male,Blouse,Clothing,97,Rhode Island,L,Green,Spring,5.0,No,Express,Yes,5,Venmo,Quarterly,Young Adult,90,New/Low,True,False,Express,Digital Wallet,Occasional,0.5972142857142857,VIP
1279,28,Male,Shorts,Clothing,98,Utah,M,Violet,Fall,2.8,No,Next Day Air,Yes,31,Venmo,Fortnightly,Young Adult,14,Established,True,False,Express,Digital Wallet,Frequent,0.570857142857143,High
1280,63,Male,Hoodie,Clothing,56,Maryland,L,Charcoal,Fall,3.7,No,Express,Yes,18,Debit Card,Annually,Senior,365,Emerging,True,False,Express,Card,Rare,0.37928571428571434,Mid
1281,30,Male,Pants,Clothing,78,Georgia,L,White,Winter,4.4,No,2-Day Shipping,Yes,39,Venmo,Every 3 Months,Young Adult,90,Established,True,False,Standard,Digital Wallet,Occasional,0.6762857142857143,VIP
1282,29,Male,Belt,Accessories,81,New Jersey,M,Olive,Spring,4.5,No,Store Pickup,Yes,8,Venmo,Bi-Weekly,Young Adult,14,New/Low,True,False,Other,Digital Wallet,Frequent,0.49949999999999994,High
1283,24,Male,Shirt,Clothing,68,New Hampshire,L,Violet,Winter,3.0,No,Free Shipping,Yes,20,Venmo,Monthly,Young Adult,30,Emerging,True,False,Standard,Digital Wallet,Frequent,0.3831428571428571,Mid
1284,69,Male,Shirt,Clothing,94,Oregon,M,Violet,Winter,3.9,No,2-Day Shipping,Yes,23,Debit Card,Every 3 Months,Senior,90,Emerging,True,False,Standard,Card,Occasional,0.6004285714285714,VIP
1285,65,Male,Dress,Clothing,93,Arkansas,M,Black,Spring,3.9,No,Express,Yes,38,PayPal,Fortnightly,Senior,14,Established,True,False,Express,Digital Wallet,Frequent,0.6923571428571428,VIP
1286,64,Male,Gloves,Accessories,99,North Carolina,M,Charcoal,Fall,3.5,No,Next Day Air,Yes,45,Bank Transfer,Fortnightly,Senior,14,Heavy,True,False,Express,Other,Frequent,0.7283571428571428,VIP
1287,40,Male,Gloves,Accessories,49,West Virginia,L,Yellow,Winter,4.9,No,Next Day Air,Yes,44,Debit Card,Fortnightly,Adult,14,Heavy,True,False,Express,Card,Frequent,0.6229285714285715,VIP
1288,24,Male,Jeans,Clothing,28,Utah,XL,Blue,Winter,3.4,No,Standard,Yes,20,PayPal,Monthly,Young Adult,30,Emerging,True,False,Standard,Digital Wallet,Frequent,0.23914285714285713,Low
1289,66,Male,Belt,Accessories,93,South Dakota,XL,Charcoal,Winter,4.1,No,Standard,Yes,34,PayPal,Bi-Weekly,Senior,14,Established,True,False,Standard,Digital Wallet,Frequent,0.6846428571428571,VIP
1290,35,Male,Jacket,Outerwear,24,New Hampshire,M,Red,Fall,2.9,No,Next Day Air,Yes,10,PayPal,Weekly,Adult,7,New/Low,True,False,Express,Digital Wallet,Very Frequent,0.11185714285714285,Low
1291,67,Male,Skirt,Clothing,35,Maryland,M,Indigo,Spring,3.4,No,Free Shipping,Yes,3,PayPal,Annually,Senior,365,New/Low,True,False,Standard,Digital Wallet,Rare,0.16135714285714287,Low
1292,69,Male,Sandals,Footwear,68,South Dakota,S,Beige,Spring,3.2,No,2-Day Shipping,Yes,23,Debit Card,Fortnightly,Senior,14,Emerging,True,False,Standard,Card,Frequent,0.42042857142857143,Mid
1293,26,Male,Belt,Accessories,61,Kentucky,M,Maroon,Summer,3.8,No,Free Shipping,Yes,42,Bank Transfer,Annually,Young Adult,365,Heavy,True,False,Standard,Other,Rare,0.5650714285714287,High
1294,23,Male,Sweater,Clothing,74,Florida,XL,Yellow,Fall,4.1,No,Standard,Yes,30,Debit Card,Annually,Young Adult,365,Established,True,False,Standard,Card,Rare,0.5734285714285714,High
1295,27,Male,Shirt,Clothing,64,Texas,M,Silver,Summer,4.5,No,Standard,Yes,21,Cash,Every 3 Months,Young Adult,90,Emerging,True,False,Standard,Cash,Occasional,0.5065714285714287,High
1296,30,Male,Sneakers,Footwear,60,New Mexico,M,Olive,Fall,2.8,No,Standard,Yes,50,PayPal,Weekly,Young Adult,7,Heavy,True,False,Standard,Digital Wallet,Very Frequent,0.5220000000000001,High
1297,48,Male,Jeans,Clothing,29,South Dakota,S,Teal,Spring,2.8,No,Express,Yes,16,Cash,Bi-Weekly,Middle-aged,14,Emerging,True,False,Express,Cash,Frequent,0.1639285714285714,Low
1298,44,Male,Sandals,Footwear,85,New Jersey,M,Silver,Summer,4.6,No,Standard,Yes,32,Venmo,Annually,Adult,365,Established,True,False,Standard,Digital Wallet,Rare,0.6807857142857143,VIP
1299,29,Male,Pants,Clothing,81,Indiana,S,Indigo,Summer,3.0,No,Free Shipping,Yes,14,Bank Transfer,Fortnightly,Young Adult,14,Emerging,True,False,Standard,Other,Frequent,0.4030714285714286,Mid
1300,29,Male,Belt,Accessories,23,Louisiana,L,Teal,Fall,3.6,No,2-Day Shipping,Yes,42,Venmo,Bi-Weekly,Young Adult,14,Heavy,True,False,Standard,Digital Wallet,Frequent,0.37607142857142867,Mid
1301,67,Male,T-shirt,Clothing,100,West Virginia,M,Charcoal,Spring,4.5,No,Next Day Air,Yes,47,Credit Card,Every 3 Months,Senior,90,Heavy,True,False,Express,Card,Occasional,0.8357142857142857,VIP
1302,42,Male,Shirt,Clothing,54,Maine,M,Orange,Fall,5.0,No,Express,Yes,21,Debit Card,Weekly,Adult,7,Emerging,True,False,Express,Card,Very Frequent,0.5065714285714286,High
1303,23,Male,Sneakers,Footwear,25,Idaho,M,Gold,Fall,2.9,No,Next Day Air,Yes,37,Credit Card,Monthly,Young Adult,30,Established,True,False,Express,Card,Frequent,0.2899285714285714,Low
1304,34,Male,Blouse,Clothing,32,New York,L,Silver,Summer,3.1,No,Next Day Air,Yes,10,Credit Card,Annually,Adult,365,New/Low,True,False,Express,Card,Rare,0.16585714285714284,Low
1305,64,Male,Backpack,Accessories,63,Montana,S,Orange,Spring,4.0,No,2-Day Shipping,Yes,18,PayPal,Every 3 Months,Senior,90,Emerging,True,False,Standard,Digital Wallet,Occasional,0.4377857142857143,Mid
1306,31,Male,Pants,Clothing,56,Mississippi,XL,Peach,Spring,4.5,No,Express,Yes,2,PayPal,Every 3 Months,Young Adult,90,New/Low,True,False,Express,Digital Wallet,Occasional,0.3484285714285715,Low
1307,54,Male,Sweater,Clothing,33,Alaska,L,Brown,Winter,4.5,No,Next Day Air,Yes,40,PayPal,Annually,Middle-aged,365,Established,True,False,Express,Digital Wallet,Rare,0.48921428571428577,High
1308,23,Male,Coat,Outerwear,32,Missouri,L,Black,Summer,3.1,No,Express,Yes,43,PayPal,Annually,Young Adult,365,Heavy,True,False,Express,Digital Wallet,Rare,0.378,Mid
1309,59,Male,Dress,Clothing,38,Rhode Island,L,Red,Summer,4.4,No,Next Day Air,Yes,14,Credit Card,Every 3 Months,Senior,90,Emerging,True,False,Express,Card,Occasional,0.33557142857142863,Low
1310,32,Male,Blouse,Clothing,21,Hawaii,L,Lavender,Summer,4.7,No,Store Pickup,Yes,41,Cash,Quarterly,Adult,90,Heavy,True,False,Other,Cash,Occasional,0.45964285714285713,Mid
1311,43,Male,Hoodie,Clothing,59,South Carolina,L,Brown,Winter,3.1,No,Store Pickup,Yes,38,Credit Card,Every 3 Months,Adult,90,Established,True,False,Other,Card,Occasional,0.4673571428571428,Mid
1312,32,Male,Shoes,Footwear,87,Tennessee,M,Maroon,Fall,4.2,No,Express,Yes,12,Venmo,Annually,Adult,365,Emerging,True,False,Express,Digital Wallet,Rare,0.5252142857142857,High
1313,66,Male,T-shirt,Clothing,79,Missouri,M,Violet,Winter,3.0,No,Store Pickup,Yes,19,Bank Transfer,Monthly,Senior,30,Emerging,True,False,Other,Other,Frequent,0.4262142857142857,Mid
1314,70,Male,Shoes,Footwear,28,Missouri,M,Lavender,Summer,3.8,No,Free Shipping,Yes,23,Credit Card,Bi-Weekly,Senior,14,Emerging,True,False,Standard,Card,Frequent,0.29442857142857143,Low
1315,42,Male,Boots,Footwear,67,Missouri,S,Magenta,Summer,3.4,No,Free Shipping,Yes,49,Debit Card,Annually,Adult,365,Heavy,True,False,Standard,Card,Rare,0.6010714285714286,VIP
1316,56,Male,Shorts,Clothing,75,Mississippi,L,Green,Spring,4.2,No,2-Day Shipping,Yes,29,Debit Card,Quarterly,Middle-aged,90,Established,True,False,Standard,Card,Occasional,0.5805,High
1317,28,Male,Belt,Accessories,32,Arkansas,S,Lavender,Spring,4.6,No,Standard,Yes,14,Debit Card,Bi-Weekly,Young Adult,14,Emerging,True,False,Standard,Card,Frequent,0.32657142857142857,Low
1318,28,Male,Pants,Clothing,43,Kentucky,M,Green,Spring,2.8,No,Free Shipping,Yes,19,Cash,Monthly,Young Adult,30,Emerging,True,False,Standard,Cash,Frequent,0.24621428571428566,Low
1319,52,Male,Shorts,Clothing,93,Connecticut,M,Maroon,Spring,2.7,No,Express,Yes,19,Credit Card,Bi-Weekly,Middle-aged,14,Emerging,True,False,Express,Card,Frequent,0.46221428571428574,Mid
1320,65,Male,Sunglasses,Accessories,24,Oklahoma,M,Magenta,Spring,4.0,No,Standard,Yes,48,Bank Transfer,Weekly,Senior,7,Heavy,True,False,Standard,Other,Very Frequent,0.4551428571428571,Mid
1321,56,Male,Hat,Accessories,31,California,XL,Teal,Fall,3.1,No,Free Shipping,Yes,19,Debit Card,Annually,Middle-aged,365,Emerging,True,False,Standard,Card,Rare,0.2192142857142857,Low
1322,59,Male,T-shirt,Clothing,84,Missouri,L,Orange,Winter,3.7,No,Express,Yes,45,Bank Transfer,Every 3 Months,Senior,90,Heavy,True,False,Express,Other,Occasional,0.6788571428571429,VIP
1323,23,Male,Pants,Clothing,74,Washington,M,Violet,Winter,4.0,No,Next Day Air,Yes,17,Bank Transfer,Quarterly,Young Adult,90,Emerging,True,False,Express,Other,Occasional,0.4808571428571428,High
1324,58,Male,Shorts,Clothing,62,New York,M,Yellow,Spring,4.6,No,Standard,Yes,15,Debit Card,Every 3 Months,Senior,90,Emerging,True,False,Standard,Card,Occasional,0.468,Mid
1325,39,Male,Jewelry,Accessories,77,Indiana,S,Orange,Summer,3.8,No,Free Shipping,Yes,11,Credit Card,Fortnightly,Adult,14,Emerging,True,False,Standard,Card,Frequent,0.4377857142857143,Mid
1326,28,Male,Backpack,Accessories,73,Oregon,L,Gold,Summer,3.5,No,Express,Yes,1,Cash,Monthly,Young Adult,30,New/Low,True,False,Express,Cash,Frequent,0.3285,Low
1327,40,Male,Shoes,Footwear,50,Texas,M,Indigo,Spring,3.8,No,Free Shipping,Yes,17,Cash,Monthly,Adult,30,Emerging,True,False,Standard,Cash,Frequent,0.3548571428571428,Low
1328,52,Male,Coat,Outerwear,40,Florida,M,Turquoise,Winter,2.8,No,Standard,Yes,37,Cash,Weekly,Middle-aged,7,Established,True,False,Standard,Cash,Very Frequent,0.34842857142857137,Low
1329,37,Male,Sweater,Clothing,97,Rhode Island,M,Orange,Winter,3.7,No,Standard,Yes,40,Bank Transfer,Weekly,Adult,7,Established,True,False,Standard,Other,Very Frequent,0.7052142857142857,VIP
1330,70,Male,Gloves,Accessories,63,Texas,M,Indigo,Fall,3.3,No,Express,Yes,50,PayPal,Every 3 Months,Senior,90,Heavy,True,False,Express,Digital Wallet,Occasional,0.5804999999999999,High
1331,30,Male,Handbag,Accessories,65,Vermont,M,Charcoal,Fall,2.9,No,Standard,Yes,20,PayPal,Bi-Weekly,Young Adult,14,Emerging,True,False,Standard,Digital Wallet,Frequent,0.36064285714285715,Mid
1332,38,Male,Socks,Clothing,91,Maryland,M,Lavender,Spring,3.2,No,Standard,Yes,8,PayPal,Bi-Weekly,Adult,14,New/Low,True,False,Standard,Digital Wallet,Frequent,0.4275,Mid
1333,66,Male,Hoodie,Clothing,60,Alaska,S,Gold,Spring,4.3,No,Store Pickup,Yes,16,Bank Transfer,Quarterly,Senior,90,Emerging,True,False,Other,Other,Occasional,0.43842857142857145,Mid
1334,29,Male,Pants,Clothing,69,Idaho,M,Lavender,Winter,2.7,No,Next Day Air,Yes,9,Bank Transfer,Quarterly,Young Adult,90,New/Low,True,False,Express,Other,Occasional,0.2899285714285715,Low
1335,46,Male,Coat,Outerwear,52,West Virginia,S,White,Spring,3.8,No,Store Pickup,Yes,12,Venmo,Monthly,Middle-aged,30,Emerging,True,False,Other,Digital Wallet,Frequent,0.3317142857142857,Low
1336,56,Male,Boots,Footwear,49,Nevada,M,Lavender,Fall,4.8,No,2-Day Shipping,Yes,26,Credit Card,Weekly,Middle-aged,7,Established,True,False,Standard,Card,Very Frequent,0.4982142857142858,High
1337,23,Male,Sneakers,Footwear,85,Oregon,M,Charcoal,Spring,4.8,No,Store Pickup,Yes,44,Debit Card,Fortnightly,Young Adult,14,Heavy,True,False,Other,Card,Frequent,0.7759285714285714,VIP
1338,37,Male,Sweater,Clothing,86,Tennessee,L,Silver,Spring,3.4,No,Express,Yes,19,Credit Card,Bi-Weekly,Adult,14,Emerging,True,False,Express,Card,Frequent,0.49371428571428577,High
1339,56,Male,Handbag,Accessories,51,Alabama,S,Yellow,Winter,2.6,No,Standard,Yes,43,PayPal,Fortnightly,Middle-aged,14,Heavy,True,False,Standard,Digital Wallet,Frequent,0.41850000000000004,Mid
1340,36,Male,Belt,Accessories,56,Indiana,L,Olive,Winter,5.0,No,Next Day Air,Yes,5,Bank Transfer,Every 3 Months,Adult,90,New/Low,True,False,Express,Other,Occasional,0.4127142857142857,Mid
1341,40,Male,Belt,Accessories,72,Idaho,M,Peach,Fall,4.4,No,Next Day Air,Yes,5,Debit Card,Every 3 Months,Adult,90,New/Low,True,False,Express,Card,Occasional,0.43071428571428577,Mid
1342,26,Male,Hoodie,Clothing,27,Rhode Island,XL,Yellow,Fall,3.7,No,Standard,Yes,31,Bank Transfer,Quarterly,Young Adult,90,Established,True,False,Standard,Other,Occasional,0.3323571428571429,Low
1343,57,Male,Sunglasses,Accessories,43,Arizona,XL,Yellow,Summer,3.4,No,2-Day Shipping,Yes,11,Bank Transfer,Monthly,Middle-aged,30,Emerging,True,False,Standard,Other,Frequent,0.24878571428571428,Low
1344,68,Male,Sneakers,Footwear,56,Florida,M,Indigo,Spring,3.4,No,Standard,Yes,34,Bank Transfer,Monthly,Senior,30,Established,True,False,Standard,Other,Frequent,0.4551428571428571,Mid
1345,56,Male,T-shirt,Clothing,37,New York,S,Violet,Fall,4.9,No,Next Day Air,Yes,14,Cash,Annually,Middle-aged,365,Emerging,True,False,Express,Cash,Rare,0.37607142857142867,Mid
1346,40,Male,Dress,Clothing,21,Nebraska,M,White,Fall,3.6,No,Standard,Yes,42,Venmo,Weekly,Adult,7,Heavy,True,False,Standard,Digital Wallet,Very Frequent,0.36707142857142866,Mid
1347,44,Male,Hoodie,Clothing,91,Mississippi,L,White,Winter,3.0,No,Free Shipping,Yes,15,Venmo,Bi-Weekly,Adult,14,Emerging,True,False,Standard,Digital Wallet,Frequent,0.4545,Mid
1348,44,Male,Sweater,Clothing,95,Vermont,M,Cyan,Summer,3.9,No,2-Day Shipping,Yes,47,Bank Transfer,Monthly,Adult,30,Heavy,True,False,Standard,Other,Frequent,0.7592142857142857,VIP
1349,19,Male,Belt,Accessories,54,Nebraska,XL,Purple,Spring,3.2,No,Standard,Yes,23,Credit Card,Fortnightly,Young Adult,14,Emerging,True,False,Standard,Card,Frequent,0.3574285714285715,Mid
1350,21,Male,Socks,Clothing,36,South Carolina,XL,Black,Spring,3.2,No,Next Day Air,Yes,23,Cash,Bi-Weekly,Young Adult,14,Emerging,True,False,Express,Cash,Frequent,0.27642857142857147,Low
1351,31,Male,Sunglasses,Accessories,71,Delaware,M,Orange,Fall,4.3,No,Next Day Air,Yes,1,Cash,Every 3 Months,Young Adult,90,New/Low,True,False,Express,Cash,Occasional,0.3915,Mid
1352,30,Male,Coat,Outerwear,31,Vermont,L,Maroon,Summer,2.8,No,2-Day Shipping,Yes,28,Bank Transfer,Quarterly,Young Adult,90,Established,True,False,Standard,Other,Occasional,0.25007142857142856,Low
1353,65,Male,Hat,Accessories,89,Indiana,XL,Orange,Spring,4.5,No,Next Day Air,Yes,37,Credit Card,Bi-Weekly,Senior,14,Established,True,False,Express,Card,Frequent,0.7219285714285714,VIP
1354,39,Male,Pants,Clothing,83,Oregon,M,Teal,Winter,4.1,No,Next Day Air,Yes,4,Cash,Every 3 Months,Adult,90,New/Low,True,False,Express,Cash,Occasional,0.44678571428571423,Mid
1355,64,Male,Backpack,Accessories,42,Maryland,M,Gray,Spring,3.6,No,2-Day Shipping,Yes,21,Bank Transfer,Quarterly,Senior,90,Emerging,True,False,Standard,Other,Occasional,0.3265714285714286,Low
1356,59,Male,Shorts,Clothing,91,Florida,M,Blue,Summer,3.0,No,2-Day Shipping,Yes,50,PayPal,Bi-Weekly,Senior,14,Heavy,True,False,Standard,Digital Wallet,Frequent,0.6795,VIP
1357,49,Male,Jacket,Outerwear,61,Indiana,M,Cyan,Spring,4.0,No,Free Shipping,Yes,34,Bank Transfer,Annually,Middle-aged,365,Established,True,False,Standard,Other,Rare,0.5316428571428571,High
1358,24,Male,Backpack,Accessories,66,Texas,S,Red,Summer,3.5,No,Next Day Air,Yes,20,Cash,Quarterly,Young Adult,90,Emerging,True,False,Express,Cash,Occasional,0.4191428571428571,Mid
1359,19,Male,Scarf,Accessories,22,Nebraska,XL,Pink,Spring,2.5,No,Store Pickup,Yes,25,Venmo,Every 3 Months,Young Adult,90,Emerging,True,False,Other,Digital Wallet,Occasional,0.16328571428571428,Low
1360,27,Male,Hoodie,Clothing,68,North Carolina,S,Cyan,Winter,4.3,No,Store Pickup,Yes,26,Bank Transfer,Fortnightly,Young Adult,14,Established,True,False,Other,Other,Frequent,0.5387142857142857,High
1361,56,Male,Skirt,Clothing,43,Alabama,L,Black,Fall,2.8,No,Express,Yes,4,Bank Transfer,Annually,Middle-aged,365,New/Low,True,False,Express,Other,Rare,0.14978571428571427,Low
1362,49,Male,Dress,Clothing,32,Alabama,M,Beige,Fall,3.7,No,Next Day Air,Yes,39,Debit Card,Monthly,Middle-aged,30,Established,True,False,Express,Card,Frequent,0.40628571428571425,Mid
1363,41,Male,Coat,Outerwear,46,Colorado,M,Gray,Fall,4.3,No,Express,Yes,29,Cash,Weekly,Adult,7,Established,True,False,Express,Cash,Very Frequent,0.459,Mid
1364,36,Male,Blouse,Clothing,90,Wisconsin,L,Red,Summer,4.0,No,Express,Yes,47,PayPal,Quarterly,Adult,90,Heavy,True,False,Express,Digital Wallet,Occasional,0.7457142857142858,VIP
1365,68,Male,Hat,Accessories,75,Delaware,L,Yellow,Fall,4.7,No,Express,Yes,5,Cash,Every 3 Months,Senior,90,New/Low,True,False,Express,Cash,Occasional,0.47121428571428575,Mid
1366,28,Male,Handbag,Accessories,69,Indiana,M,Magenta,Winter,4.5,No,Store Pickup,Yes,18,Bank Transfer,Fortnightly,Young Adult,14,Emerging,True,False,Other,Other,Frequent,0.5097857142857144,High
1367,45,Male,Belt,Accessories,40,Iowa,M,Magenta,Fall,3.1,No,Free Shipping,Yes,10,Credit Card,Fortnightly,Middle-aged,14,New/Low,True,False,Standard,Card,Frequent,0.20185714285714287,Low
1368,60,Male,Belt,Accessories,63,Iowa,S,Black,Fall,3.8,No,Express,Yes,25,Cash,Quarterly,Senior,90,Emerging,True,False,Express,Cash,Occasional,0.46478571428571425,Mid
1369,21,Male,Shirt,Clothing,36,Wisconsin,L,Orange,Summer,4.9,No,Express,Yes,2,Cash,Weekly,Young Adult,7,New/Low,True,False,Express,Cash,Very Frequent,0.2944285714285715,Low
1370,32,Male,Shoes,Footwear,75,Iowa,M,Green,Winter,3.2,No,Standard,Yes,48,Venmo,Fortnightly,Adult,14,Heavy,True,False,Standard,Digital Wallet,Frequent,0.6126428571428573,VIP
1371,27,Male,Scarf,Accessories,67,Montana,L,Peach,Summer,3.8,No,2-Day Shipping,Yes,41,Bank Transfer,Every 3 Months,Young Adult,90,Heavy,True,False,Standard,Other,Occasional,0.5856428571428571,High
1372,40,Male,Pants,Clothing,64,Mississippi,M,Charcoal,Spring,2.8,No,Store Pickup,Yes,42,Credit Card,Monthly,Adult,30,Heavy,True,False,Other,Card,Frequent,0.48857142857142866,High
1373,64,Male,Blouse,Clothing,61,Michigan,M,Gray,Fall,4.0,No,2-Day Shipping,Yes,44,PayPal,Bi-Weekly,Senior,14,Heavy,True,False,Standard,Digital Wallet,Frequent,0.5959285714285715,VIP
1374,18,Male,Gloves,Accessories,40,Virginia,L,Turquoise,Winter,2.6,No,Store Pickup,Yes,6,Cash,Quarterly,Young Adult,90,New/Low,True,False,Other,Cash,Occasional,0.13114285714285717,Low
1375,22,Male,Handbag,Accessories,97,New York,M,Red,Fall,2.7,No,Free Shipping,Yes,5,Bank Transfer,Quarterly,Young Adult,90,New/Low,True,False,Standard,Other,Occasional,0.39021428571428574,Mid
1376,42,Male,Sneakers,Footwear,31,Maine,L,Brown,Spring,4.1,No,2-Day Shipping,Yes,8,Credit Card,Annually,Adult,365,New/Low,True,False,Standard,Card,Rare,0.23850000000000002,Low
1377,57,Male,Sandals,Footwear,65,New Jersey,L,Pink,Spring,5.0,No,Free Shipping,Yes,24,PayPal,Annually,Middle-aged,365,Emerging,True,False,Standard,Digital Wallet,Rare,0.5753571428571428,High
1378,33,Male,Sunglasses,Accessories,54,Maryland,L,Olive,Spring,3.0,No,Next Day Air,Yes,42,Venmo,Monthly,Adult,30,Heavy,True,False,Express,Digital Wallet,Frequent,0.46157142857142863,Mid
1379,37,Male,Jacket,Outerwear,49,Kentucky,XL,Lavender,Fall,3.6,No,Free Shipping,Yes,24,Venmo,Weekly,Adult,7,Emerging,True,False,Standard,Digital Wallet,Very Frequent,0.37735714285714284,Mid
1380,21,Male,T-shirt,Clothing,64,Minnesota,L,Purple,Fall,2.8,No,2-Day Shipping,Yes,38,Venmo,Bi-Weekly,Young Adult,14,Established,True,False,Standard,Digital Wallet,Frequent,0.4628571428571428,Mid
1381,51,Male,Sneakers,Footwear,35,Massachusetts,S,Beige,Winter,4.6,No,Standard,Yes,41,Cash,Fortnightly,Middle-aged,14,Heavy,True,False,Standard,Cash,Frequent,0.5136428571428572,High
1382,30,Male,Shoes,Footwear,86,Illinois,L,Green,Winter,2.9,No,Standard,Yes,48,Venmo,Quarterly,Young Adult,90,Heavy,True,False,Standard,Digital Wallet,Occasional,0.6351428571428572,VIP
1383,68,Male,Jacket,Outerwear,55,Michigan,L,Brown,Winter,4.8,No,Express,Yes,16,Bank Transfer,Quarterly,Senior,90,Emerging,True,False,Express,Other,Occasional,0.4609285714285714,Mid
1384,36,Male,Scarf,Accessories,58,Wisconsin,M,Beige,Spring,3.3,No,Express,Yes,4,Venmo,Monthly,Adult,30,New/Low,True,False,Express,Digital Wallet,Frequent,0.2622857142857143,Low
1385,46,Male,Sneakers,Footwear,96,Alaska,M,Beige,Fall,4.6,No,Standard,Yes,8,Bank Transfer,Weekly,Middle-aged,7,New/Low,True,False,Standard,Other,Very Frequent,0.576,High
1386,41,Male,Jewelry,Accessories,64,Mississippi,M,Indigo,Fall,2.6,No,Store Pickup,Yes,1,Bank Transfer,Bi-Weekly,Adult,14,New/Low,True,False,Other,Other,Frequent,0.20700000000000005,Low
1387,68,Male,Jacket,Outerwear,56,Oregon,M,Silver,Fall,4.0,No,Next Day Air,Yes,4,Debit Card,Quarterly,Senior,90,New/Low,True,False,Express,Card,Occasional,0.3162857142857143,Low
1388,21,Male,Blouse,Clothing,85,Maryland,M,Gold,Winter,3.8,No,Standard,Yes,20,Credit Card,Monthly,Young Adult,30,Emerging,True,False,Standard,Card,Frequent,0.5316428571428572,High
1389,62,Male,Dress,Clothing,23,Arkansas,M,Lavender,Spring,3.9,No,Express,Yes,40,Cash,Quarterly,Senior,90,Established,True,False,Express,Cash,Occasional,0.3902142857142857,Mid
1390,59,Male,Scarf,Accessories,72,Illinois,L,Orange,Fall,2.6,No,Store Pickup,Yes,8,Debit Card,Fortnightly,Senior,14,New/Low,True,False,Other,Card,Frequent,0.28800000000000003,Low
1391,25,Male,Hat,Accessories,38,Arkansas,M,Maroon,Summer,4.3,No,Standard,Yes,42,Debit Card,Weekly,Young Adult,7,Heavy,True,False,Standard,Card,Very Frequent,0.5065714285714287,High
1392,53,Male,Blouse,Clothing,29,Mississippi,S,White,Winter,3.6,No,Express,Yes,38,Credit Card,Annually,Middle-aged,365,Established,True,False,Express,Card,Rare,0.37735714285714284,Mid
1393,31,Male,Gloves,Accessories,46,Arkansas,M,Yellow,Spring,4.2,No,Express,Yes,34,Venmo,Every 3 Months,Young Adult,90,Established,True,False,Express,Digital Wallet,Occasional,0.48214285714285715,High
1394,46,Male,Gloves,Accessories,58,Idaho,L,Yellow,Spring,3.9,No,Express,Yes,14,PayPal,Fortnightly,Middle-aged,14,Emerging,True,False,Express,Digital Wallet,Frequent,0.38057142857142856,Mid
1395,26,Male,Coat,Outerwear,43,Iowa,L,Magenta,Fall,4.7,No,Next Day Air,Yes,39,Cash,Weekly,Young Adult,7,Established,True,False,Express,Cash,Very Frequent,0.5457857142857143,High
1396,47,Male,Scarf,Accessories,32,West Virginia,L,Turquoise,Spring,2.8,No,Next Day Air,Yes,40,PayPal,Bi-Weekly,Middle-aged,14,Established,True,False,Express,Digital Wallet,Frequent,0.33171428571428563,Low
1397,37,Male,Pants,Clothing,30,Wisconsin,XL,Lavender,Winter,3.0,No,Next Day Air,Yes,49,Debit Card,Monthly,Adult,30,Heavy,True,False,Express,Card,Frequent,0.3985714285714285,Mid
1398,55,Male,Sunglasses,Accessories,67,Massachusetts,S,Magenta,Summer,4.7,No,Store Pickup,Yes,33,PayPal,Annually,Middle-aged,365,Established,True,False,Other,Digital Wallet,Rare,0.6152142857142857,VIP
1399,30,Male,Dress,Clothing,45,Texas,M,Cyan,Summer,2.5,No,Free Shipping,Yes,25,Credit Card,Weekly,Young Adult,7,Emerging,True,False,Standard,Card,Very Frequent,0.26678571428571424,Low
1400,19,Male,Hat,Accessories,81,Nebraska,M,Olive,Winter,3.1,No,Store Pickup,Yes,48,Venmo,Annually,Young Adult,365,Heavy,True,False,Other,Digital Wallet,Rare,0.6306428571428572,VIP
1401,36,Male,Backpack,Accessories,23,Nevada,M,Red,Fall,3.6,No,Next Day Air,Yes,22,Credit Card,Every 3 Months,Adult,90,Emerging,True,False,Express,Card,Occasional,0.24750000000000003,Low
1402,23,Male,Sandals,Footwear,59,Indiana,M,Blue,Fall,3.5,No,2-Day Shipping,Yes,1,PayPal,Weekly,Young Adult,7,New/Low,True,False,Standard,Digital Wallet,Very Frequent,0.26550000000000007,Low
1403,62,Male,Sunglasses,Accessories,21,North Dakota,L,White,Summer,3.1,No,Express,Yes,47,PayPal,Monthly,Senior,30,Heavy,True,False,Express,Digital Wallet,Frequent,0.3542142857142857,Low
1404,26,Male,Backpack,Accessories,20,Georgia,M,Peach,Spring,3.6,No,Store Pickup,Yes,20,Credit Card,Bi-Weekly,Young Adult,14,Emerging,True,False,Other,Card,Frequent,0.22114285714285714,Low
1405,36,Male,Jewelry,Accessories,28,New Mexico,M,Charcoal,Winter,3.5,No,Next Day Air,Yes,10,Debit Card,Weekly,Adult,7,New/Low,True,False,Express,Card,Very Frequent,0.18385714285714286,Low
1406,33,Male,Socks,Clothing,100,New Hampshire,M,Peach,Winter,2.7,No,Store Pickup,Yes,39,Credit Card,Monthly,Adult,30,Established,True,False,Other,Card,Frequent,0.6222857142857143,VIP
1407,32,Male,Shirt,Clothing,46,Washington,L,Turquoise,Spring,3.6,No,Express,Yes,15,Debit Card,Monthly,Adult,30,Emerging,True,False,Express,Card,Frequent,0.306,Low
1408,56,Male,Handbag,Accessories,61,Nevada,XL,Charcoal,Spring,4.5,No,Express,Yes,11,Credit Card,Annually,Middle-aged,365,Emerging,True,False,Express,Card,Rare,0.42878571428571427,Mid
1409,58,Male,Blouse,Clothing,58,Maine,M,Yellow,Winter,4.1,No,Free Shipping,Yes,38,Venmo,Weekly,Senior,7,Established,True,False,Standard,Digital Wallet,Very Frequent,0.5528571428571428,High
1410,34,Male,Backpack,Accessories,50,Idaho,M,Blue,Spring,4.2,No,Standard,Yes,41,Cash,Fortnightly,Adult,14,Heavy,True,False,Standard,Cash,Frequent,0.5451428571428572,High
1411,61,Male,Hat,Accessories,93,Tennessee,M,Purple,Summer,4.0,No,Store Pickup,Yes,18,Debit Card,Annually,Senior,365,Emerging,True,False,Other,Card,Rare,0.5727857142857143,High
1412,48,Male,Skirt,Clothing,24,Louisiana,L,Green,Summer,2.8,No,Store Pickup,Yes,13,Venmo,Quarterly,Middle-aged,90,Emerging,True,False,Other,Digital Wallet,Occasional,0.12214285714285711,Low
1413,25,Male,Shorts,Clothing,100,Michigan,M,Charcoal,Summer,2.6,No,2-Day Shipping,Yes,43,Venmo,Annually,Young Adult,365,Heavy,True,False,Standard,Digital Wallet,Rare,0.639,VIP
1414,51,Male,Blouse,Clothing,79,New Hampshire,S,Indigo,Fall,2.7,No,Store Pickup,Yes,12,Bank Transfer,Quarterly,Middle-aged,90,Emerging,True,False,Other,Other,Occasional,0.35421428571428576,Low
1415,29,Male,Socks,Clothing,51,Minnesota,M,Black,Summer,4.5,No,Store Pickup,Yes,3,Credit Card,Bi-Weekly,Young Adult,14,New/Low,True,False,Other,Card,Frequent,0.3323571428571429,Low
1416,54,Male,Belt,Accessories,90,Illinois,M,Blue,Winter,3.7,No,Free Shipping,Yes,12,Credit Card,Every 3 Months,Middle-aged,90,Emerging,True,False,Standard,Card,Occasional,0.49371428571428577,High
1417,48,Male,Boots,Footwear,56,Idaho,L,Silver,Summer,3.4,No,Free Shipping,Yes,46,Cash,Quarterly,Middle-aged,90,Heavy,True,False,Standard,Cash,Occasional,0.5322857142857143,High
1418,62,Male,Shorts,Clothing,25,Montana,S,Brown,Spring,4.6,No,Standard,Yes,21,Debit Card,Fortnightly,Senior,14,Emerging,True,False,Standard,Card,Frequent,0.3400714285714285,Low
1419,18,Male,Shirt,Clothing,75,Alabama,M,Violet,Summer,4.1,No,2-Day Shipping,Yes,23,Venmo,Every 3 Months,Young Adult,90,Emerging,True,False,Standard,Digital Wallet,Occasional,0.5329285714285714,High
1420,43,Male,Handbag,Accessories,75,Montana,M,Orange,Summer,2.6,No,Free Shipping,Yes,4,Debit Card,Quarterly,Adult,90,New/Low,True,False,Standard,Card,Occasional,0.2757857142857143,Low
1421,22,Male,Jeans,Clothing,53,California,XL,Gray,Summer,4.6,No,Store Pickup,Yes,45,PayPal,Every 3 Months,Young Adult,90,Heavy,True,False,Other,Digital Wallet,Occasional,0.6203571428571428,VIP
1422,68,Male,Dress,Clothing,100,Pennsylvania,S,Gold,Spring,3.0,No,Standard,Yes,24,Bank Transfer,Fortnightly,Senior,14,Emerging,True,False,Standard,Other,Frequent,0.5528571428571429,High
1423,44,Male,Dress,Clothing,27,Texas,L,Charcoal,Fall,3.4,No,Free Shipping,Yes,3,PayPal,Bi-Weekly,Adult,14,New/Low,True,False,Standard,Digital Wallet,Frequent,0.12535714285714286,Low
1424,51,Male,Sandals,Footwear,60,Michigan,S,Black,Fall,3.5,No,Free Shipping,Yes,12,Venmo,Every 3 Months,Middle-aged,90,Emerging,True,False,Standard,Digital Wallet,Occasional,0.3407142857142857,Low
1425,66,Male,Jacket,Outerwear,23,Connecticut,S,Indigo,Fall,3.5,No,Standard,Yes,34,Bank Transfer,Every 3 Months,Senior,90,Established,True,False,Standard,Other,Occasional,0.3156428571428571,Low
1426,59,Male,Coat,Outerwear,40,Wyoming,S,White,Winter,3.7,No,Next Day Air,Yes,39,Credit Card,Annually,Senior,365,Established,True,False,Express,Card,Rare,0.4422857142857143,Mid
1427,60,Male,Pants,Clothing,38,Michigan,M,Yellow,Summer,4.8,No,Free Shipping,Yes,35,PayPal,Every 3 Months,Senior,90,Established,True,False,Standard,Digital Wallet,Occasional,0.5065714285714286,High
1428,31,Male,Backpack,Accessories,90,South Dakota,S,Orange,Summer,4.9,No,Store Pickup,Yes,8,Credit Card,Annually,Young Adult,365,New/Low,True,False,Other,Card,Rare,0.5760000000000002,High
1429,20,Male,Blouse,Clothing,97,North Dakota,S,Green,Summer,4.9,No,Express,Yes,42,PayPal,Quarterly,Young Adult,90,Heavy,True,False,Express,Digital Wallet,Occasional,0.8260714285714287,VIP
1430,24,Male,Skirt,Clothing,38,Maryland,L,Gold,Fall,4.7,No,Standard,Yes,6,Credit Card,Every 3 Months,Young Adult,90,New/Low,True,False,Standard,Card,Occasional,0.31114285714285717,Low
1431,48,Male,Sandals,Footwear,30,Michigan,S,Orange,Summer,4.9,No,Free Shipping,Yes,3,Credit Card,Fortnightly,Middle-aged,14,New/Low,True,False,Standard,Card,Frequent,0.2738571428571429,Low
1432,39,Male,Pants,Clothing,88,South Dakota,M,Cyan,Fall,2.9,No,Express,Yes,29,Venmo,Quarterly,Adult,90,Established,True,False,Express,Digital Wallet,Occasional,0.5220000000000001,High
1433,34,Male,Hat,Accessories,33,Florida,L,Black,Winter,4.4,No,Express,Yes,32,Debit Card,Quarterly,Adult,90,Established,True,False,Express,Card,Occasional,0.42878571428571427,Mid
1434,70,Male,Hoodie,Clothing,60,Minnesota,L,Yellow,Winter,3.2,No,Next Day Air,Yes,45,Debit Card,Weekly,Senior,7,Heavy,True,False,Express,Card,Very Frequent,0.5258571428571429,High
1435,59,Male,Sweater,Clothing,64,New York,L,Maroon,Summer,4.6,No,Free Shipping,Yes,21,Debit Card,Bi-Weekly,Senior,14,Emerging,True,False,Standard,Card,Frequent,0.5155714285714286,High
1436,45,Male,Scarf,Accessories,95,Oregon,XL,Black,Fall,4.0,No,Standard,Yes,41,Cash,Weekly,Middle-aged,7,Heavy,True,False,Standard,Cash,Very Frequent,0.7296428571428571,VIP
1437,35,Male,Sneakers,Footwear,83,Minnesota,M,Gray,Winter,3.7,No,Free Shipping,Yes,23,PayPal,Fortnightly,Adult,14,Emerging,True,False,Standard,Digital Wallet,Frequent,0.5329285714285715,High
1438,69,Male,Boots,Footwear,97,Montana,XL,Orange,Winter,4.2,No,Free Shipping,Yes,14,Cash,Annually,Senior,365,Emerging,True,False,Standard,Cash,Rare,0.5830714285714287,High
1439,58,Male,Coat,Outerwear,38,Washington,M,Cyan,Spring,2.9,No,Standard,Yes,24,Debit Card,Monthly,Senior,30,Emerging,True,False,Standard,Card,Frequent,0.26485714285714285,Low
1440,25,Male,Boots,Footwear,48,New Mexico,M,Magenta,Summer,4.8,No,Next Day Air,Yes,25,Cash,Fortnightly,Young Adult,14,Emerging,True,False,Express,Cash,Frequent,0.48728571428571427,High
1441,27,Male,Sandals,Footwear,76,Arizona,M,Pink,Spring,4.4,No,Standard,Yes,13,Venmo,Monthly,Young Adult,30,Emerging,True,False,Standard,Digital Wallet,Frequent,0.5001428571428571,High
1442,34,Male,Pants,Clothing,25,Nebraska,S,Turquoise,Summer,3.4,No,Free Shipping,Yes,3,Venmo,Every 3 Months,Adult,90,New/Low,True,False,Standard,Digital Wallet,Occasional,0.11635714285714285,Low
1443,53,Male,Hoodie,Clothing,92,Idaho,S,Violet,Spring,2.8,No,2-Day Shipping,Yes,42,Credit Card,Annually,Middle-aged,365,Heavy,True,False,Standard,Card,Rare,0.6145714285714287,VIP
1444,58,Male,Sandals,Footwear,47,Idaho,L,Teal,Fall,4.2,No,Next Day Air,Yes,2,Cash,Monthly,Senior,30,New/Low,True,False,Express,Cash,Frequent,0.28092857142857147,Low
1445,32,Male,Sweater,Clothing,36,Vermont,L,Pink,Fall,3.8,No,Express,Yes,26,Cash,Quarterly,Adult,90,Established,True,False,Express,Cash,Occasional,0.3497142857142857,Low
1446,64,Male,Belt,Accessories,51,Arkansas,M,Gold,Fall,3.1,No,2-Day Shipping,Yes,24,Credit Card,Annually,Senior,365,Emerging,True,False,Standard,Card,Rare,0.34135714285714286,Low
1447,63,Male,Jeans,Clothing,35,Wyoming,XL,Red,Summer,3.2,No,Express,Yes,6,Credit Card,Quarterly,Senior,90,New/Low,True,False,Express,Card,Occasional,0.16264285714285717,Low
1448,23,Male,Hoodie,Clothing,57,New Mexico,S,Beige,Summer,3.0,No,Next Day Air,Yes,25,PayPal,Monthly,Young Adult,30,Emerging,True,False,Express,Digital Wallet,Frequent,0.36578571428571427,Mid
1449,64,Male,Boots,Footwear,95,West Virginia,M,Black,Summer,3.6,No,Free Shipping,Yes,11,Credit Card,Every 3 Months,Senior,90,Emerging,True,False,Standard,Card,Occasional,0.5007857142857143,High
1450,18,Male,Socks,Clothing,41,New York,L,Lavender,Winter,2.5,No,Store Pickup,Yes,20,Cash,Every 3 Months,Young Adult,90,Emerging,True,False,Other,Cash,Occasional,0.21664285714285714,Low
1451,25,Male,Dress,Clothing,44,Illinois,S,Teal,Winter,3.4,No,Free Shipping,Yes,25,Cash,Quarterly,Young Adult,90,Emerging,True,False,Standard,Cash,Occasional,0.3432857142857142,Low
1452,54,Male,Jacket,Outerwear,34,Utah,M,Maroon,Fall,2.5,No,Next Day Air,Yes,35,PayPal,Quarterly,Middle-aged,90,Established,True,False,Express,Digital Wallet,Occasional,0.2815714285714286,Low
1453,60,Male,Jacket,Outerwear,25,Colorado,L,Blue,Spring,4.7,No,2-Day Shipping,Yes,11,Bank Transfer,Quarterly,Senior,90,Emerging,True,False,Standard,Other,Occasional,0.2847857142857143,Low
1454,36,Male,Boots,Footwear,93,Virginia,S,Teal,Winter,3.2,No,2-Day Shipping,Yes,41,Bank Transfer,Fortnightly,Adult,14,Heavy,True,False,Standard,Other,Frequent,0.6486428571428572,VIP
1455,66,Male,Sneakers,Footwear,50,Georgia,L,Maroon,Winter,2.9,No,Free Shipping,Yes,17,Credit Card,Annually,Senior,365,Emerging,True,False,Standard,Card,Rare,0.27385714285714285,Low
1456,60,Male,Pants,Clothing,79,Alabama,L,Silver,Fall,4.9,No,Express,Yes,1,PayPal,Every 3 Months,Senior,90,New/Low,True,False,Express,Digital Wallet,Occasional,0.48150000000000015,High
1457,59,Male,Coat,Outerwear,100,Montana,S,Olive,Spring,2.7,No,Store Pickup,Yes,30,PayPal,Every 3 Months,Senior,90,Established,True,False,Other,Digital Wallet,Occasional,0.5644285714285715,High
1458,58,Male,Shirt,Clothing,57,Pennsylvania,S,Gray,Spring,4.7,No,Express,Yes,47,Venmo,Fortnightly,Senior,14,Heavy,True,False,Express,Digital Wallet,Frequent,0.6602142857142858,VIP
1459,35,Male,Sweater,Clothing,28,Missouri,M,Peach,Spring,2.9,No,2-Day Shipping,Yes,34,Venmo,Weekly,Adult,7,Established,True,False,Standard,Digital Wallet,Very Frequent,0.2841428571428571,Low
1460,20,Male,Shoes,Footwear,35,Maine,L,Yellow,Winter,4.8,No,Express,Yes,18,Venmo,Fortnightly,Young Adult,14,Emerging,True,False,Express,Digital Wallet,Frequent,0.38378571428571423,Mid
1461,70,Male,Boots,Footwear,85,Pennsylvania,L,Violet,Fall,4.6,No,Standard,Yes,33,Venmo,Bi-Weekly,Senior,14,Established,True,False,Standard,Digital Wallet,Frequent,0.6872142857142858,VIP
1462,54,Male,Sunglasses,Accessories,95,Oregon,S,Red,Summer,5.0,No,2-Day Shipping,Yes,42,Venmo,Quarterly,Middle-aged,90,Heavy,True,False,Standard,Digital Wallet,Occasional,0.8260714285714287,VIP
1463,38,Male,Sneakers,Footwear,90,Utah,S,Charcoal,Summer,4.8,No,2-Day Shipping,Yes,2,Venmo,Quarterly,Adult,90,New/Low,True,False,Standard,Digital Wallet,Occasional,0.5284285714285715,High
1464,54,Male,Jewelry,Accessories,49,Oklahoma,M,Beige,Summer,4.9,No,Store Pickup,Yes,1,Bank Transfer,Monthly,Middle-aged,30,New/Low,True,False,Other,Other,Frequent,0.34650000000000003,Low
1465,33,Male,Belt,Accessories,92,Montana,M,Peach,Winter,4.6,No,2-Day Shipping,Yes,23,Bank Transfer,Quarterly,Adult,90,Emerging,True,False,Standard,Other,Occasional,0.6544285714285714,VIP
1466,46,Male,Gloves,Accessories,72,Nebraska,XL,Violet,Winter,3.9,No,Store Pickup,Yes,42,Cash,Bi-Weekly,Middle-aged,14,Heavy,True,False,Other,Cash,Frequent,0.6235714285714287,VIP
1467,58,Male,Shorts,Clothing,71,Alabama,M,Green,Summer,4.5,No,Store Pickup,Yes,3,PayPal,Annually,Senior,365,New/Low,True,False,Other,Digital Wallet,Rare,0.4223571428571429,Mid
1468,30,Male,Jewelry,Accessories,27,Ohio,XL,Olive,Winter,4.7,No,Store Pickup,Yes,16,Debit Card,Fortnightly,Young Adult,14,Emerging,True,False,Other,Card,Frequent,0.32592857142857146,Low
1469,42,Male,Gloves,Accessories,39,Arkansas,S,Silver,Fall,3.9,No,Express,Yes,46,Cash,Fortnightly,Adult,14,Heavy,True,False,Express,Cash,Frequent,0.5007857142857143,High
1470,28,Male,Jewelry,Accessories,98,Mississippi,M,Purple,Winter,4.4,No,Standard,Yes,31,PayPal,Every 3 Months,Young Adult,90,Established,True,False,Standard,Digital Wallet,Occasional,0.714857142857143,VIP
1471,43,Male,Sandals,Footwear,27,California,M,Silver,Spring,3.9,No,Next Day Air,Yes,15,Cash,Every 3 Months,Adult,90,Emerging,True,False,Express,Cash,Occasional,0.24749999999999997,Low
1472,31,Male,Jewelry,Accessories,71,Alaska,S,Gray,Spring,2.8,No,2-Day Shipping,Yes,48,Venmo,Every 3 Months,Young Adult,90,Heavy,True,False,Standard,Digital Wallet,Occasional,0.5586428571428572,High
1473,39,Male,Hat,Accessories,24,Indiana,L,Turquoise,Spring,3.5,No,Store Pickup,Yes,11,Cash,Weekly,Adult,7,Emerging,True,False,Other,Cash,Very Frequent,0.17228571428571432,Low
1474,69,Male,Shorts,Clothing,63,Wisconsin,M,Violet,Fall,4.3,No,Express,Yes,20,Credit Card,Every 3 Months,Senior,90,Emerging,True,False,Express,Card,Occasional,0.47764285714285715,High
1475,31,Male,Sweater,Clothing,72,New Jersey,S,Pink,Fall,3.9,No,Next Day Air,Yes,6,Credit Card,Monthly,Young Adult,30,New/Low,True,False,Express,Card,Frequent,0.3921428571428572,Mid
1476,44,Male,Blouse,Clothing,61,Rhode Island,M,Teal,Spring,4.0,No,Express,Yes,24,Cash,Monthly,Adult,30,Emerging,True,False,Express,Cash,Frequent,0.4673571428571428,Mid
1477,39,Male,Hat,Accessories,56,Wyoming,M,Magenta,Fall,4.1,No,Next Day Air,Yes,18,Credit Card,Monthly,Adult,30,Emerging,True,False,Express,Card,Frequent,0.41528571428571426,Mid
1478,24,Male,Belt,Accessories,32,Oregon,XL,Silver,Summer,4.3,No,Standard,Yes,1,PayPal,Every 3 Months,Young Adult,90,New/Low,True,False,Standard,Digital Wallet,Occasional,0.216,Low
1479,28,Male,Gloves,Accessories,23,Washington,M,Blue,Summer,4.2,No,Free Shipping,Yes,13,Venmo,Bi-Weekly,Young Adult,14,Emerging,True,False,Standard,Digital Wallet,Frequent,0.24364285714285713,Low
1480,48,Male,Coat,Outerwear,100,Washington,L,Black,Spring,4.0,No,Standard,Yes,2,Bank Transfer,Weekly,Middle-aged,7,New/Low,True,False,Standard,Other,Very Frequent,0.5014285714285714,High
1481,39,Male,Jewelry,Accessories,74,New Hampshire,M,Gold,Fall,3.6,No,Express,Yes,26,Cash,Quarterly,Adult,90,Established,True,False,Express,Cash,Occasional,0.5027142857142858,High
1482,64,Male,Skirt,Clothing,33,Maryland,S,Gray,Spring,3.3,No,Standard,Yes,31,PayPal,Quarterly,Senior,90,Established,True,False,Standard,Digital Wallet,Occasional,0.3233571428571428,Low
1483,28,Male,Gloves,Accessories,67,Wisconsin,S,Magenta,Spring,4.1,No,2-Day Shipping,Yes,43,Bank Transfer,Weekly,Young Adult,7,Heavy,True,False,Standard,Other,Very Frequent,0.6255000000000001,VIP
1484,39,Male,Jewelry,Accessories,61,Massachusetts,S,Yellow,Summer,4.7,No,Next Day Air,Yes,12,Debit Card,Bi-Weekly,Adult,14,Emerging,True,False,Express,Card,Frequent,0.45321428571428574,Mid
1485,49,Male,Shorts,Clothing,46,Nebraska,M,Teal,Summer,4.4,No,Store Pickup,Yes,22,Venmo,Every 3 Months,Middle-aged,90,Emerging,True,False,Other,Digital Wallet,Occasional,0.4230000000000001,Mid
1486,22,Male,Gloves,Accessories,56,Nebraska,L,Red,Spring,3.4,No,Standard,Yes,3,Cash,Fortnightly,Young Adult,14,New/Low,True,False,Standard,Cash,Frequent,0.2558571428571429,Low
1487,25,Male,Sneakers,Footwear,73,Idaho,S,Yellow,Spring,5.0,No,Free Shipping,Yes,23,Venmo,Every 3 Months,Young Adult,90,Emerging,True,False,Standard,Digital Wallet,Occasional,0.6049285714285715,VIP
1488,40,Male,Skirt,Clothing,44,Arizona,L,Black,Summer,4.6,No,Store Pickup,Yes,26,PayPal,Annually,Adult,365,Established,True,False,Other,Digital Wallet,Rare,0.45771428571428574,Mid
1489,23,Male,Hat,Accessories,44,Hawaii,L,Pink,Winter,4.0,No,Standard,Yes,37,Credit Card,Weekly,Young Adult,7,Established,True,False,Standard,Card,Very Frequent,0.4744285714285714,High
1490,24,Male,Jewelry,Accessories,26,Missouri,XL,Magenta,Summer,4.1,No,Next Day Air,Yes,42,Venmo,Quarterly,Young Adult,90,Heavy,True,False,Express,Digital Wallet,Occasional,0.43457142857142855,Mid
1491,66,Male,Sneakers,Footwear,52,Louisiana,L,Olive,Spring,4.9,No,Express,Yes,15,Venmo,Bi-Weekly,Senior,14,Emerging,True,False,Express,Digital Wallet,Frequent,0.45,Mid
1492,27,Male,Shirt,Clothing,54,Arkansas,S,Black,Summer,2.7,No,Free Shipping,Yes,10,Bank Transfer,Quarterly,Young Adult,90,New/Low,True,False,Standard,Other,Occasional,0.2288571428571429,Low
1493,62,Male,Jacket,Outerwear,38,North Carolina,M,Maroon,Summer,4.5,No,Free Shipping,Yes,3,Venmo,Quarterly,Senior,90,New/Low,True,False,Standard,Digital Wallet,Occasional,0.27385714285714285,Low
1494,70,Male,Belt,Accessories,44,North Dakota,S,Gold,Fall,2.7,No,Standard,Yes,44,Credit Card,Quarterly,Senior,90,Heavy,True,False,Standard,Card,Occasional,0.4024285714285714,Mid
1495,43,Male,T-shirt,Clothing,76,Montana,M,Gray,Spring,3.0,No,Next Day Air,Yes,23,Bank Transfer,Fortnightly,Adult,14,Emerging,True,False,Express,Other,Frequent,0.4384285714285714,Mid
1496,45,Male,Jewelry,Accessories,23,Rhode Island,M,Brown,Winter,4.5,No,Next Day Air,Yes,6,PayPal,Weekly,Middle-aged,7,New/Low,True,False,Express,Digital Wallet,Very Frequent,0.22564285714285715,Low
1497,63,Male,T-shirt,Clothing,98,Idaho,M,Purple,Winter,5.0,No,Standard,Yes,9,Venmo,Bi-Weekly,Senior,14,New/Low,True,False,Standard,Digital Wallet,Frequent,0.6274285714285714,VIP
1498,69,Male,Jacket,Outerwear,33,Michigan,S,Magenta,Spring,3.8,No,2-Day Shipping,Yes,16,Debit Card,Every 3 Months,Senior,90,Emerging,True,False,Standard,Card,Occasional,0.27192857142857146,Low
1499,59,Male,Sweater,Clothing,32,Illinois,M,Teal,Summer,3.1,No,Standard,Yes,46,Venmo,Fortnightly,Senior,14,Heavy,True,False,Standard,Digital Wallet,Frequent,0.39728571428571424,Mid
1500,19,Male,Boots,Footwear,85,Georgia,S,Olive,Fall,3.4,No,Free Shipping,Yes,24,Credit Card,Every 3 Months,Young Adult,90,Emerging,True,False,Standard,Card,Occasional,0.5213571428571429,High
1501,63,Male,Jeans,Clothing,69,Alabama,L,Maroon,Summer,4.8,No,Next Day Air,Yes,22,Debit Card,Monthly,Senior,30,Emerging,True,False,Express,Card,Frequent,0.5625,High
1502,37,Male,Jeans,Clothing,55,Alaska,XL,Silver,Spring,2.7,No,Standard,Yes,13,Debit Card,Every 3 Months,Adult,90,Emerging,True,False,Standard,Card,Occasional,0.25264285714285717,Low
1503,37,Male,Pants,Clothing,66,Massachusetts,M,Black,Summer,3.2,No,Store Pickup,Yes,20,Cash,Fortnightly,Adult,14,Emerging,True,False,Other,Cash,Frequent,0.3921428571428571,Mid
1504,50,Male,Jacket,Outerwear,30,Michigan,M,Maroon,Fall,3.9,No,2-Day Shipping,Yes,46,Cash,Quarterly,Middle-aged,90,Heavy,True,False,Standard,Cash,Occasional,0.46028571428571424,Mid
1505,60,Male,Jacket,Outerwear,80,Alaska,M,Teal,Winter,4.2,No,Next Day Air,Yes,10,Bank Transfer,Monthly,Senior,30,New/Low,True,False,Express,Other,Frequent,0.4808571428571429,High
1506,46,Male,Belt,Accessories,20,North Dakota,M,Teal,Summer,3.0,No,Express,Yes,39,Cash,Monthly,Middle-aged,30,Established,True,False,Express,Cash,Frequent,0.28928571428571426,Low
1507,35,Male,Shirt,Clothing,30,South Carolina,L,Beige,Fall,3.0,No,2-Day Shipping,Yes,44,PayPal,Quarterly,Adult,90,Heavy,True,False,Standard,Digital Wallet,Occasional,0.3664285714285714,Mid
1508,66,Male,Dress,Clothing,86,Pennsylvania,S,Maroon,Winter,3.7,No,2-Day Shipping,Yes,7,Venmo,Annually,Senior,365,New/Low,True,False,Standard,Digital Wallet,Rare,0.4435714285714286,Mid
1509,35,Male,Blouse,Clothing,84,Colorado,L,Beige,Spring,4.4,No,Store Pickup,Yes,3,Cash,Every 3 Months,Adult,90,New/Low,True,False,Other,Cash,Occasional,0.4718571428571429,High
1510,20,Male,Dress,Clothing,54,New Hampshire,XL,White,Summer,4.6,No,Free Shipping,Yes,44,Debit Card,Annually,Young Adult,365,Heavy,True,False,Standard,Card,Rare,0.6184285714285713,VIP
1511,55,Male,Blouse,Clothing,30,Maryland,XL,Gray,Fall,3.0,No,Free Shipping,Yes,31,Venmo,Annually,Middle-aged,365,Established,True,False,Standard,Digital Wallet,Rare,0.28285714285714286,Low
1512,34,Male,Dress,Clothing,91,Georgia,M,Violet,Winter,3.6,No,Express,Yes,48,Credit Card,Weekly,Adult,7,Heavy,True,False,Express,Card,Very Frequent,0.720642857142857,VIP
1513,60,Male,Sneakers,Footwear,23,Wisconsin,L,Silver,Winter,3.9,No,Standard,Yes,18,PayPal,Bi-Weekly,Senior,14,Emerging,True,False,Standard,Digital Wallet,Frequent,0.24878571428571422,Low
1514,22,Male,Socks,Clothing,35,Texas,M,Red,Spring,4.1,No,Free Shipping,Yes,27,Cash,Monthly,Young Adult,30,Established,True,False,Standard,Cash,Frequent,0.37864285714285717,Mid
1515,26,Male,Shoes,Footwear,90,Utah,L,Brown,Winter,3.9,No,2-Day Shipping,Yes,1,Venmo,Weekly,Young Adult,7,New/Low,True,False,Standard,Digital Wallet,Very Frequent,0.441,Mid
1516,39,Male,Jeans,Clothing,93,Indiana,S,Turquoise,Fall,3.9,No,2-Day Shipping,Yes,34,Cash,Weekly,Adult,7,Established,True,False,Standard,Cash,Very Frequent,0.6666428571428571,VIP
1517,20,Male,Jeans,Clothing,68,Nevada,L,Indigo,Winter,4.5,No,Express,Yes,5,Bank Transfer,Bi-Weekly,Young Adult,14,New/Low,True,False,Express,Other,Frequent,0.4217142857142857,Mid
1518,57,Male,Gloves,Accessories,41,New Hampshire,M,Violet,Spring,3.4,No,Standard,Yes,12,Cash,Quarterly,Middle-aged,90,Emerging,True,False,Standard,Cash,Occasional,0.24621428571428572,Low
1519,68,Male,Belt,Accessories,73,New York,M,Yellow,Winter,4.1,No,Next Day Air,Yes,14,Venmo,Fortnightly,Senior,14,Emerging,True,False,Express,Digital Wallet,Frequent,0.4660714285714285,Mid
1520,50,Male,Sunglasses,Accessories,73,Texas,L,Cyan,Fall,4.9,No,Next Day Air,Yes,40,PayPal,Weekly,Middle-aged,7,Established,True,False,Express,Digital Wallet,Very Frequent,0.7052142857142858,VIP
1521,21,Male,Hat,Accessories,66,Iowa,M,Brown,Summer,4.4,No,2-Day Shipping,Yes,39,Cash,Quarterly,Young Adult,90,Established,True,False,Standard,Cash,Occasional,0.6222857142857142,VIP
1522,29,Male,Backpack,Accessories,59,Washington,M,White,Summer,2.7,No,2-Day Shipping,Yes,50,Bank Transfer,Weekly,Young Adult,7,Heavy,True,False,Standard,Other,Very Frequent,0.5085,High
1523,38,Male,Shorts,Clothing,72,Tennessee,L,Yellow,Spring,4.8,No,Free Shipping,Yes,5,Debit Card,Monthly,Adult,30,New/Low,True,False,Standard,Card,Frequent,0.46671428571428575,Mid
1524,54,Male,Socks,Clothing,88,Georgia,M,White,Summer,3.3,No,2-Day Shipping,Yes,35,Debit Card,Annually,Middle-aged,365,Established,True,False,Standard,Card,Rare,0.5965714285714285,VIP
1525,22,Male,Socks,Clothing,76,Massachusetts,L,Pink,Summer,4.4,No,Free Shipping,Yes,6,Cash,Bi-Weekly,Young Adult,14,New/Low,True,False,Standard,Cash,Frequent,0.4551428571428571,Mid
1526,29,Male,Belt,Accessories,31,Oregon,M,Indigo,Winter,4.6,No,2-Day Shipping,Yes,22,Cash,Fortnightly,Young Adult,14,Emerging,True,False,Standard,Cash,Frequent,0.3735,Mid
1527,41,Male,Jacket,Outerwear,22,Oklahoma,L,White,Summer,3.1,No,Next Day Air,Yes,27,PayPal,Monthly,Adult,30,Established,True,False,Express,Digital Wallet,Frequent,0.23014285714285715,Low
1528,26,Male,Hat,Accessories,75,Wisconsin,L,Red,Fall,4.5,No,2-Day Shipping,Yes,33,Debit Card,Fortnightly,Young Adult,14,Established,True,False,Standard,Card,Frequent,0.6332142857142857,VIP
1529,69,Male,T-shirt,Clothing,75,Oregon,S,Red,Spring,4.0,No,Store Pickup,Yes,47,Venmo,Bi-Weekly,Senior,14,Heavy,True,False,Other,Digital Wallet,Frequent,0.6782142857142858,VIP
1530,20,Male,Backpack,Accessories,63,Georgia,M,Lavender,Winter,3.1,No,Free Shipping,Yes,48,Credit Card,Bi-Weekly,Young Adult,14,Heavy,True,False,Standard,Card,Frequent,0.5496428571428572,High
1531,59,Male,Coat,Outerwear,21,New Mexico,M,Teal,Spring,3.9,No,Next Day Air,Yes,22,Bank Transfer,Quarterly,Senior,90,Emerging,True,False,Express,Other,Occasional,0.2655,Low
1532,63,Male,Backpack,Accessories,83,Mississippi,S,Violet,Spring,4.5,No,Next Day Air,Yes,8,PayPal,Bi-Weekly,Senior,14,New/Low,True,False,Express,Digital Wallet,Frequent,0.5085,High
1533,68,Male,Jacket,Outerwear,46,Wisconsin,S,Silver,Winter,4.4,No,Next Day Air,Yes,5,PayPal,Every 3 Months,Senior,90,New/Low,True,False,Express,Digital Wallet,Occasional,0.3137142857142858,Low
1534,50,Male,Shoes,Footwear,59,New Hampshire,M,Gold,Summer,3.6,No,2-Day Shipping,Yes,16,Bank Transfer,Quarterly,Middle-aged,90,Emerging,True,False,Standard,Other,Occasional,0.37092857142857144,Mid
1535,55,Male,Blouse,Clothing,66,Wyoming,M,Green,Summer,3.4,No,Free Shipping,Yes,26,Venmo,Fortnightly,Middle-aged,14,Established,True,False,Standard,Digital Wallet,Frequent,0.44871428571428573,Mid
1536,36,Male,Sandals,Footwear,74,West Virginia,S,Turquoise,Fall,4.0,No,2-Day Shipping,Yes,8,Venmo,Monthly,Adult,30,New/Low,True,False,Standard,Digital Wallet,Frequent,0.423,Mid
1537,18,Male,Sunglasses,Accessories,82,Michigan,M,Indigo,Summer,2.6,No,Store Pickup,Yes,17,Cash,Quarterly,Young Adult,90,Emerging,True,False,Other,Cash,Occasional,0.3908571428571429,Mid
1538,68,Male,Shoes,Footwear,89,Alaska,L,Black,Spring,3.2,No,Next Day Air,Yes,50,Venmo,Annually,Senior,365,Heavy,True,False,Express,Digital Wallet,Rare,0.6885000000000001,VIP
1539,56,Male,Dress,Clothing,65,Illinois,L,Charcoal,Fall,3.2,No,Standard,Yes,22,Venmo,Bi-Weekly,Middle-aged,14,Emerging,True,False,Standard,Digital Wallet,Frequent,0.4005,Mid
1540,32,Male,Belt,Accessories,55,Hawaii,M,Turquoise,Spring,5.0,No,2-Day Shipping,Yes,19,Cash,Every 3 Months,Adult,90,Emerging,True,False,Standard,Cash,Occasional,0.4982142857142858,High
1541,28,Male,Shorts,Clothing,95,Colorado,M,Red,Winter,2.9,No,Next Day Air,Yes,14,Bank Transfer,Monthly,Young Adult,30,Emerging,True,False,Express,Other,Frequent,0.45707142857142863,Mid
1542,24,Male,Handbag,Accessories,77,Illinois,S,Indigo,Winter,2.9,No,Store Pickup,Yes,35,Cash,Bi-Weekly,Young Adult,14,Established,True,False,Other,Cash,Frequent,0.5110714285714286,High
1543,59,Male,Blouse,Clothing,44,Hawaii,M,Maroon,Winter,3.5,No,Next Day Air,Yes,43,PayPal,Weekly,Senior,7,Heavy,True,False,Express,Digital Wallet,Very Frequent,0.468,Mid
1544,56,Male,Jeans,Clothing,89,Wisconsin,M,Indigo,Fall,4.0,No,Standard,Yes,24,Venmo,Annually,Middle-aged,365,Emerging,True,False,Standard,Digital Wallet,Rare,0.5933571428571429,VIP
1545,30,Male,Jewelry,Accessories,24,Arkansas,M,Maroon,Spring,3.9,No,Standard,Yes,17,Debit Card,Bi-Weekly,Young Adult,14,Emerging,True,False,Standard,Card,Frequent,0.24685714285714283,Low
1546,48,Male,Belt,Accessories,43,Delaware,M,Black,Winter,4.9,No,Store Pickup,Yes,49,Bank Transfer,Annually,Middle-aged,365,Heavy,True,False,Other,Other,Rare,0.6280714285714286,VIP
1547,60,Male,Sneakers,Footwear,51,Oregon,XL,Purple,Summer,3.8,No,Express,Yes,17,Bank Transfer,Annually,Senior,365,Emerging,True,False,Express,Other,Rare,0.3593571428571428,Mid
1548,46,Male,Hat,Accessories,46,South Carolina,L,Teal,Summer,3.5,No,Standard,Yes,40,Cash,Quarterly,Middle-aged,90,Established,True,False,Standard,Cash,Occasional,0.45771428571428574,Mid
1549,69,Male,Dress,Clothing,32,Maryland,M,Silver,Summer,3.7,No,Store Pickup,Yes,43,Bank Transfer,Weekly,Senior,7,Heavy,True,False,Other,Other,Very Frequent,0.432,Mid
1550,19,Male,Sneakers,Footwear,55,Kansas,M,Black,Spring,2.9,No,2-Day Shipping,Yes,19,Debit Card,Every 3 Months,Young Adult,90,Emerging,True,False,Standard,Card,Occasional,0.3092142857142857,Low
1551,66,Male,Sunglasses,Accessories,26,Arkansas,S,Black,Summer,2.8,No,Free Shipping,Yes,40,Bank Transfer,Quarterly,Senior,90,Established,True,False,Standard,Other,Occasional,0.3047142857142856,Low
1552,64,Male,Handbag,Accessories,29,Minnesota,M,Olive,Summer,3.7,No,2-Day Shipping,Yes,13,Credit Card,Monthly,Senior,30,Emerging,True,False,Standard,Card,Frequent,0.22564285714285715,Low
1553,54,Male,Blouse,Clothing,49,New Mexico,L,Purple,Spring,3.0,No,Express,Yes,20,Credit Card,Monthly,Middle-aged,30,Emerging,True,False,Express,Card,Frequent,0.2976428571428571,Low
1554,27,Male,Blouse,Clothing,45,Delaware,M,Indigo,Spring,4.8,No,Free Shipping,Yes,21,Debit Card,Quarterly,Young Adult,90,Emerging,True,False,Standard,Card,Occasional,0.44807142857142856,Mid
1555,64,Male,Shorts,Clothing,48,Utah,S,Lavender,Winter,2.7,No,Standard,Yes,18,Cash,Bi-Weekly,Senior,14,Emerging,True,False,Standard,Cash,Frequent,0.2532857142857143,Low
1556,43,Male,Shorts,Clothing,47,Ohio,S,Cyan,Winter,4.5,No,Free Shipping,Yes,44,Cash,Quarterly,Adult,90,Heavy,True,False,Standard,Cash,Occasional,0.5779285714285715,High
1557,43,Male,Hoodie,Clothing,57,Alabama,M,Gold,Fall,2.7,No,Standard,Yes,26,Credit Card,Quarterly,Adult,90,Established,True,False,Standard,Card,Occasional,0.34521428571428575,Low
1558,27,Male,Backpack,Accessories,34,South Dakota,L,Magenta,Fall,3.5,No,Next Day Air,Yes,34,PayPal,Quarterly,Young Adult,90,Established,True,False,Express,Digital Wallet,Occasional,0.36514285714285716,Mid
1559,35,Male,Sunglasses,Accessories,75,New Mexico,XL,Teal,Fall,3.5,No,Express,Yes,24,Credit Card,Every 3 Months,Adult,90,Emerging,True,False,Express,Card,Occasional,0.4853571428571428,High
1560,43,Male,Scarf,Accessories,94,Oregon,L,Beige,Fall,4.5,No,Store Pickup,Yes,23,PayPal,Fortnightly,Adult,14,Emerging,True,False,Other,Digital Wallet,Frequent,0.6544285714285714,VIP
1561,57,Male,Hat,Accessories,84,Oregon,M,Teal,Winter,3.8,No,Free Shipping,Yes,3,Debit Card,Weekly,Middle-aged,7,New/Low,True,False,Standard,Card,Very Frequent,0.41785714285714287,Mid
1562,50,Male,Scarf,Accessories,38,Mississippi,M,Indigo,Summer,3.8,No,Standard,Yes,2,Bank Transfer,Quarterly,Middle-aged,90,New/Low,True,False,Standard,Other,Occasional,0.20442857142857143,Low
1563,37,Male,Scarf,Accessories,75,Alabama,M,Purple,Winter,3.2,No,Next Day Air,Yes,23,Venmo,Bi-Weekly,Adult,14,Emerging,True,False,Express,Digital Wallet,Frequent,0.4519285714285715,Mid
1564,68,Male,Pants,Clothing,44,Kansas,M,Teal,Fall,4.3,No,Next Day Air,Yes,8,Cash,Weekly,Senior,7,New/Low,True,False,Express,Cash,Very Frequent,0.315,Low
1565,22,Male,Backpack,Accessories,33,California,XL,Turquoise,Summer,4.5,No,Next Day Air,Yes,30,Debit Card,Every 3 Months,Young Adult,90,Established,True,False,Express,Card,Occasional,0.42492857142857143,Mid
1566,58,Male,Sunglasses,Accessories,93,Idaho,L,Peach,Fall,4.2,No,Free Shipping,Yes,48,PayPal,Annually,Senior,365,Heavy,True,False,Standard,Digital Wallet,Rare,0.7836428571428571,VIP
1567,48,Male,Sneakers,Footwear,99,Wyoming,S,Green,Winter,3.0,No,Free Shipping,Yes,21,Cash,Bi-Weekly,Middle-aged,14,Emerging,True,False,Standard,Cash,Frequent,0.5290714285714286,High
1568,30,Male,Backpack,Accessories,33,Minnesota,M,Turquoise,Spring,4.1,No,Standard,Yes,9,Cash,Monthly,Young Adult,30,New/Low,True,False,Standard,Cash,Frequent,0.25392857142857145,Low
1569,51,Male,Sneakers,Footwear,76,Washington,L,Yellow,Spring,4.6,No,Store Pickup,Yes,8,Debit Card,Monthly,Middle-aged,30,New/Low,True,False,Other,Card,Frequent,0.48599999999999993,High
1570,20,Male,Skirt,Clothing,63,Hawaii,M,Orange,Summer,2.9,No,Standard,Yes,29,Debit Card,Weekly,Young Adult,7,Established,True,False,Standard,Card,Very Frequent,0.4095,Mid
1571,30,Male,Pants,Clothing,41,Missouri,L,Brown,Winter,4.8,No,Next Day Air,Yes,3,Bank Transfer,Every 3 Months,Young Adult,90,New/Low,True,False,Express,Other,Occasional,0.3143571428571429,Low
1572,28,Male,Jewelry,Accessories,88,Colorado,L,Silver,Winter,4.5,No,Next Day Air,Yes,11,Bank Transfer,Fortnightly,Young Adult,14,Emerging,True,False,Express,Other,Frequent,0.5502857142857143,High
1573,37,Male,Skirt,Clothing,92,Washington,L,White,Summer,3.4,No,2-Day Shipping,Yes,16,Debit Card,Monthly,Adult,30,Emerging,True,False,Standard,Card,Frequent,0.5014285714285714,High
1574,36,Male,T-shirt,Clothing,31,North Dakota,L,Indigo,Summer,4.3,No,2-Day Shipping,Yes,25,Debit Card,Weekly,Adult,7,Emerging,True,False,Standard,Card,Very Frequent,0.36578571428571427,Mid
1575,18,Male,Skirt,Clothing,25,Minnesota,S,Magenta,Spring,4.2,No,Free Shipping,Yes,32,PayPal,Bi-Weekly,Young Adult,14,Established,True,False,Standard,Digital Wallet,Frequent,0.3747857142857143,Mid
1576,52,Male,Shirt,Clothing,28,California,M,Turquoise,Spring,3.6,No,Next Day Air,Yes,28,Cash,Fortnightly,Middle-aged,14,Established,True,False,Express,Cash,Frequent,0.3085714285714286,Low
1577,56,Male,Dress,Clothing,75,Michigan,M,White,Spring,3.7,No,2-Day Shipping,Yes,36,PayPal,Monthly,Middle-aged,30,Established,True,False,Standard,Digital Wallet,Frequent,0.5805,High
1578,68,Male,Boots,Footwear,34,Delaware,S,Olive,Spring,4.0,No,Standard,Yes,7,Venmo,Fortnightly,Senior,14,New/Low,True,False,Standard,Digital Wallet,Frequent,0.23657142857142857,Low
1579,62,Male,Pants,Clothing,97,California,S,Maroon,Winter,4.9,No,2-Day Shipping,Yes,2,PayPal,Quarterly,Senior,90,New/Low,True,False,Standard,Digital Wallet,Occasional,0.5689285714285715,High
1580,35,Male,Jacket,Outerwear,80,Oklahoma,M,Violet,Summer,3.1,No,Free Shipping,Yes,6,Bank Transfer,Monthly,Adult,30,New/Low,True,False,Standard,Other,Frequent,0.35614285714285715,Mid
1581,65,Male,Sneakers,Footwear,71,North Dakota,L,Cyan,Summer,3.7,No,Standard,Yes,30,Cash,Annually,Senior,365,Established,True,False,Standard,Cash,Rare,0.5239285714285715,High
1582,69,Male,Jewelry,Accessories,77,Ohio,L,Teal,Fall,4.2,No,Free Shipping,Yes,46,Cash,Quarterly,Senior,90,Heavy,True,False,Standard,Cash,Occasional,0.6987857142857143,VIP
1583,28,Male,Belt,Accessories,41,Hawaii,L,Red,Spring,2.5,No,Next Day Air,Yes,39,Cash,Monthly,Young Adult,30,Established,True,False,Express,Cash,Frequent,0.3387857142857143,Low
1584,37,Male,Scarf,Accessories,92,Maryland,XL,Yellow,Summer,4.3,No,Next Day Air,Yes,8,Venmo,Annually,Adult,365,New/Low,True,False,Express,Digital Wallet,Rare,0.5310000000000001,High
1585,41,Male,Blouse,Clothing,95,Hawaii,S,Silver,Spring,3.1,No,Store Pickup,Yes,46,Credit Card,Quarterly,Adult,90,Heavy,True,False,Other,Card,Occasional,0.6807857142857143,VIP
1586,37,Male,Sweater,Clothing,25,Alabama,M,Charcoal,Fall,3.0,No,Next Day Air,Yes,40,Debit Card,Fortnightly,Adult,14,Established,True,False,Express,Card,Frequent,0.31821428571428567,Low
1587,25,Male,Boots,Footwear,77,Oklahoma,M,Purple,Fall,4.0,No,Express,Yes,21,Bank Transfer,Weekly,Young Adult,7,Emerging,True,False,Express,Other,Very Frequent,0.5200714285714286,High
1588,41,Male,Socks,Clothing,99,Alabama,M,Beige,Summer,3.5,No,Free Shipping,Yes,33,Credit Card,Fortnightly,Adult,14,Established,True,False,Standard,Card,Frequent,0.6512142857142857,VIP
1589,48,Male,Belt,Accessories,24,Vermont,L,Cyan,Winter,3.2,No,Next Day Air,Yes,3,Venmo,Monthly,Middle-aged,30,New/Low,True,False,Express,Digital Wallet,Frequent,0.09385714285714289,Low
1590,42,Male,Sneakers,Footwear,72,Ohio,M,Silver,Summer,2.7,No,Store Pickup,Yes,48,Cash,Weekly,Adult,7,Heavy,True,False,Other,Cash,Very Frequent,0.5541428571428572,High
1591,54,Male,Jeans,Clothing,80,Wisconsin,S,Pink,Winter,3.0,No,Free Shipping,Yes,8,PayPal,Annually,Middle-aged,365,New/Low,True,False,Standard,Digital Wallet,Rare,0.36000000000000004,Mid
1592,18,Male,Skirt,Clothing,100,South Dakota,L,Gold,Winter,2.9,No,Next Day Air,Yes,24,PayPal,Annually,Young Adult,365,Emerging,True,False,Express,Digital Wallet,Rare,0.5438571428571429,High
1593,56,Male,Shoes,Footwear,83,Iowa,M,Cyan,Summer,3.3,No,Free Shipping,Yes,10,Bank Transfer,Every 3 Months,Middle-aged,90,New/Low,True,False,Standard,Other,Occasional,0.41335714285714287,Mid
1594,61,Male,Dress,Clothing,95,Maryland,M,Black,Spring,4.9,No,2-Day Shipping,Yes,25,Bank Transfer,Monthly,Senior,30,Emerging,True,False,Standard,Other,Frequent,0.7077857142857144,VIP
1595,40,Male,Handbag,Accessories,41,Colorado,XL,Charcoal,Summer,3.7,No,Store Pickup,Yes,3,Cash,Fortnightly,Adult,14,New/Low,True,False,Other,Cash,Frequent,0.21535714285714289,Low
1596,34,Male,Backpack,Accessories,35,Wisconsin,S,Magenta,Spring,3.5,No,Standard,Yes,45,Debit Card,Fortnightly,Adult,14,Heavy,True,False,Standard,Card,Frequent,0.4403571428571429,Mid
1597,42,Male,Jewelry,Accessories,30,Mississippi,S,Pink,Fall,4.7,No,Store Pickup,Yes,15,Debit Card,Monthly,Adult,30,Emerging,True,False,Other,Card,Frequent,0.333,Low
1598,43,Male,Hat,Accessories,21,Mississippi,XL,Maroon,Winter,2.6,No,Store Pickup,Yes,34,Bank Transfer,Quarterly,Adult,90,Established,True,False,Other,Other,Occasional,0.22564285714285712,Low
1599,47,Male,Jewelry,Accessories,85,California,M,Teal,Fall,4.1,No,Express,Yes,21,Venmo,Bi-Weekly,Middle-aged,14,Emerging,True,False,Express,Digital Wallet,Frequent,0.5650714285714287,High
1600,48,Male,Shirt,Clothing,54,Delaware,M,Orange,Winter,2.8,No,2-Day Shipping,Yes,22,Debit Card,Bi-Weekly,Middle-aged,14,Emerging,True,False,Standard,Card,Frequent,0.315,Low
1601,20,Male,Boots,Footwear,26,Montana,S,Yellow,Spring,4.7,No,Next Day Air,Yes,24,PayPal,Weekly,Young Adult,7,Emerging,True,False,Express,Digital Wallet,Very Frequent,0.3728571428571429,Mid
1602,65,Male,Shirt,Clothing,59,Indiana,XL,Red,Spring,2.9,No,Store Pickup,Yes,33,Credit Card,Monthly,Senior,30,Established,True,False,Other,Card,Frequent,0.4172142857142857,Mid
1603,54,Male,Sunglasses,Accessories,48,West Virginia,S,Charcoal,Winter,2.8,No,Free Shipping,Yes,13,Venmo,Fortnightly,Middle-aged,14,Emerging,True,False,Standard,Digital Wallet,Frequent,0.23014285714285712,Low
1604,23,Male,Shorts,Clothing,98,Iowa,L,Black,Summer,4.3,No,Next Day Air,Yes,17,Debit Card,Bi-Weekly,Young Adult,14,Emerging,True,False,Express,Card,Frequent,0.6158571428571428,VIP
1605,18,Male,Sweater,Clothing,92,Maine,M,White,Summer,4.8,No,2-Day Shipping,Yes,25,Credit Card,Every 3 Months,Young Adult,90,Emerging,True,False,Standard,Card,Occasional,0.6852857142857143,VIP
1606,70,Male,Belt,Accessories,46,Connecticut,M,Lavender,Winter,3.4,No,Next Day Air,Yes,15,Credit Card,Bi-Weekly,Senior,14,Emerging,True,False,Express,Card,Frequent,0.288,Low
1607,55,Male,T-shirt,Clothing,21,Kansas,S,White,Spring,4.3,No,Standard,Yes,4,PayPal,Fortnightly,Middle-aged,14,New/Low,True,False,Standard,Digital Wallet,Frequent,0.18578571428571428,Low
1608,49,Male,Shorts,Clothing,72,Vermont,S,Gray,Fall,2.7,No,Free Shipping,Yes,43,Debit Card,Quarterly,Middle-aged,90,Heavy,True,False,Standard,Card,Occasional,0.5220000000000001,High
1609,26,Male,Sandals,Footwear,58,Nebraska,XL,Cyan,Fall,4.6,No,Next Day Air,Yes,12,Bank Transfer,Bi-Weekly,Young Adult,14,Emerging,True,False,Express,Other,Frequent,0.4307142857142857,Mid
1610,33,Male,Shirt,Clothing,93,Nevada,S,Brown,Fall,4.1,No,Standard,Yes,3,Venmo,Monthly,Adult,30,New/Low,True,False,Standard,Digital Wallet,Frequent,0.4853571428571428,High
1611,20,Male,Socks,Clothing,31,Tennessee,L,Purple,Spring,3.4,No,2-Day Shipping,Yes,1,PayPal,Annually,Young Adult,365,New/Low,True,False,Standard,Digital Wallet,Rare,0.13050000000000003,Low
1612,41,Male,Pants,Clothing,26,Arkansas,L,Yellow,Winter,4.5,No,Next Day Air,Yes,6,Debit Card,Monthly,Adult,30,New/Low,True,False,Express,Card,Frequent,0.23914285714285716,Low
1613,18,Male,Skirt,Clothing,68,Wisconsin,M,Indigo,Summer,4.4,No,Standard,Yes,26,Venmo,Monthly,Young Adult,30,Established,True,False,Standard,Digital Wallet,Frequent,0.5477142857142858,High
1614,26,Male,Jewelry,Accessories,31,Illinois,S,Black,Summer,4.0,No,Next Day Air,Yes,6,Credit Card,Fortnightly,Young Adult,14,New/Low,True,False,Express,Card,Frequent,0.21664285714285714,Low
1615,30,Male,T-shirt,Clothing,41,Kansas,S,Gray,Summer,3.4,No,Free Shipping,Yes,22,Cash,Bi-Weekly,Young Adult,14,Emerging,True,False,Standard,Cash,Frequent,0.3105,Low
1616,64,Male,Jewelry,Accessories,62,New York,M,Indigo,Fall,3.2,No,Standard,Yes,45,Cash,Bi-Weekly,Senior,14,Heavy,True,False,Standard,Cash,Frequent,0.5348571428571429,High
1617,26,Male,Hat,Accessories,41,Colorado,M,Green,Spring,3.4,No,Standard,Yes,50,Cash,Quarterly,Young Adult,90,Heavy,True,False,Standard,Cash,Occasional,0.49049999999999994,High
1618,43,Male,Blouse,Clothing,64,Wisconsin,M,Peach,Winter,4.3,No,Standard,Yes,50,Credit Card,Fortnightly,Adult,14,Heavy,True,False,Standard,Card,Frequent,0.675,VIP
1619,63,Male,Sandals,Footwear,72,Michigan,L,Purple,Summer,5.0,No,Standard,Yes,39,Debit Card,Quarterly,Senior,90,Established,True,False,Standard,Card,Occasional,0.7032857142857143,VIP
1620,57,Male,Handbag,Accessories,78,Hawaii,L,Beige,Winter,3.5,No,Store Pickup,Yes,50,Venmo,Bi-Weekly,Middle-aged,14,Heavy,True,False,Other,Digital Wallet,Frequent,0.6659999999999999,VIP
1621,25,Male,Hat,Accessories,47,Virginia,M,Charcoal,Winter,3.1,No,2-Day Shipping,Yes,27,PayPal,Every 3 Months,Young Adult,90,Established,True,False,Standard,Digital Wallet,Occasional,0.34264285714285714,Low
1622,68,Male,Scarf,Accessories,46,Ohio,L,Gray,Summer,3.9,No,2-Day Shipping,Yes,38,Debit Card,Fortnightly,Senior,14,Established,True,False,Standard,Card,Frequent,0.4808571428571428,High
1623,31,Male,Shorts,Clothing,43,Missouri,S,Brown,Winter,4.0,No,Store Pickup,Yes,37,Bank Transfer,Every 3 Months,Young Adult,90,Established,True,False,Other,Other,Occasional,0.4699285714285714,Mid
1624,64,Male,Backpack,Accessories,58,Indiana,M,Cyan,Summer,3.5,No,Next Day Air,Yes,50,Debit Card,Annually,Senior,365,Heavy,True,False,Express,Card,Rare,0.5760000000000001,High
1625,38,Male,Sweater,Clothing,32,Florida,M,White,Winter,3.6,No,Free Shipping,Yes,40,PayPal,Every 3 Months,Adult,90,Established,True,False,Standard,Digital Wallet,Occasional,0.4037142857142857,Mid
1626,34,Male,Skirt,Clothing,45,Minnesota,L,Beige,Winter,3.0,No,Next Day Air,Yes,3,PayPal,Bi-Weekly,Adult,14,New/Low,True,False,Express,Digital Wallet,Frequent,0.17035714285714285,Low
1627,32,Male,Sneakers,Footwear,35,Nevada,L,Orange,Summer,2.6,No,Next Day Air,Yes,45,Credit Card,Bi-Weekly,Adult,14,Heavy,True,False,Express,Card,Frequent,0.3593571428571429,Mid
1628,69,Male,Sunglasses,Accessories,21,Maine,M,Olive,Winter,2.9,No,Next Day Air,Yes,8,Credit Card,Annually,Senior,365,New/Low,True,False,Express,Card,Rare,0.08549999999999999,Low
1629,45,Male,Dress,Clothing,64,Massachusetts,S,Teal,Winter,3.1,No,Next Day Air,Yes,7,Cash,Monthly,Middle-aged,30,New/Low,True,False,Express,Cash,Frequent,0.2905714285714286,Low
1630,35,Male,Blouse,Clothing,88,North Dakota,S,Silver,Spring,3.3,No,Next Day Air,Yes,13,Venmo,Quarterly,Adult,90,Emerging,True,False,Express,Digital Wallet,Occasional,0.4551428571428571,Mid
1631,63,Male,Shoes,Footwear,48,New Jersey,M,Gold,Summer,2.9,No,Store Pickup,Yes,29,Venmo,Every 3 Months,Senior,90,Established,True,False,Other,Digital Wallet,Occasional,0.34199999999999997,Low
1632,65,Male,Sweater,Clothing,36,Indiana,L,Violet,Summer,3.9,No,2-Day Shipping,Yes,7,Bank Transfer,Fortnightly,Senior,14,New/Low,True,False,Standard,Other,Frequent,0.23657142857142857,Low
1633,35,Male,Gloves,Accessories,28,Oregon,S,White,Summer,4.7,No,2-Day Shipping,Yes,50,Debit Card,Every 3 Months,Adult,90,Heavy,True,False,Standard,Card,Occasional,0.5490000000000002,High
1634,54,Male,Socks,Clothing,80,North Dakota,M,Peach,Spring,4.4,No,2-Day Shipping,Yes,33,Debit Card,Bi-Weekly,Middle-aged,14,Established,True,False,Standard,Card,Frequent,0.6467142857142858,VIP
1635,28,Male,Coat,Outerwear,23,South Carolina,S,Orange,Summer,3.6,No,Store Pickup,Yes,30,Cash,Every 3 Months,Young Adult,90,Established,True,False,Other,Cash,Occasional,0.2989285714285715,Low
1636,68,Male,Sunglasses,Accessories,24,North Carolina,L,Violet,Summer,3.2,No,Standard,Yes,40,Cash,Annually,Senior,365,Established,True,False,Standard,Cash,Rare,0.3317142857142857,Low
1637,58,Male,Boots,Footwear,22,North Dakota,L,Green,Fall,4.0,No,Free Shipping,Yes,49,Cash,Fortnightly,Senior,14,Heavy,True,False,Standard,Cash,Frequent,0.4525714285714285,Mid
1638,35,Male,Dress,Clothing,21,Massachusetts,M,Peach,Spring,3.5,No,Next Day Air,Yes,32,Venmo,Fortnightly,Adult,14,Established,True,False,Express,Digital Wallet,Frequent,0.29378571428571426,Low
1639,68,Male,Jacket,Outerwear,51,Tennessee,M,Black,Spring,4.6,No,Free Shipping,Yes,18,Venmo,Weekly,Senior,7,Emerging,True,False,Standard,Digital Wallet,Very Frequent,0.4377857142857143,Mid
1640,41,Male,Gloves,Accessories,65,Missouri,L,Blue,Summer,3.3,No,Free Shipping,Yes,50,PayPal,Annually,Adult,365,Heavy,True,False,Standard,Digital Wallet,Rare,0.5894999999999999,High
1641,65,Male,Scarf,Accessories,51,Tennessee,S,Magenta,Spring,4.0,No,2-Day Shipping,Yes,13,PayPal,Weekly,Senior,7,Emerging,True,False,Standard,Digital Wallet,Very Frequent,0.35164285714285715,Low
1642,50,Male,Hoodie,Clothing,32,Colorado,L,Violet,Summer,3.4,No,Free Shipping,Yes,1,Bank Transfer,Every 3 Months,Middle-aged,90,New/Low,True,False,Standard,Other,Occasional,0.135,Low
1643,18,Male,Coat,Outerwear,70,Mississippi,M,Beige,Spring,4.2,No,Store Pickup,Yes,16,PayPal,Fortnightly,Young Adult,14,Emerging,True,False,Other,Digital Wallet,Frequent,0.4744285714285714,High
1644,38,Male,Scarf,Accessories,77,Ohio,L,Pink,Summer,3.9,No,2-Day Shipping,Yes,6,PayPal,Monthly,Adult,30,New/Low,True,False,Standard,Digital Wallet,Frequent,0.4146428571428572,Mid
1645,68,Male,Coat,Outerwear,90,North Carolina,S,Beige,Summer,3.9,No,Next Day Air,Yes,21,Debit Card,Monthly,Senior,30,Emerging,True,False,Express,Card,Frequent,0.5695714285714286,High
1646,53,Male,Scarf,Accessories,36,Ohio,L,Green,Summer,2.8,No,Standard,Yes,36,Venmo,Every 3 Months,Middle-aged,90,Established,True,False,Standard,Digital Wallet,Occasional,0.324,Low
1647,58,Male,Handbag,Accessories,77,Nebraska,S,Silver,Summer,3.7,No,Standard,Yes,20,Bank Transfer,Every 3 Months,Senior,90,Emerging,True,False,Standard,Other,Occasional,0.48664285714285715,High
1648,34,Male,Boots,Footwear,78,Hawaii,M,Purple,Summer,4.9,No,Store Pickup,Yes,8,Debit Card,Quarterly,Adult,90,New/Low,True,False,Other,Card,Occasional,0.5220000000000001,High
1649,36,Male,Pants,Clothing,69,Oklahoma,M,Gray,Summer,2.6,No,Express,Yes,22,Credit Card,Monthly,Adult,30,Emerging,True,False,Express,Card,Frequent,0.36450000000000005,Mid
1650,58,Male,T-shirt,Clothing,63,Wisconsin,M,White,Summer,4.9,No,Free Shipping,Yes,3,Credit Card,Quarterly,Senior,90,New/Low,True,False,Standard,Card,Occasional,0.4223571428571429,Mid
1651,60,Male,Scarf,Accessories,36,Arkansas,M,Silver,Winter,3.4,No,Next Day Air,Yes,46,Credit Card,Fortnightly,Senior,14,Heavy,True,False,Express,Card,Frequent,0.4422857142857143,Mid
1652,59,Male,Coat,Outerwear,80,Texas,M,Blue,Winter,3.9,No,Standard,Yes,42,Debit Card,Monthly,Senior,30,Heavy,True,False,Standard,Card,Frequent,0.6595714285714287,VIP
1653,65,Male,Sweater,Clothing,35,New Mexico,M,Orange,Summer,4.0,No,Next Day Air,Yes,1,Bank Transfer,Fortnightly,Senior,14,New/Low,True,False,Express,Other,Frequent,0.2025,Low
1654,31,Male,Belt,Accessories,93,Colorado,L,Silver,Winter,3.0,No,2-Day Shipping,Yes,29,Debit Card,Bi-Weekly,Young Adult,14,Established,True,False,Standard,Card,Frequent,0.5535,High
1655,43,Male,Belt,Accessories,25,Indiana,L,Gray,Spring,2.6,No,Store Pickup,Yes,14,Credit Card,Quarterly,Adult,90,Emerging,True,False,Other,Card,Occasional,0.11507142857142857,Low
1656,37,Male,Sweater,Clothing,81,Arizona,L,Gold,Spring,3.2,No,Next Day Air,Yes,4,PayPal,Monthly,Adult,30,New/Low,True,False,Express,Digital Wallet,Frequent,0.35678571428571426,Mid
1657,21,Male,Blouse,Clothing,42,Indiana,L,Brown,Spring,2.6,No,2-Day Shipping,Yes,41,PayPal,Every 3 Months,Young Adult,90,Heavy,True,False,Standard,Digital Wallet,Occasional,0.36514285714285716,Mid
1658,69,Male,Skirt,Clothing,36,Indiana,L,Turquoise,Spring,3.2,No,Store Pickup,Yes,4,Debit Card,Bi-Weekly,Senior,14,New/Low,True,False,Other,Card,Frequent,0.1542857142857143,Low
1659,32,Male,Jewelry,Accessories,66,Alaska,S,Pink,Spring,4.1,No,Store Pickup,Yes,47,Cash,Weekly,Adult,7,Heavy,True,False,Other,Cash,Very Frequent,0.6467142857142856,VIP
1660,53,Male,Gloves,Accessories,37,Utah,M,Black,Fall,3.9,No,Next Day Air,Yes,44,Venmo,Annually,Middle-aged,365,Heavy,True,False,Express,Digital Wallet,Rare,0.4789285714285714,High
1661,59,Male,T-shirt,Clothing,45,Louisiana,L,Yellow,Winter,4.1,No,Standard,Yes,37,Venmo,Monthly,Senior,30,Established,True,False,Standard,Digital Wallet,Frequent,0.4879285714285713,High
1662,64,Male,Gloves,Accessories,86,Iowa,S,Beige,Summer,2.7,No,2-Day Shipping,Yes,21,Debit Card,Quarterly,Senior,90,Emerging,True,False,Standard,Card,Occasional,0.4435714285714286,Mid
1663,63,Male,Sunglasses,Accessories,24,New Mexico,M,Olive,Winter,4.6,No,Free Shipping,Yes,46,Debit Card,Fortnightly,Senior,14,Heavy,True,False,Standard,Card,Frequent,0.4962857142857143,High
1664,43,Male,Shirt,Clothing,22,Maine,XL,Gold,Summer,3.5,No,Standard,Yes,1,Cash,Bi-Weekly,Adult,14,New/Low,True,False,Standard,Cash,Frequent,0.09900000000000002,Low
1665,19,Male,Handbag,Accessories,53,Minnesota,M,Purple,Spring,5.0,No,Next Day Air,Yes,35,PayPal,Weekly,Young Adult,7,Established,True,False,Express,Digital Wallet,Very Frequent,0.5920714285714286,High
1666,40,Male,Jacket,Outerwear,41,New Mexico,L,Pink,Fall,3.4,No,Next Day Air,Yes,49,Venmo,Monthly,Adult,30,Heavy,True,False,Express,Digital Wallet,Frequent,0.48407142857142854,High
1667,51,Male,Skirt,Clothing,64,Arkansas,M,Blue,Summer,3.1,No,Store Pickup,Yes,47,PayPal,Annually,Middle-aged,365,Heavy,True,False,Other,Digital Wallet,Rare,0.5477142857142858,High
1668,51,Male,Handbag,Accessories,40,Oklahoma,L,Brown,Winter,3.4,No,2-Day Shipping,Yes,24,Bank Transfer,Every 3 Months,Middle-aged,90,Emerging,True,False,Standard,Other,Occasional,0.3188571428571429,Low
1669,66,Male,Blouse,Clothing,33,Utah,L,Charcoal,Summer,4.0,No,Standard,Yes,28,Debit Card,Fortnightly,Senior,14,Established,True,False,Standard,Card,Frequent,0.36707142857142855,Mid
1670,42,Male,T-shirt,Clothing,59,Wisconsin,L,Maroon,Winter,2.7,No,Store Pickup,Yes,22,Bank Transfer,Quarterly,Adult,90,Emerging,True,False,Other,Other,Occasional,0.3285,Low
1671,22,Male,Pants,Clothing,73,Utah,L,Cyan,Fall,3.6,No,Free Shipping,Yes,20,Cash,Weekly,Young Adult,7,Emerging,True,False,Standard,Cash,Very Frequent,0.45964285714285713,Mid
1672,31,Male,Hoodie,Clothing,22,Utah,M,Olive,Winter,4.0,No,Free Shipping,Yes,25,Bank Transfer,Weekly,Young Adult,7,Emerging,True,False,Standard,Other,Very Frequent,0.29828571428571427,Low
1673,18,Male,Boots,Footwear,73,South Carolina,L,Gold,Fall,3.8,No,Free Shipping,Yes,15,Venmo,Quarterly,Young Adult,90,Emerging,True,False,Standard,Digital Wallet,Occasional,0.4455,Mid
1674,21,Male,Blouse,Clothing,62,Hawaii,M,Violet,Fall,3.4,No,Next Day Air,Yes,49,Venmo,Bi-Weekly,Young Adult,14,Heavy,True,False,Express,Digital Wallet,Frequent,0.5785714285714285,High
1675,35,Male,Coat,Outerwear,56,Alaska,M,Peach,Winter,3.2,No,Free Shipping,Yes,10,Debit Card,Fortnightly,Adult,14,New/Low,True,False,Standard,Card,Frequent,0.2828571428571429,Low
1676,35,Male,Pants,Clothing,90,Colorado,M,Beige,Spring,4.7,No,Next Day Air,Yes,21,Credit Card,Annually,Adult,365,Emerging,True,False,Express,Card,Rare,0.6415714285714286,VIP
1677,27,Male,Sunglasses,Accessories,44,West Virginia,M,Cyan,Winter,3.1,No,Next Day Air,Yes,34,Bank Transfer,Weekly,Young Adult,7,Established,True,False,Express,Other,Very Frequent,0.3741428571428571,Mid
1678,65,Male,Jeans,Clothing,35,Oregon,L,Silver,Summer,3.3,No,Next Day Air,No,41,Debit Card,Weekly,Senior,7,Heavy,False,False,Express,Card,Very Frequent,0.4407142857142857,Mid
1679,41,Male,Pants,Clothing,71,Ohio,S,Magenta,Summer,4.8,No,2-Day Shipping,No,30,Venmo,Fortnightly,Adult,14,Established,False,False,Standard,Digital Wallet,Frequent,0.6921428571428572,VIP
1680,60,Male,Dress,Clothing,52,Massachusetts,S,Black,Fall,4.5,No,Next Day Air,No,24,Debit Card,Bi-Weekly,Senior,14,Emerging,False,False,Express,Card,Frequent,0.5242857142857142,High
1681,61,Male,Shoes,Footwear,37,Louisiana,M,Olive,Summer,3.4,No,Store Pickup,No,6,Credit Card,Annually,Senior,365,New/Low,False,False,Other,Card,Rare,0.21071428571428572,Low
1682,24,Male,Sneakers,Footwear,95,Virginia,L,Green,Winter,3.7,No,2-Day Shipping,No,14,Credit Card,Bi-Weekly,Young Adult,14,Emerging,False,False,Standard,Card,Frequent,0.5878571428571429,High
1683,65,Male,Socks,Clothing,97,New York,M,Yellow,Fall,4.9,No,2-Day Shipping,No,37,Credit Card,Bi-Weekly,Senior,14,Established,False,False,Standard,Card,Frequent,0.8821428571428571,VIP
1684,23,Male,Coat,Outerwear,57,Arkansas,S,Lavender,Spring,3.5,No,Next Day Air,No,37,Venmo,Quarterly,Young Adult,90,Established,False,False,Express,Digital Wallet,Occasional,0.5421428571428571,High
1685,30,Male,Shirt,Clothing,93,New Mexico,M,Indigo,Spring,4.6,No,Standard,No,28,PayPal,Weekly,Young Adult,7,Established,False,False,Standard,Digital Wallet,Very Frequent,0.7678571428571428,VIP
1686,33,Male,Blouse,Clothing,48,Minnesota,M,Pink,Winter,4.6,No,Standard,No,43,PayPal,Bi-Weekly,Adult,14,Heavy,False,False,Standard,Digital Wallet,Frequent,0.6499999999999999,VIP
1687,22,Male,Gloves,Accessories,75,Illinois,L,Red,Fall,4.2,No,Store Pickup,No,25,Cash,Annually,Young Adult,365,Emerging,False,False,Other,Cash,Rare,0.6164285714285714,VIP
1688,67,Male,Skirt,Clothing,70,Georgia,S,Magenta,Winter,3.7,No,Free Shipping,No,4,PayPal,Annually,Senior,365,New/Low,False,False,Standard,Digital Wallet,Rare,0.39142857142857146,Mid
1689,28,Male,Handbag,Accessories,26,Mississippi,S,Peach,Winter,3.0,No,Next Day Air,No,13,Venmo,Fortnightly,Young Adult,14,Emerging,False,False,Express,Digital Wallet,Frequent,0.1657142857142857,Low
1690,32,Male,Shirt,Clothing,73,North Carolina,L,Turquoise,Winter,4.6,No,Store Pickup,No,32,Bank Transfer,Monthly,Adult,30,Established,False,False,Other,Other,Frequent,0.6964285714285714,VIP
1691,40,Male,Coat,Outerwear,30,Nevada,M,Black,Summer,3.2,No,Free Shipping,No,1,Cash,Annually,Adult,365,New/Low,False,False,Standard,Cash,Rare,0.12000000000000002,Low
1692,64,Male,Shoes,Footwear,61,Connecticut,L,Blue,Summer,3.5,No,Next Day Air,No,4,Cash,Annually,Senior,365,New/Low,False,False,Express,Cash,Rare,0.3264285714285714,Low
1693,56,Male,Handbag,Accessories,75,Utah,M,Beige,Winter,2.6,No,Standard,No,33,Cash,Bi-Weekly,Middle-aged,14,Established,False,False,Standard,Cash,Frequent,0.5135714285714286,High
1694,63,Male,Jacket,Outerwear,88,Tennessee,XL,Olive,Fall,4.9,No,Standard,No,45,Bank Transfer,Fortnightly,Senior,14,Heavy,False,False,Standard,Other,Frequent,0.8942857142857144,VIP
1695,20,Male,Shirt,Clothing,67,Mississippi,M,Turquoise,Summer,2.7,No,Express,No,20,Debit Card,Fortnightly,Young Adult,14,Emerging,False,False,Express,Card,Frequent,0.39071428571428574,Mid
1696,54,Male,Hat,Accessories,95,Nebraska,S,Yellow,Fall,4.7,No,2-Day Shipping,No,1,PayPal,Fortnightly,Middle-aged,14,New/Low,False,False,Standard,Digital Wallet,Frequent,0.595,VIP
1697,31,Male,Sunglasses,Accessories,69,West Virginia,S,Turquoise,Spring,4.0,No,Free Shipping,No,7,Credit Card,Bi-Weekly,Young Adult,14,New/Low,False,False,Standard,Card,Frequent,0.43785714285714283,Mid
1698,36,Male,Shirt,Clothing,87,South Carolina,L,Lavender,Fall,3.5,No,Next Day Air,No,48,Credit Card,Every 3 Months,Adult,90,Heavy,False,False,Express,Card,Occasional,0.7707142857142857,VIP
1699,25,Male,Belt,Accessories,41,Iowa,XL,Turquoise,Winter,4.8,No,Standard,No,46,Bank Transfer,Quarterly,Young Adult,90,Heavy,False,False,Standard,Other,Occasional,0.6564285714285714,VIP
1700,20,Male,Sweater,Clothing,67,North Dakota,L,Teal,Spring,4.0,No,Free Shipping,No,34,Debit Card,Annually,Young Adult,365,Established,False,False,Standard,Card,Rare,0.6207142857142857,VIP
1701,62,Male,Hoodie,Clothing,70,West Virginia,L,Black,Fall,4.1,No,Express,No,36,Bank Transfer,Monthly,Senior,30,Established,False,False,Express,Other,Frequent,0.6599999999999999,VIP
1702,69,Male,Handbag,Accessories,41,Mississippi,XL,Blue,Winter,3.8,No,Next Day Air,No,44,Debit Card,Every 3 Months,Senior,90,Heavy,False,False,Express,Card,Occasional,0.5421428571428571,High
1703,54,Male,Jeans,Clothing,83,Alabama,XL,Yellow,Summer,5.0,No,Express,No,48,Bank Transfer,Weekly,Middle-aged,7,Heavy,False,False,Express,Other,Very Frequent,0.9007142857142857,VIP
1704,39,Male,Backpack,Accessories,22,California,M,Black,Spring,4.0,No,Next Day Air,No,12,Bank Transfer,Annually,Adult,365,Emerging,False,False,Express,Other,Rare,0.23857142857142857,Low
1705,56,Male,Sneakers,Footwear,20,Idaho,M,Lavender,Summer,3.9,No,Store Pickup,No,19,Cash,Every 3 Months,Middle-aged,90,Emerging,False,False,Other,Cash,Occasional,0.26857142857142857,Low
1706,39,Male,Jewelry,Accessories,29,South Dakota,L,Cyan,Summer,3.4,No,2-Day Shipping,No,49,Venmo,Bi-Weekly,Adult,14,Heavy,False,False,Standard,Digital Wallet,Frequent,0.47785714285714276,High
1707,37,Male,Sunglasses,Accessories,87,North Dakota,M,Brown,Spring,3.0,No,Standard,No,25,Venmo,Fortnightly,Adult,14,Emerging,False,False,Standard,Digital Wallet,Frequent,0.5564285714285715,High
1708,25,Male,Shorts,Clothing,81,Nevada,L,Maroon,Fall,4.9,No,2-Day Shipping,No,25,Cash,Bi-Weekly,Young Adult,14,Emerging,False,False,Standard,Cash,Frequent,0.7164285714285714,VIP
1709,35,Male,Boots,Footwear,58,Florida,L,Cyan,Spring,3.2,No,Express,No,1,Credit Card,Quarterly,Adult,90,New/Low,False,False,Express,Card,Occasional,0.26,Low
1710,45,Male,Skirt,Clothing,83,Indiana,M,Pink,Winter,3.8,No,Standard,No,19,Bank Transfer,Annually,Middle-aged,365,Emerging,False,False,Standard,Other,Rare,0.5735714285714285,High
1711,19,Male,Pants,Clothing,59,Arkansas,XL,Orange,Fall,3.8,No,Store Pickup,No,7,Credit Card,Quarterly,Young Adult,90,New/Low,False,False,Other,Card,Occasional,0.3678571428571428,Mid
1712,21,Male,T-shirt,Clothing,93,North Carolina,M,Lavender,Spring,4.7,No,Express,No,19,Credit Card,Monthly,Young Adult,30,Emerging,False,False,Express,Card,Frequent,0.7135714285714285,VIP
1713,65,Male,T-shirt,Clothing,87,Illinois,S,Beige,Fall,3.8,No,2-Day Shipping,No,9,Cash,Fortnightly,Senior,14,New/Low,False,False,Standard,Cash,Frequent,0.5221428571428571,High
1714,49,Male,Jacket,Outerwear,22,Missouri,M,Pink,Winter,4.6,No,Free Shipping,No,37,PayPal,Quarterly,Middle-aged,90,Established,False,False,Standard,Digital Wallet,Occasional,0.4771428571428571,High
1715,30,Male,Jeans,Clothing,71,South Dakota,S,Charcoal,Summer,4.4,No,Standard,No,15,Cash,Monthly,Young Adult,30,Emerging,False,False,Standard,Cash,Frequent,0.545,High
1716,23,Male,Dress,Clothing,69,Idaho,XL,Gray,Spring,3.4,No,2-Day Shipping,No,30,PayPal,Bi-Weekly,Young Adult,14,Established,False,False,Standard,Digital Wallet,Frequent,0.5421428571428571,High
1717,69,Male,Blouse,Clothing,47,Connecticut,M,Cyan,Winter,4.7,No,Standard,No,30,Cash,Every 3 Months,Senior,90,Established,False,False,Standard,Cash,Occasional,0.5621428571428572,High
1718,29,Male,Hoodie,Clothing,50,Hawaii,L,Orange,Summer,2.9,No,Express,No,16,Debit Card,Bi-Weekly,Young Adult,14,Emerging,False,False,Express,Card,Frequent,0.29714285714285715,Low
1719,54,Male,T-shirt,Clothing,96,Maryland,L,Pink,Winter,3.4,No,2-Day Shipping,No,14,PayPal,Every 3 Months,Middle-aged,90,Emerging,False,False,Standard,Digital Wallet,Occasional,0.5628571428571428,High
1720,45,Male,Sweater,Clothing,39,Maryland,M,White,Winter,3.2,No,Free Shipping,No,8,Venmo,Quarterly,Middle-aged,90,New/Low,False,False,Standard,Digital Wallet,Occasional,0.21500000000000002,Low
1721,25,Male,Shorts,Clothing,84,Massachusetts,S,Beige,Winter,2.8,No,Express,No,40,Debit Card,Bi-Weekly,Young Adult,14,Established,False,False,Express,Card,Frequent,0.6285714285714286,VIP
1722,34,Male,Jewelry,Accessories,28,Delaware,S,Magenta,Spring,4.3,No,Free Shipping,No,24,Credit Card,Monthly,Adult,30,Emerging,False,False,Standard,Card,Frequent,0.3842857142857143,Mid
1723,46,Male,T-shirt,Clothing,51,Massachusetts,L,Violet,Summer,3.3,No,Standard,No,14,Cash,Fortnightly,Middle-aged,14,Emerging,False,False,Standard,Cash,Frequent,0.32785714285714285,Low
1724,70,Male,Scarf,Accessories,20,New York,XL,Gold,Spring,3.3,No,Standard,No,39,PayPal,Annually,Senior,365,Established,False,False,Standard,Digital Wallet,Rare,0.3514285714285714,Low
1725,42,Male,Shoes,Footwear,72,Delaware,S,Teal,Winter,3.3,No,Free Shipping,No,21,PayPal,Weekly,Adult,7,Emerging,False,False,Standard,Digital Wallet,Very Frequent,0.4828571428571429,High
1726,45,Male,Sunglasses,Accessories,33,Massachusetts,M,Indigo,Spring,3.0,No,Next Day Air,No,32,Venmo,Quarterly,Middle-aged,90,Established,False,False,Express,Digital Wallet,Occasional,0.3364285714285714,Low
1727,57,Male,Coat,Outerwear,28,Indiana,S,Olive,Summer,2.8,No,Express,No,45,Debit Card,Weekly,Middle-aged,7,Heavy,False,False,Express,Card,Very Frequent,0.3842857142857143,Mid
1728,49,Male,Blouse,Clothing,53,Virginia,S,Violet,Spring,4.0,No,Express,No,19,PayPal,Monthly,Middle-aged,30,Emerging,False,False,Express,Digital Wallet,Frequent,0.4435714285714286,Mid
1729,23,Male,Jeans,Clothing,48,Wyoming,L,Black,Fall,4.3,No,Express,No,1,Debit Card,Every 3 Months,Young Adult,90,New/Low,False,False,Express,Card,Occasional,0.31999999999999995,Low
1730,47,Male,Shorts,Clothing,21,Illinois,M,Brown,Winter,3.8,No,Store Pickup,No,12,Venmo,Fortnightly,Middle-aged,14,Emerging,False,False,Other,Digital Wallet,Frequent,0.21357142857142855,Low
1731,23,Male,Shirt,Clothing,22,Alabama,S,Silver,Fall,4.2,No,Free Shipping,No,26,Credit Card,Weekly,Young Adult,7,Established,False,False,Standard,Card,Very Frequent,0.3585714285714286,Mid
1732,21,Male,Backpack,Accessories,87,Idaho,M,Gray,Fall,3.1,No,Next Day Air,No,12,Cash,Monthly,Young Adult,30,Emerging,False,False,Express,Cash,Frequent,0.4735714285714286,High
1733,45,Male,Belt,Accessories,50,Rhode Island,S,Charcoal,Winter,2.6,No,Free Shipping,No,36,Cash,Every 3 Months,Middle-aged,90,Established,False,False,Standard,Cash,Occasional,0.41000000000000003,Mid
1734,67,Male,Blouse,Clothing,85,New York,L,Black,Summer,3.4,No,Express,No,22,Credit Card,Annually,Senior,365,Emerging,False,False,Express,Card,Rare,0.565,High
1735,31,Male,Jeans,Clothing,98,Missouri,L,Brown,Spring,3.1,No,Next Day Air,No,16,PayPal,Quarterly,Young Adult,90,Emerging,False,False,Express,Digital Wallet,Occasional,0.5571428571428572,High
1736,58,Male,Dress,Clothing,34,Texas,M,Purple,Winter,3.6,No,Express,No,31,Venmo,Annually,Senior,365,Established,False,False,Express,Digital Wallet,Rare,0.39428571428571424,Mid
1737,57,Male,Shorts,Clothing,61,Tennessee,M,Purple,Summer,2.6,No,2-Day Shipping,No,43,Cash,Quarterly,Middle-aged,90,Heavy,False,False,Standard,Cash,Occasional,0.515,High
1738,42,Male,Jewelry,Accessories,98,Ohio,L,Gray,Summer,4.2,No,Store Pickup,No,50,Venmo,Bi-Weekly,Adult,14,Heavy,False,False,Other,Digital Wallet,Frequent,0.91,VIP
1739,60,Male,Handbag,Accessories,61,Tennessee,M,Green,Spring,2.9,No,2-Day Shipping,No,37,Credit Card,Weekly,Senior,7,Established,False,False,Standard,Card,Very Frequent,0.5021428571428571,High
1740,21,Male,Jewelry,Accessories,98,Minnesota,L,Silver,Winter,4.2,No,Express,No,23,Cash,Weekly,Young Adult,7,Emerging,False,False,Express,Cash,Very Frequent,0.7171428571428572,VIP
1741,69,Male,Pants,Clothing,21,Wisconsin,L,Charcoal,Fall,3.3,No,Next Day Air,No,10,Bank Transfer,Every 3 Months,Senior,90,New/Low,False,False,Express,Other,Occasional,0.14928571428571427,Low
1742,41,Male,Pants,Clothing,51,Delaware,XL,Teal,Winter,3.6,No,Next Day Air,No,20,Bank Transfer,Monthly,Adult,30,Emerging,False,False,Express,Other,Frequent,0.4007142857142857,Mid
1743,51,Male,Sandals,Footwear,80,Kansas,XL,White,Spring,4.3,No,Express,No,18,Venmo,Every 3 Months,Middle-aged,90,Emerging,False,False,Express,Digital Wallet,Occasional,0.6014285714285714,VIP
1744,23,Male,Skirt,Clothing,72,Missouri,XL,Brown,Winter,3.3,No,Standard,No,3,Bank Transfer,Weekly,Young Adult,7,New/Low,False,False,Standard,Other,Very Frequent,0.3542857142857143,Low
1745,57,Male,Sunglasses,Accessories,63,Michigan,L,Teal,Winter,3.0,No,Standard,No,23,PayPal,Weekly,Middle-aged,7,Emerging,False,False,Standard,Digital Wallet,Very Frequent,0.4221428571428571,Mid
1746,40,Male,Skirt,Clothing,27,West Virginia,L,Red,Winter,3.6,No,Store Pickup,No,27,Cash,Weekly,Adult,7,Established,False,False,Other,Cash,Very Frequent,0.33071428571428574,Low
1747,65,Male,Handbag,Accessories,44,Alabama,L,Brown,Summer,3.1,No,Store Pickup,No,44,Bank Transfer,Fortnightly,Senior,14,Heavy,False,False,Other,Other,Frequent,0.4871428571428571,High
1748,61,Male,Coat,Outerwear,23,New Hampshire,M,Yellow,Winter,2.9,No,Express,No,41,Venmo,Quarterly,Senior,90,Heavy,False,False,Express,Digital Wallet,Occasional,0.3407142857142857,Low
1749,34,Male,Skirt,Clothing,93,Montana,L,Teal,Winter,3.9,No,2-Day Shipping,No,41,Bank Transfer,Annually,Adult,365,Heavy,False,False,Standard,Other,Rare,0.7907142857142857,VIP
1750,43,Male,Hoodie,Clothing,70,Wyoming,L,Pink,Fall,3.2,No,2-Day Shipping,No,36,Debit Card,Every 3 Months,Adult,90,Established,False,False,Standard,Card,Occasional,0.5700000000000001,High
1751,31,Male,Sunglasses,Accessories,85,Missouri,M,White,Fall,3.1,No,Express,No,38,Venmo,Every 3 Months,Young Adult,90,Established,False,False,Express,Digital Wallet,Occasional,0.6492857142857142,VIP
1752,57,Male,Sweater,Clothing,40,Ohio,M,Silver,Winter,3.2,No,2-Day Shipping,No,34,Cash,Annually,Middle-aged,365,Established,False,False,Standard,Cash,Rare,0.4057142857142857,Mid
1753,34,Male,Boots,Footwear,29,South Dakota,L,Blue,Winter,3.3,No,Store Pickup,No,14,Venmo,Quarterly,Adult,90,Emerging,False,False,Other,Digital Wallet,Occasional,0.21785714285714286,Low
1754,25,Male,Skirt,Clothing,27,Colorado,L,Black,Fall,4.8,No,Next Day Air,No,23,Credit Card,Fortnightly,Young Adult,14,Emerging,False,False,Express,Card,Frequent,0.42214285714285715,Mid
1755,66,Male,Dress,Clothing,93,Massachusetts,S,Beige,Fall,3.8,No,2-Day Shipping,No,18,Credit Card,Fortnightly,Senior,14,Emerging,False,False,Standard,Card,Frequent,0.6164285714285714,VIP
1756,56,Male,Belt,Accessories,20,Delaware,XL,Charcoal,Spring,4.6,No,Next Day Air,No,45,Cash,Monthly,Middle-aged,30,Heavy,False,False,Express,Cash,Frequent,0.5242857142857142,High
1757,49,Male,Jewelry,Accessories,55,New Hampshire,S,Cyan,Fall,2.8,No,Free Shipping,No,14,Bank Transfer,Weekly,Middle-aged,7,Emerging,False,False,Standard,Other,Very Frequent,0.2978571428571429,Low
1758,19,Male,Dress,Clothing,94,Michigan,L,Yellow,Fall,3.6,No,Standard,No,48,Debit Card,Annually,Young Adult,365,Heavy,False,False,Standard,Card,Rare,0.8157142857142857,VIP
1759,27,Male,Hat,Accessories,56,Pennsylvania,M,Silver,Winter,4.3,No,Free Shipping,No,17,Venmo,Bi-Weekly,Young Adult,14,Emerging,False,False,Standard,Digital Wallet,Frequent,0.47428571428571425,High
1760,68,Male,Sweater,Clothing,58,Louisiana,L,Green,Spring,4.0,No,Next Day Air,No,1,PayPal,Weekly,Senior,7,New/Low,False,False,Express,Digital Wallet,Very Frequent,0.33999999999999997,Low
1761,20,Male,Skirt,Clothing,44,Minnesota,XL,Peach,Spring,3.5,No,Standard,No,39,PayPal,Weekly,Young Adult,7,Established,False,False,Standard,Digital Wallet,Very Frequent,0.49142857142857144,High
1762,21,Male,Hoodie,Clothing,95,Hawaii,S,Green,Fall,4.9,No,2-Day Shipping,No,24,Cash,Weekly,Young Adult,7,Emerging,False,False,Standard,Cash,Very Frequent,0.7792857142857144,VIP
1763,36,Male,Sandals,Footwear,42,Idaho,M,Brown,Summer,3.1,No,Express,No,41,Bank Transfer,Fortnightly,Adult,14,Heavy,False,False,Express,Other,Frequent,0.4557142857142857,Mid
1764,37,Male,Jewelry,Accessories,93,Vermont,M,Lavender,Winter,3.9,No,Store Pickup,No,28,PayPal,Annually,Adult,365,Established,False,False,Other,Digital Wallet,Rare,0.6978571428571428,VIP
1765,61,Male,Dress,Clothing,56,Delaware,M,Charcoal,Summer,3.0,No,Store Pickup,No,34,Venmo,Quarterly,Senior,90,Established,False,False,Other,Digital Wallet,Occasional,0.4657142857142857,Mid
1766,68,Male,Hoodie,Clothing,88,New Mexico,M,Orange,Spring,4.1,No,2-Day Shipping,No,41,Venmo,Quarterly,Senior,90,Heavy,False,False,Standard,Digital Wallet,Occasional,0.7857142857142856,VIP
1767,60,Male,Sweater,Clothing,54,Alaska,S,Cyan,Winter,4.3,No,2-Day Shipping,No,27,Cash,Bi-Weekly,Senior,14,Established,False,False,Standard,Cash,Frequent,0.5357142857142858,High
1768,69,Male,Jewelry,Accessories,89,Minnesota,L,Lavender,Fall,3.8,No,2-Day Shipping,No,46,Debit Card,Fortnightly,Senior,14,Heavy,False,False,Standard,Card,Frequent,0.7964285714285714,VIP
1769,25,Male,Sandals,Footwear,45,Nebraska,M,Indigo,Summer,3.9,No,2-Day Shipping,No,2,PayPal,Every 3 Months,Young Adult,90,New/Low,False,False,Standard,Digital Wallet,Occasional,0.27214285714285713,Low
1770,32,Male,Socks,Clothing,75,Alaska,L,Brown,Winter,4.3,No,Free Shipping,No,45,Cash,Monthly,Adult,30,Heavy,False,False,Standard,Cash,Frequent,0.7692857142857144,VIP
1771,53,Male,Backpack,Accessories,22,Michigan,M,Pink,Fall,4.3,No,Express,No,34,Bank Transfer,Weekly,Middle-aged,7,Established,False,False,Express,Other,Very Frequent,0.4257142857142857,Mid
1772,46,Male,Shirt,Clothing,82,Indiana,XL,Turquoise,Fall,4.7,No,Store Pickup,No,9,Credit Card,Annually,Middle-aged,365,New/Low,False,False,Other,Card,Rare,0.5871428571428572,High
1773,58,Male,Shoes,Footwear,34,Hawaii,M,Gold,Summer,3.1,No,2-Day Shipping,No,1,Bank Transfer,Annually,Senior,365,New/Low,False,False,Standard,Other,Rare,0.13,Low
1774,21,Male,Coat,Outerwear,92,West Virginia,M,Blue,Summer,2.7,No,Free Shipping,No,17,PayPal,Annually,Young Adult,365,Emerging,False,False,Standard,Digital Wallet,Rare,0.49428571428571433,High
1775,46,Male,Sweater,Clothing,78,New York,M,Lavender,Spring,3.7,No,Express,No,6,PayPal,Weekly,Middle-aged,7,New/Low,False,False,Express,Digital Wallet,Very Frequent,0.44571428571428573,Mid
1776,18,Male,Jacket,Outerwear,47,Iowa,M,Violet,Spring,3.3,No,2-Day Shipping,No,12,Cash,Bi-Weekly,Young Adult,14,Emerging,False,False,Standard,Cash,Frequent,0.2935714285714286,Low
1777,56,Male,Jacket,Outerwear,64,Arizona,L,Cyan,Summer,3.4,No,Free Shipping,No,10,Venmo,Every 3 Months,Middle-aged,90,New/Low,False,False,Standard,Digital Wallet,Occasional,0.37428571428571433,Mid
1778,18,Male,Sneakers,Footwear,44,Minnesota,L,Purple,Winter,4.7,No,Free Shipping,No,4,Cash,Fortnightly,Young Adult,14,New/Low,False,False,Standard,Cash,Frequent,0.36142857142857143,Mid
1779,49,Male,Belt,Accessories,94,Texas,M,Red,Winter,4.9,No,Store Pickup,No,8,Debit Card,Bi-Weekly,Middle-aged,14,New/Low,False,False,Other,Card,Frequent,0.6600000000000001,VIP
1780,29,Male,Scarf,Accessories,62,Virginia,M,Charcoal,Winter,4.3,No,Free Shipping,No,41,Venmo,Weekly,Young Adult,7,Heavy,False,False,Standard,Digital Wallet,Very Frequent,0.6757142857142857,VIP
1781,67,Male,Jewelry,Accessories,81,North Dakota,S,Gray,Summer,4.2,No,Next Day Air,No,49,Credit Card,Weekly,Senior,7,Heavy,False,False,Express,Card,Very Frequent,0.8178571428571428,VIP
1782,31,Male,T-shirt,Clothing,33,Iowa,M,Pink,Fall,3.7,No,Express,No,49,Bank Transfer,Quarterly,Young Adult,90,Heavy,False,False,Express,Other,Occasional,0.5278571428571428,High
1783,52,Male,Pants,Clothing,88,Utah,M,Lavender,Fall,2.7,No,Next Day Air,No,40,Bank Transfer,Fortnightly,Middle-aged,14,Established,False,False,Express,Other,Frequent,0.6385714285714286,VIP
1784,42,Male,Handbag,Accessories,49,Ohio,L,Lavender,Winter,3.3,No,Free Shipping,No,30,Credit Card,Monthly,Adult,30,Established,False,False,Standard,Card,Frequent,0.43214285714285705,Mid
1785,32,Male,Backpack,Accessories,31,Louisiana,L,Yellow,Summer,4.8,No,Standard,No,4,Debit Card,Quarterly,Adult,90,New/Low,False,False,Standard,Card,Occasional,0.3064285714285714,Low
1786,47,Male,Gloves,Accessories,29,Iowa,S,Peach,Fall,4.1,No,Next Day Air,No,22,Venmo,Monthly,Middle-aged,30,Emerging,False,False,Express,Digital Wallet,Frequent,0.355,Low
1787,45,Male,Jacket,Outerwear,34,Maryland,M,Brown,Spring,4.6,No,2-Day Shipping,No,22,Venmo,Monthly,Middle-aged,30,Emerging,False,False,Standard,Digital Wallet,Frequent,0.42999999999999994,Mid
1788,20,Male,Sweater,Clothing,38,Montana,L,Gold,Fall,4.9,No,2-Day Shipping,No,10,Bank Transfer,Quarterly,Young Adult,90,New/Low,False,False,Standard,Other,Occasional,0.39428571428571435,Mid
1789,66,Male,Blouse,Clothing,41,Illinois,L,Pink,Summer,3.1,No,Store Pickup,No,23,Cash,Bi-Weekly,Senior,14,Emerging,False,False,Other,Cash,Frequent,0.3221428571428571,Low
1790,52,Male,Blouse,Clothing,34,Arizona,L,Peach,Spring,3.0,No,2-Day Shipping,No,43,Debit Card,Quarterly,Middle-aged,90,Heavy,False,False,Standard,Card,Occasional,0.42,Mid
1791,50,Male,Gloves,Accessories,26,North Carolina,S,Violet,Summer,3.7,No,Store Pickup,No,31,PayPal,Bi-Weekly,Middle-aged,14,Established,False,False,Other,Digital Wallet,Frequent,0.3642857142857143,Mid
1792,62,Male,Jeans,Clothing,98,Montana,S,Purple,Winter,4.0,No,Store Pickup,No,38,Cash,Annually,Senior,365,Established,False,False,Other,Cash,Rare,0.8042857142857143,VIP
1793,38,Male,Sneakers,Footwear,59,Iowa,M,Peach,Fall,3.0,No,Express,No,22,Debit Card,Every 3 Months,Adult,90,Emerging,False,False,Express,Card,Occasional,0.39499999999999996,Mid
1794,65,Male,Hat,Accessories,92,Iowa,S,White,Fall,3.8,No,Store Pickup,No,45,Cash,Every 3 Months,Senior,90,Heavy,False,False,Other,Cash,Occasional,0.8042857142857144,VIP
1795,60,Male,Backpack,Accessories,40,Ohio,L,Indigo,Spring,3.7,No,Express,No,21,Debit Card,Fortnightly,Senior,14,Emerging,False,False,Express,Card,Frequent,0.3628571428571429,Mid
1796,68,Male,Jeans,Clothing,20,Wisconsin,S,Violet,Fall,4.0,No,2-Day Shipping,No,9,Debit Card,Fortnightly,Senior,14,New/Low,False,False,Standard,Card,Frequent,0.20714285714285713,Low
1797,62,Male,Skirt,Clothing,35,South Carolina,S,Brown,Spring,3.1,No,Store Pickup,No,34,Venmo,Weekly,Senior,7,Established,False,False,Other,Digital Wallet,Very Frequent,0.3707142857142857,Mid
1798,62,Male,Belt,Accessories,35,Oregon,L,Maroon,Spring,3.9,No,2-Day Shipping,No,26,Venmo,Weekly,Senior,7,Established,False,False,Standard,Digital Wallet,Very Frequent,0.39357142857142857,Mid
1799,40,Male,Dress,Clothing,82,North Dakota,L,Magenta,Winter,3.7,No,Express,No,1,Cash,Weekly,Adult,7,New/Low,False,False,Express,Cash,Very Frequent,0.43000000000000005,Mid
1800,32,Male,Hoodie,Clothing,48,California,M,Charcoal,Fall,3.9,No,Express,No,47,Venmo,Weekly,Adult,7,Heavy,False,False,Express,Digital Wallet,Very Frequent,0.6085714285714285,VIP
1801,22,Male,Coat,Outerwear,58,Mississippi,XL,Indigo,Winter,2.7,No,Express,No,30,Credit Card,Weekly,Young Adult,7,Established,False,False,Express,Card,Very Frequent,0.41714285714285715,Mid
1802,33,Male,Sweater,Clothing,57,New Jersey,M,Turquoise,Spring,3.9,No,Express,No,48,Debit Card,Fortnightly,Adult,14,Heavy,False,False,Express,Card,Frequent,0.6607142857142857,VIP
1803,57,Male,Shorts,Clothing,96,Rhode Island,L,Turquoise,Winter,2.6,No,Store Pickup,No,31,Venmo,Bi-Weekly,Middle-aged,14,Established,False,False,Other,Digital Wallet,Frequent,0.6042857142857143,VIP
1804,60,Male,Sneakers,Footwear,97,New Hampshire,S,Gray,Summer,3.5,No,Free Shipping,No,33,Venmo,Fortnightly,Senior,14,Established,False,False,Standard,Digital Wallet,Frequent,0.7135714285714285,VIP
1805,30,Male,Sweater,Clothing,42,Louisiana,L,Peach,Winter,4.4,No,Next Day Air,No,39,Credit Card,Weekly,Young Adult,7,Established,False,False,Express,Card,Very Frequent,0.5714285714285715,High
1806,41,Male,T-shirt,Clothing,62,Arizona,L,Gold,Spring,4.9,No,Store Pickup,No,46,Debit Card,Weekly,Adult,7,Heavy,False,False,Other,Card,Very Frequent,0.7714285714285714,VIP
1807,58,Male,Handbag,Accessories,67,Rhode Island,M,Green,Fall,3.9,No,Standard,No,24,Venmo,Annually,Senior,365,Emerging,False,False,Standard,Digital Wallet,Rare,0.5392857142857143,High
1808,34,Male,Sneakers,Footwear,46,Vermont,L,Gold,Summer,3.5,No,Standard,No,37,Venmo,Fortnightly,Adult,14,Established,False,False,Standard,Digital Wallet,Frequent,0.4871428571428571,High
1809,67,Male,Jacket,Outerwear,71,Tennessee,M,Lavender,Spring,4.3,No,Next Day Air,No,7,Debit Card,Monthly,Senior,30,New/Low,False,False,Express,Card,Frequent,0.47785714285714287,High
1810,58,Male,Backpack,Accessories,99,Alaska,S,Blue,Fall,3.4,No,Free Shipping,No,6,Debit Card,Fortnightly,Senior,14,New/Low,False,False,Standard,Card,Frequent,0.5207142857142857,High
1811,41,Male,Jeans,Clothing,28,Maryland,M,Magenta,Fall,2.7,No,Standard,No,16,Cash,Bi-Weekly,Adult,14,Emerging,False,False,Standard,Cash,Frequent,0.16714285714285715,Low
1812,42,Male,Belt,Accessories,77,Wisconsin,L,Blue,Summer,3.6,No,Standard,No,33,Bank Transfer,Annually,Adult,365,Established,False,False,Standard,Other,Rare,0.6235714285714286,VIP
1813,50,Male,Boots,Footwear,63,Nevada,S,Blue,Summer,4.9,No,Express,No,18,PayPal,Bi-Weekly,Middle-aged,14,Emerging,False,False,Express,Digital Wallet,Frequent,0.5764285714285715,High
1814,40,Male,Shorts,Clothing,62,Illinois,M,Olive,Spring,3.5,No,Free Shipping,No,24,PayPal,Weekly,Adult,7,Emerging,False,False,Standard,Digital Wallet,Very Frequent,0.4742857142857143,High
1815,32,Male,Jeans,Clothing,92,Montana,M,White,Summer,3.8,No,Free Shipping,No,24,Cash,Quarterly,Adult,90,Emerging,False,False,Standard,Cash,Occasional,0.6542857142857144,VIP
1816,51,Male,Shoes,Footwear,72,New Mexico,L,White,Winter,4.5,No,2-Day Shipping,No,48,Credit Card,Every 3 Months,Middle-aged,90,Heavy,False,False,Standard,Card,Occasional,0.7957142857142856,VIP
1817,26,Male,Hat,Accessories,79,Virginia,M,Purple,Summer,4.0,No,Express,No,4,Cash,Weekly,Young Adult,7,New/Low,False,False,Express,Cash,Very Frequent,0.4664285714285714,Mid
1818,32,Male,T-shirt,Clothing,27,Delaware,M,White,Summer,4.7,No,Free Shipping,No,20,Cash,Weekly,Adult,7,Emerging,False,False,Standard,Cash,Very Frequent,0.39071428571428574,Mid
1819,58,Male,Sunglasses,Accessories,39,North Carolina,M,White,Fall,3.8,No,Express,No,47,Debit Card,Every 3 Months,Senior,90,Heavy,False,False,Express,Card,Occasional,0.5535714285714286,High
1820,51,Male,Socks,Clothing,86,Nevada,S,Peach,Spring,4.5,No,Next Day Air,No,50,Cash,Quarterly,Middle-aged,90,Heavy,False,False,Express,Cash,Occasional,0.8799999999999999,VIP
1821,19,Male,Shirt,Clothing,94,Washington,XL,Gold,Fall,5.0,No,Express,No,31,PayPal,Monthly,Young Adult,30,Established,False,False,Express,Digital Wallet,Frequent,0.8342857142857143,VIP
1822,57,Male,Shorts,Clothing,53,Maine,M,Teal,Spring,2.8,No,Express,No,29,PayPal,Quarterly,Middle-aged,90,Established,False,False,Express,Digital Wallet,Occasional,0.39499999999999996,Mid
1823,66,Male,Shirt,Clothing,85,Connecticut,S,Cyan,Summer,4.4,No,Standard,No,4,Cash,Annually,Senior,365,New/Low,False,False,Standard,Cash,Rare,0.5364285714285715,High
1824,62,Male,Socks,Clothing,50,Louisiana,L,Pink,Fall,4.7,No,Free Shipping,No,40,Bank Transfer,Bi-Weekly,Senior,14,Established,False,False,Standard,Other,Frequent,0.6485714285714286,VIP
1825,58,Male,Pants,Clothing,47,Illinois,XL,Magenta,Winter,3.8,No,Express,No,31,Cash,Monthly,Senior,30,Established,False,False,Express,Cash,Frequent,0.4792857142857143,High
1826,23,Male,Boots,Footwear,75,South Dakota,M,Pink,Winter,4.9,No,Next Day Air,No,41,Credit Card,Weekly,Young Adult,7,Heavy,False,False,Express,Card,Very Frequent,0.8007142857142857,VIP
1827,45,Male,T-shirt,Clothing,60,Indiana,M,Turquoise,Winter,4.2,No,Express,No,44,Debit Card,Annually,Middle-aged,365,Heavy,False,False,Express,Card,Rare,0.6771428571428572,VIP
1828,20,Male,T-shirt,Clothing,36,Vermont,S,Pink,Spring,4.9,No,2-Day Shipping,No,31,Bank Transfer,Weekly,Young Adult,7,Established,False,False,Standard,Other,Very Frequent,0.5342857142857143,High
1829,33,Male,Coat,Outerwear,80,New Hampshire,L,Gray,Spring,3.9,No,Express,No,45,Cash,Every 3 Months,Adult,90,Heavy,False,False,Express,Cash,Occasional,0.7542857142857143,VIP
1830,30,Male,Hat,Accessories,96,Oregon,M,White,Spring,4.9,No,2-Day Shipping,No,50,Credit Card,Quarterly,Young Adult,90,Heavy,False,False,Standard,Card,Occasional,0.97,VIP
1831,50,Male,Sunglasses,Accessories,80,Kansas,M,Blue,Winter,4.8,No,Express,No,7,Venmo,Annually,Middle-aged,365,New/Low,False,False,Express,Digital Wallet,Rare,0.572857142857143,High
1832,62,Male,Blouse,Clothing,71,Maine,M,Cyan,Summer,3.3,No,Free Shipping,No,5,Bank Transfer,Every 3 Months,Senior,90,New/Low,False,False,Standard,Other,Occasional,0.36357142857142855,Mid
1833,69,Male,Jewelry,Accessories,29,Louisiana,M,Blue,Fall,4.6,No,Free Shipping,No,48,Cash,Monthly,Senior,30,Heavy,False,False,Standard,Cash,Frequent,0.5907142857142856,High
1834,34,Male,Jewelry,Accessories,53,Louisiana,M,Yellow,Spring,4.5,No,2-Day Shipping,No,19,PayPal,Fortnightly,Adult,14,Emerging,False,False,Standard,Digital Wallet,Frequent,0.4935714285714286,High
1835,49,Male,Skirt,Clothing,35,Indiana,M,Charcoal,Summer,4.1,No,2-Day Shipping,No,39,Venmo,Fortnightly,Middle-aged,14,Established,False,False,Standard,Digital Wallet,Frequent,0.5064285714285715,High
1836,65,Male,Scarf,Accessories,75,Kentucky,M,Lavender,Fall,3.2,No,2-Day Shipping,No,45,Credit Card,Quarterly,Senior,90,Heavy,False,False,Standard,Card,Occasional,0.6592857142857144,VIP
1837,66,Male,Pants,Clothing,52,South Carolina,M,Teal,Fall,4.2,No,2-Day Shipping,No,35,Credit Card,Monthly,Senior,30,Established,False,False,Standard,Card,Frequent,0.5728571428571428,High
1838,41,Male,Hat,Accessories,77,Montana,M,Beige,Winter,4.8,No,Free Shipping,No,8,Venmo,Monthly,Adult,30,New/Low,False,False,Standard,Digital Wallet,Frequent,0.565,High
1839,37,Male,Gloves,Accessories,24,Vermont,L,Blue,Fall,4.1,No,Next Day Air,No,11,Credit Card,Quarterly,Adult,90,Emerging,False,False,Express,Card,Occasional,0.2514285714285714,Low
1840,32,Male,Shirt,Clothing,78,Mississippi,XL,Purple,Winter,3.7,No,Store Pickup,No,32,Cash,Annually,Adult,365,Established,False,False,Other,Cash,Rare,0.6314285714285713,VIP
1841,42,Male,Sandals,Footwear,98,Wyoming,M,Gold,Winter,2.6,No,Store Pickup,No,46,Bank Transfer,Every 3 Months,Adult,90,Heavy,False,False,Other,Other,Occasional,0.7214285714285714,VIP
1842,31,Male,Socks,Clothing,57,Vermont,L,Blue,Winter,3.0,No,Standard,No,7,PayPal,Every 3 Months,Young Adult,90,New/Low,False,False,Standard,Digital Wallet,Occasional,0.27785714285714286,Low
1843,61,Male,Handbag,Accessories,78,Alabama,M,Black,Summer,4.4,No,Express,No,1,Debit Card,Annually,Senior,365,New/Low,False,False,Express,Card,Rare,0.48,High
1844,36,Male,Jacket,Outerwear,76,Kentucky,M,Charcoal,Fall,4.7,No,Next Day Air,No,32,Credit Card,Monthly,Adult,30,Established,False,False,Express,Card,Frequent,0.7214285714285713,VIP
1845,60,Male,Shorts,Clothing,26,South Dakota,M,Purple,Spring,2.7,No,2-Day Shipping,No,31,Credit Card,Annually,Senior,365,Established,False,False,Standard,Card,Rare,0.2642857142857143,Low
1846,51,Male,Sandals,Footwear,78,Delaware,M,Orange,Winter,2.8,No,2-Day Shipping,No,39,Bank Transfer,Quarterly,Middle-aged,90,Established,False,False,Standard,Other,Occasional,0.5914285714285714,High
1847,68,Male,Scarf,Accessories,53,Wisconsin,M,Yellow,Summer,2.9,No,Standard,No,9,Venmo,Quarterly,Senior,90,New/Low,False,False,Standard,Digital Wallet,Occasional,0.2621428571428571,Low
1848,46,Male,Sandals,Footwear,100,Arizona,XL,Cyan,Summer,4.4,No,Free Shipping,No,49,Credit Card,Weekly,Middle-aged,7,Heavy,False,False,Standard,Card,Very Frequent,0.9328571428571429,VIP
1849,19,Male,Jeans,Clothing,73,Maine,XL,Yellow,Winter,2.7,No,Express,No,34,Cash,Every 3 Months,Young Adult,90,Established,False,False,Express,Cash,Occasional,0.5207142857142857,High
1850,30,Male,Skirt,Clothing,40,New Mexico,M,Maroon,Winter,4.5,No,Store Pickup,No,35,Bank Transfer,Monthly,Young Adult,30,Established,False,False,Other,Other,Frequent,0.5428571428571429,High
1851,51,Male,Gloves,Accessories,76,Wyoming,S,Black,Winter,2.8,No,Store Pickup,No,50,Debit Card,Weekly,Middle-aged,7,Heavy,False,False,Other,Card,Very Frequent,0.6599999999999999,VIP
1852,28,Male,Skirt,Clothing,80,Delaware,S,Lavender,Fall,3.1,No,Free Shipping,No,4,Bank Transfer,Fortnightly,Young Adult,14,New/Low,False,False,Standard,Other,Frequent,0.38142857142857145,Mid
1853,41,Male,Sweater,Clothing,80,Pennsylvania,XL,Violet,Winter,3.8,No,Store Pickup,No,32,Cash,Weekly,Adult,7,Established,False,False,Other,Cash,Very Frequent,0.6514285714285715,VIP
1854,29,Male,Blouse,Clothing,67,North Dakota,XL,Olive,Spring,2.9,No,Express,No,11,PayPal,Fortnightly,Young Adult,14,Emerging,False,False,Express,Digital Wallet,Frequent,0.3464285714285714,Low
1855,25,Male,Sweater,Clothing,61,Kentucky,M,Teal,Spring,3.8,No,Express,No,49,Credit Card,Annually,Young Adult,365,Heavy,False,False,Express,Card,Rare,0.6778571428571428,VIP
1856,60,Male,Shirt,Clothing,76,Rhode Island,XL,Teal,Spring,4.7,No,Standard,No,9,Cash,Annually,Senior,365,New/Low,False,False,Standard,Cash,Rare,0.5571428571428572,High
1857,63,Male,Jewelry,Accessories,55,Arizona,XL,Beige,Summer,3.2,No,Free Shipping,No,30,PayPal,Bi-Weekly,Senior,14,Established,False,False,Standard,Digital Wallet,Frequent,0.4521428571428571,Mid
1858,51,Male,T-shirt,Clothing,85,Colorado,L,Maroon,Summer,4.0,No,Next Day Air,No,33,Cash,Monthly,Middle-aged,30,Established,False,False,Express,Cash,Frequent,0.7035714285714286,VIP
1859,22,Male,Scarf,Accessories,69,Maine,S,Peach,Spring,4.9,No,2-Day Shipping,No,8,Debit Card,Annually,Young Adult,365,New/Low,False,False,Standard,Card,Rare,0.5350000000000001,High
1860,54,Male,Belt,Accessories,26,New Jersey,L,Beige,Summer,3.7,No,Store Pickup,No,29,Debit Card,Fortnightly,Middle-aged,14,Established,False,False,Other,Card,Frequent,0.35,Low
1861,18,Male,T-shirt,Clothing,64,Kansas,M,Silver,Summer,4.8,No,Next Day Air,No,4,Credit Card,Monthly,Young Adult,30,New/Low,False,False,Express,Card,Frequent,0.4714285714285714,Mid
1862,29,Male,Sneakers,Footwear,60,South Dakota,S,Peach,Fall,3.6,No,Standard,No,19,Debit Card,Monthly,Young Adult,30,Emerging,False,False,Standard,Card,Frequent,0.4385714285714286,Mid
1863,59,Male,Gloves,Accessories,36,New Hampshire,M,Turquoise,Winter,4.6,No,Express,No,10,PayPal,Fortnightly,Senior,14,New/Low,False,False,Express,Digital Wallet,Frequent,0.35428571428571426,Low
1864,25,Male,Sandals,Footwear,21,Connecticut,L,Orange,Spring,4.3,No,2-Day Shipping,No,39,Debit Card,Monthly,Young Adult,30,Established,False,False,Standard,Card,Frequent,0.4564285714285714,Mid
1865,19,Male,Backpack,Accessories,72,Wyoming,S,Cyan,Fall,3.2,No,2-Day Shipping,No,21,Venmo,Quarterly,Young Adult,90,Emerging,False,False,Standard,Digital Wallet,Occasional,0.47285714285714286,High
1866,56,Male,Pants,Clothing,62,Missouri,S,Silver,Summer,3.8,No,Store Pickup,No,12,Bank Transfer,Monthly,Middle-aged,30,Emerging,False,False,Other,Other,Frequent,0.4185714285714286,Mid
1867,31,Male,T-shirt,Clothing,44,Alaska,XL,Gold,Winter,4.2,No,Standard,No,9,Credit Card,Fortnightly,Young Adult,14,New/Low,False,False,Standard,Card,Frequent,0.34714285714285714,Low
1868,45,Male,Skirt,Clothing,52,Delaware,M,Brown,Fall,3.4,No,2-Day Shipping,No,20,Venmo,Quarterly,Middle-aged,90,Emerging,False,False,Standard,Digital Wallet,Occasional,0.3857142857142857,Mid
1869,23,Male,Gloves,Accessories,58,Indiana,M,Silver,Spring,4.7,No,Next Day Air,No,44,Cash,Fortnightly,Young Adult,14,Heavy,False,False,Express,Cash,Frequent,0.7171428571428571,VIP
1870,18,Male,Blouse,Clothing,77,West Virginia,S,Beige,Spring,3.9,No,2-Day Shipping,No,16,Debit Card,Every 3 Months,Young Adult,90,Emerging,False,False,Standard,Card,Occasional,0.5321428571428571,High
1871,43,Male,Blouse,Clothing,99,Wyoming,L,Violet,Spring,4.3,No,Store Pickup,No,27,Debit Card,Fortnightly,Adult,14,Established,False,False,Other,Card,Frequent,0.7607142857142857,VIP
1872,56,Male,Jeans,Clothing,96,Illinois,XL,Violet,Fall,2.7,No,Standard,No,14,Cash,Every 3 Months,Middle-aged,90,Emerging,False,False,Standard,Cash,Occasional,0.4928571428571429,High
1873,43,Male,T-shirt,Clothing,64,Alaska,M,Lavender,Summer,4.6,No,Standard,No,24,Credit Card,Monthly,Adult,30,Emerging,False,False,Standard,Card,Frequent,0.5942857142857143,VIP
1874,64,Male,Sweater,Clothing,44,Wisconsin,XL,Red,Fall,2.9,No,Express,No,49,Bank Transfer,Weekly,Senior,7,Heavy,False,False,Express,Other,Very Frequent,0.5028571428571428,High
1875,67,Male,Pants,Clothing,33,Indiana,L,Purple,Fall,3.6,No,Free Shipping,No,14,Cash,Weekly,Senior,7,Emerging,False,False,Standard,Cash,Very Frequent,0.2678571428571429,Low
1876,63,Male,Boots,Footwear,71,Tennessee,M,Brown,Winter,3.9,No,Next Day Air,No,6,Credit Card,Quarterly,Senior,90,New/Low,False,False,Express,Card,Occasional,0.4307142857142857,Mid
1877,54,Male,Skirt,Clothing,36,Illinois,M,Gray,Fall,2.6,No,Standard,No,20,Venmo,Quarterly,Middle-aged,90,Emerging,False,False,Standard,Digital Wallet,Occasional,0.22571428571428573,Low
1878,69,Male,Gloves,Accessories,62,Pennsylvania,L,Pink,Fall,3.6,No,Express,No,3,Credit Card,Annually,Senior,365,New/Low,False,False,Express,Card,Rare,0.3342857142857143,Low
1879,34,Male,Socks,Clothing,29,Oklahoma,L,Magenta,Summer,3.4,No,Store Pickup,No,5,Credit Card,Monthly,Adult,30,New/Low,False,False,Other,Card,Frequent,0.16357142857142856,Low
1880,56,Male,T-shirt,Clothing,33,Tennessee,L,Charcoal,Spring,3.5,No,Express,No,46,Cash,Bi-Weekly,Middle-aged,14,Heavy,False,False,Express,Cash,Frequent,0.48642857142857143,High
1881,34,Male,Blouse,Clothing,33,New Jersey,L,Yellow,Fall,3.1,No,2-Day Shipping,No,8,Debit Card,Monthly,Adult,30,New/Low,False,False,Standard,Card,Frequent,0.175,Low
1882,58,Male,Blouse,Clothing,41,New Jersey,M,Red,Winter,4.3,No,Standard,No,13,Cash,Bi-Weekly,Senior,14,Emerging,False,False,Standard,Cash,Frequent,0.3707142857142857,Mid
1883,44,Male,Scarf,Accessories,54,Tennessee,L,Blue,Winter,5.0,No,Store Pickup,No,25,Bank Transfer,Quarterly,Adult,90,Emerging,False,False,Other,Other,Occasional,0.5914285714285714,High
1884,25,Male,Backpack,Accessories,58,Georgia,M,Cyan,Spring,4.9,No,Store Pickup,No,39,Debit Card,Fortnightly,Young Adult,14,Established,False,False,Other,Card,Frequent,0.7014285714285715,VIP
1885,27,Male,Shorts,Clothing,30,Arizona,S,Pink,Summer,4.3,No,Next Day Air,No,15,Bank Transfer,Bi-Weekly,Young Adult,14,Emerging,False,False,Express,Other,Frequent,0.32999999999999996,Low
1886,26,Male,Jewelry,Accessories,53,Nevada,S,Maroon,Winter,4.4,No,Standard,No,35,Cash,Monthly,Young Adult,30,Established,False,False,Standard,Cash,Frequent,0.5978571428571429,VIP
1887,18,Male,Gloves,Accessories,91,Arkansas,L,Beige,Spring,4.4,No,Next Day Air,No,46,Cash,Bi-Weekly,Young Adult,14,Heavy,False,False,Express,Cash,Frequent,0.8664285714285714,VIP
1888,64,Male,Hoodie,Clothing,44,North Dakota,XL,Gold,Fall,3.5,No,Express,No,3,PayPal,Monthly,Senior,30,New/Low,False,False,Express,Digital Wallet,Frequent,0.2342857142857143,Low
1889,62,Male,Hoodie,Clothing,89,South Dakota,XL,Turquoise,Winter,3.4,No,Free Shipping,No,48,Credit Card,Weekly,Senior,7,Heavy,False,False,Standard,Card,Very Frequent,0.7707142857142857,VIP
1890,59,Male,Skirt,Clothing,57,North Carolina,L,Peach,Spring,2.5,No,Next Day Air,No,27,Bank Transfer,Weekly,Senior,7,Established,False,False,Express,Other,Very Frequent,0.3707142857142858,Mid
1891,36,Male,Sunglasses,Accessories,57,Hawaii,M,Lavender,Spring,3.4,No,Store Pickup,No,5,Credit Card,Weekly,Adult,7,New/Low,False,False,Other,Card,Very Frequent,0.3035714285714286,Low
1892,69,Male,Jewelry,Accessories,74,New Hampshire,M,Gray,Summer,2.6,No,Next Day Air,No,48,Debit Card,Quarterly,Senior,90,Heavy,False,False,Express,Card,Occasional,0.6157142857142857,VIP
1893,39,Male,Jacket,Outerwear,30,California,M,Blue,Fall,4.6,No,2-Day Shipping,No,12,Venmo,Weekly,Adult,7,Emerging,False,False,Standard,Digital Wallet,Very Frequent,0.3385714285714285,Low
1894,28,Male,Dress,Clothing,20,Delaware,L,Red,Summer,3.7,No,Express,No,10,PayPal,Fortnightly,Young Adult,14,New/Low,False,False,Express,Digital Wallet,Frequent,0.1842857142857143,Low
1895,42,Male,Hoodie,Clothing,90,Arizona,M,Purple,Fall,2.5,No,Free Shipping,No,48,Debit Card,Bi-Weekly,Adult,14,Heavy,False,False,Standard,Card,Frequent,0.6857142857142857,VIP
1896,31,Male,Jeans,Clothing,61,Washington,L,Indigo,Fall,4.5,No,Express,No,3,Debit Card,Monthly,Young Adult,30,New/Low,False,False,Express,Card,Frequent,0.41928571428571426,Mid
1897,57,Male,Sandals,Footwear,51,Nevada,M,Gold,Fall,2.9,No,Standard,No,19,Venmo,Monthly,Middle-aged,30,Emerging,False,False,Standard,Digital Wallet,Frequent,0.32357142857142857,Low
1898,53,Male,Sunglasses,Accessories,97,Alaska,L,Teal,Winter,2.9,No,Free Shipping,No,11,Debit Card,Fortnightly,Middle-aged,14,Emerging,False,False,Standard,Card,Frequent,0.4964285714285714,High
1899,59,Male,Pants,Clothing,97,Texas,L,Magenta,Fall,3.5,No,Next Day Air,No,25,Venmo,Monthly,Senior,30,Emerging,False,False,Express,Digital Wallet,Frequent,0.6564285714285714,VIP
1900,32,Male,Shorts,Clothing,40,New York,L,Maroon,Winter,4.2,No,Store Pickup,No,42,PayPal,Weekly,Adult,7,Heavy,False,False,Other,Digital Wallet,Very Frequent,0.562857142857143,High
1901,65,Male,Jewelry,Accessories,85,Iowa,S,Blue,Summer,3.3,No,Free Shipping,No,34,Cash,Quarterly,Senior,90,Established,False,False,Standard,Cash,Occasional,0.6407142857142857,VIP
1902,56,Male,Socks,Clothing,76,Arizona,S,Beige,Winter,3.9,No,Store Pickup,No,50,Cash,Quarterly,Middle-aged,90,Heavy,False,False,Other,Cash,Occasional,0.7699999999999999,VIP
1903,31,Male,Sandals,Footwear,22,New Mexico,S,Olive,Spring,5.0,No,Store Pickup,No,21,Venmo,Monthly,Young Adult,30,Emerging,False,False,Other,Digital Wallet,Frequent,0.40285714285714286,Mid
1904,59,Male,Pants,Clothing,63,North Carolina,M,Gold,Summer,3.3,No,Standard,No,37,Bank Transfer,Weekly,Senior,7,Established,False,False,Standard,Other,Very Frequent,0.552142857142857,High
1905,22,Male,T-shirt,Clothing,71,Nevada,S,Silver,Spring,4.2,No,Free Shipping,No,46,Cash,Monthly,Young Adult,30,Heavy,False,False,Standard,Cash,Frequent,0.7464285714285714,VIP
1906,47,Male,Boots,Footwear,35,Idaho,M,Teal,Summer,4.9,No,2-Day Shipping,No,14,Bank Transfer,Fortnightly,Middle-aged,14,Emerging,False,False,Standard,Other,Frequent,0.4078571428571429,Mid
1907,23,Male,Backpack,Accessories,30,Vermont,M,Green,Spring,4.6,No,2-Day Shipping,No,24,PayPal,Fortnightly,Young Adult,14,Emerging,False,False,Standard,Digital Wallet,Frequent,0.42428571428571427,Mid
1908,69,Male,Skirt,Clothing,74,New Mexico,L,Orange,Fall,4.8,No,Store Pickup,No,36,Credit Card,Every 3 Months,Senior,90,Established,False,False,Other,Card,Occasional,0.75,VIP
1909,18,Male,Scarf,Accessories,71,Georgia,XL,Charcoal,Winter,2.7,No,Next Day Air,No,19,Debit Card,Bi-Weekly,Young Adult,14,Emerging,False,False,Express,Card,Frequent,0.4035714285714286,Mid
1910,50,Male,Sweater,Clothing,84,Kentucky,S,Black,Spring,4.3,No,Store Pickup,No,12,Credit Card,Monthly,Middle-aged,30,Emerging,False,False,Other,Card,Frequent,0.5785714285714286,High
1911,29,Male,Sandals,Footwear,38,New York,S,Yellow,Fall,3.8,No,Express,No,13,Debit Card,Quarterly,Young Adult,90,Emerging,False,False,Express,Card,Occasional,0.3057142857142857,Low
1912,65,Male,Jewelry,Accessories,81,Arizona,M,Gray,Spring,4.9,No,Express,No,32,Debit Card,Bi-Weekly,Senior,14,Established,False,False,Express,Card,Frequent,0.7664285714285715,VIP
1913,29,Male,Sweater,Clothing,56,Colorado,S,Charcoal,Winter,3.4,No,2-Day Shipping,No,5,Credit Card,Bi-Weekly,Young Adult,14,New/Low,False,False,Standard,Card,Frequent,0.2985714285714286,Low
1914,49,Male,Skirt,Clothing,48,Kentucky,M,Peach,Winter,3.6,No,Express,No,29,Cash,Annually,Middle-aged,365,Established,False,False,Express,Cash,Rare,0.44999999999999996,Mid
1915,28,Male,Shorts,Clothing,97,Alaska,L,Green,Fall,3.4,No,Standard,No,40,Credit Card,Fortnightly,Young Adult,14,Established,False,False,Standard,Card,Frequent,0.7535714285714284,VIP
1916,51,Male,Backpack,Accessories,74,Alabama,M,Magenta,Fall,4.7,No,2-Day Shipping,No,44,Cash,Weekly,Middle-aged,7,Heavy,False,False,Standard,Cash,Very Frequent,0.7971428571428572,VIP
1917,26,Male,Hoodie,Clothing,50,Connecticut,S,Beige,Winter,3.0,No,Next Day Air,No,3,Debit Card,Bi-Weekly,Young Adult,14,New/Low,False,False,Express,Card,Frequent,0.2142857142857143,Low
1918,38,Male,Skirt,Clothing,71,Hawaii,L,Black,Winter,3.4,No,Free Shipping,No,35,PayPal,Bi-Weekly,Adult,14,Established,False,False,Standard,Digital Wallet,Frequent,0.5878571428571429,High
1919,35,Male,Skirt,Clothing,33,Idaho,S,Purple,Summer,4.6,No,Standard,No,33,Debit Card,Monthly,Adult,30,Established,False,False,Standard,Card,Frequent,0.5035714285714286,High
1920,34,Male,Backpack,Accessories,56,Virginia,M,Olive,Summer,3.1,No,Express,No,20,PayPal,Bi-Weekly,Adult,14,Emerging,False,False,Express,Digital Wallet,Frequent,0.3757142857142857,Mid
1921,51,Male,Blouse,Clothing,84,Connecticut,M,Purple,Spring,2.8,No,Standard,No,40,Cash,Every 3 Months,Middle-aged,90,Established,False,False,Standard,Cash,Occasional,0.6285714285714286,VIP
1922,47,Male,Shirt,Clothing,36,Michigan,M,Green,Fall,3.5,No,Store Pickup,No,13,Venmo,Annually,Middle-aged,365,Emerging,False,False,Other,Digital Wallet,Rare,0.2657142857142857,Low
1923,18,Male,Gloves,Accessories,63,Kentucky,S,Peach,Summer,4.6,No,Standard,No,9,PayPal,Monthly,Young Adult,30,New/Low,False,False,Standard,Digital Wallet,Frequent,0.4821428571428571,High
1924,64,Male,Sandals,Footwear,36,Nebraska,XL,Blue,Summer,4.3,No,Standard,No,7,Cash,Annually,Senior,365,New/Low,False,False,Standard,Cash,Rare,0.3028571428571428,Low
1925,30,Male,Jacket,Outerwear,63,Michigan,M,Gray,Fall,4.8,No,Free Shipping,No,42,PayPal,Quarterly,Young Adult,90,Heavy,False,False,Standard,Digital Wallet,Occasional,0.7378571428571429,VIP
1926,59,Male,Sneakers,Footwear,32,Utah,L,Black,Winter,2.9,No,Express,No,44,Credit Card,Fortnightly,Senior,14,Heavy,False,False,Express,Card,Frequent,0.4071428571428571,Mid
1927,66,Male,Backpack,Accessories,93,New Mexico,M,Silver,Spring,3.0,No,Express,No,6,PayPal,Annually,Senior,365,New/Low,False,False,Express,Digital Wallet,Rare,0.4507142857142857,Mid
1928,40,Male,Pants,Clothing,29,Florida,M,Pink,Summer,2.9,No,Standard,No,8,Cash,Every 3 Months,Adult,90,New/Low,False,False,Standard,Cash,Occasional,0.135,Low
1929,25,Male,Sunglasses,Accessories,92,Mississippi,S,Lavender,Summer,3.7,No,Standard,No,10,PayPal,Weekly,Young Adult,7,New/Low,False,False,Standard,Digital Wallet,Very Frequent,0.5442857142857144,High
1930,59,Male,Jeans,Clothing,33,Hawaii,L,Brown,Fall,4.7,No,Standard,No,46,Venmo,Quarterly,Senior,90,Heavy,False,False,Standard,Digital Wallet,Occasional,0.6064285714285714,VIP
1931,66,Male,Pants,Clothing,52,North Carolina,L,Turquoise,Spring,3.5,No,Store Pickup,No,26,Cash,Weekly,Senior,7,Established,False,False,Other,Cash,Very Frequent,0.4385714285714286,Mid
1932,54,Male,Jewelry,Accessories,42,Illinois,S,Olive,Spring,2.7,No,Store Pickup,No,6,Debit Card,Every 3 Months,Middle-aged,90,New/Low,False,False,Other,Card,Occasional,0.16571428571428576,Low
1933,42,Male,Hoodie,Clothing,36,Maryland,M,White,Spring,5.0,No,Free Shipping,No,47,Credit Card,Every 3 Months,Adult,90,Heavy,False,False,Standard,Card,Occasional,0.6585714285714286,VIP
1934,48,Male,Sandals,Footwear,67,Montana,L,Violet,Summer,4.1,No,Next Day Air,No,28,Venmo,Annually,Middle-aged,365,Established,False,False,Express,Digital Wallet,Rare,0.5878571428571429,High
1935,34,Male,Jacket,Outerwear,43,Michigan,L,Gold,Winter,2.7,No,Free Shipping,No,23,Bank Transfer,Annually,Adult,365,Emerging,False,False,Standard,Other,Rare,0.29214285714285715,Low
1936,19,Male,Blouse,Clothing,68,North Carolina,XL,Violet,Spring,4.8,No,Free Shipping,No,45,Cash,Fortnightly,Young Adult,14,Heavy,False,False,Standard,Cash,Frequent,0.7842857142857143,VIP
1937,70,Male,Jewelry,Accessories,60,Minnesota,S,Teal,Summer,4.3,No,2-Day Shipping,No,44,PayPal,Every 3 Months,Senior,90,Heavy,False,False,Standard,Digital Wallet,Occasional,0.687142857142857,VIP
1938,43,Male,Socks,Clothing,53,Delaware,M,Olive,Summer,4.5,No,2-Day Shipping,No,11,Bank Transfer,Monthly,Adult,30,Emerging,False,False,Standard,Other,Frequent,0.43642857142857144,Mid
1939,46,Male,Jeans,Clothing,23,Kentucky,L,Blue,Spring,3.8,No,Standard,No,39,Debit Card,Bi-Weekly,Middle-aged,14,Established,False,False,Standard,Card,Frequent,0.41642857142857137,Mid
1940,66,Male,Gloves,Accessories,57,Ohio,L,Magenta,Winter,3.7,No,Store Pickup,No,20,PayPal,Every 3 Months,Senior,90,Emerging,False,False,Other,Digital Wallet,Occasional,0.4407142857142857,Mid
1941,50,Male,Hat,Accessories,89,Alaska,L,Gray,Fall,3.9,No,2-Day Shipping,No,48,PayPal,Fortnightly,Middle-aged,14,Heavy,False,False,Standard,Digital Wallet,Frequent,0.8207142857142857,VIP
1942,55,Male,Shoes,Footwear,99,Vermont,XL,Peach,Winter,3.3,No,Standard,No,46,Credit Card,Quarterly,Middle-aged,90,Heavy,False,False,Standard,Card,Occasional,0.7964285714285714,VIP
1943,63,Male,Pants,Clothing,28,Alabama,M,Cyan,Fall,3.4,No,Express,No,22,PayPal,Monthly,Senior,30,Emerging,False,False,Express,Digital Wallet,Frequent,0.28,Low
1944,32,Male,Socks,Clothing,53,Wisconsin,L,Violet,Summer,3.8,No,Next Day Air,No,45,Cash,Annually,Adult,365,Heavy,False,False,Express,Cash,Rare,0.6092857142857143,VIP
1945,30,Male,Hoodie,Clothing,45,Arkansas,M,Gold,Winter,2.7,No,Free Shipping,No,49,Cash,Every 3 Months,Young Adult,90,Heavy,False,False,Standard,Cash,Occasional,0.4878571428571428,High
1946,35,Male,Hoodie,Clothing,38,Georgia,M,Gold,Winter,2.9,No,2-Day Shipping,No,9,Credit Card,Every 3 Months,Adult,90,New/Low,False,False,Standard,Card,Occasional,0.1871428571428571,Low
1947,59,Male,Pants,Clothing,49,Louisiana,M,White,Summer,4.5,No,Standard,No,41,Credit Card,Quarterly,Senior,90,Heavy,False,False,Standard,Card,Occasional,0.6307142857142858,VIP
1948,59,Male,Shirt,Clothing,32,New York,M,Gray,Summer,2.6,No,Store Pickup,No,2,PayPal,Monthly,Senior,30,New/Low,False,False,Other,Digital Wallet,Frequent,0.07714285714285715,Low
1949,54,Male,T-shirt,Clothing,37,Connecticut,L,Brown,Winter,3.1,No,Next Day Air,No,39,PayPal,Bi-Weekly,Middle-aged,14,Established,False,False,Express,Digital Wallet,Frequent,0.4164285714285714,Mid
1950,63,Male,Dress,Clothing,80,Nebraska,L,Gray,Winter,4.7,No,Store Pickup,No,12,PayPal,Quarterly,Senior,90,Emerging,False,False,Other,Digital Wallet,Occasional,0.5985714285714286,VIP
1951,43,Male,Backpack,Accessories,78,Arkansas,L,Blue,Summer,4.6,No,Free Shipping,No,26,PayPal,Every 3 Months,Adult,90,Established,False,False,Standard,Digital Wallet,Occasional,0.6785714285714285,VIP
1952,33,Male,Gloves,Accessories,53,Connecticut,L,Gold,Summer,2.7,No,Next Day Air,No,32,Bank Transfer,Bi-Weekly,Adult,14,Established,False,False,Express,Other,Frequent,0.4064285714285715,Mid
1953,57,Male,Shoes,Footwear,82,Maryland,L,Yellow,Summer,4.6,No,2-Day Shipping,No,50,Cash,Bi-Weekly,Middle-aged,14,Heavy,False,False,Standard,Cash,Frequent,0.87,VIP
1954,25,Male,Skirt,Clothing,33,Colorado,XL,Green,Spring,4.8,No,Standard,No,3,PayPal,Fortnightly,Young Adult,14,New/Low,False,False,Standard,Digital Wallet,Frequent,0.3092857142857143,Low
1955,26,Male,Gloves,Accessories,77,Colorado,M,Pink,Winter,4.2,No,Free Shipping,No,3,Venmo,Quarterly,Young Adult,90,New/Low,False,False,Standard,Digital Wallet,Occasional,0.4692857142857143,Mid
1956,50,Male,Hoodie,Clothing,56,Maine,M,Pink,Winter,4.9,No,Express,No,37,Cash,Monthly,Middle-aged,30,Established,False,False,Express,Cash,Frequent,0.6771428571428573,VIP
1957,70,Male,Socks,Clothing,37,Oklahoma,M,Pink,Winter,4.9,No,Express,No,20,Credit Card,Fortnightly,Senior,14,Emerging,False,False,Express,Card,Frequent,0.46071428571428574,Mid
1958,68,Male,Gloves,Accessories,54,South Carolina,M,Cyan,Spring,4.5,No,Store Pickup,No,26,Cash,Bi-Weekly,Senior,14,Established,False,False,Other,Cash,Frequent,0.5485714285714286,High
1959,39,Male,Shorts,Clothing,67,Nevada,M,Gray,Winter,2.7,No,Store Pickup,No,47,Cash,Quarterly,Adult,90,Heavy,False,False,Other,Cash,Occasional,0.5835714285714286,High
1960,46,Male,Shoes,Footwear,90,Colorado,M,White,Fall,3.1,No,Store Pickup,No,7,Credit Card,Every 3 Months,Middle-aged,90,New/Low,False,False,Other,Card,Occasional,0.4528571428571429,Mid
1961,57,Male,Jeans,Clothing,72,Massachusetts,L,Red,Summer,3.3,No,2-Day Shipping,No,40,Credit Card,Annually,Middle-aged,365,Established,False,False,Standard,Card,Rare,0.6185714285714284,VIP
1962,47,Male,Boots,Footwear,59,Nevada,L,Black,Summer,2.6,No,Free Shipping,No,45,Debit Card,Quarterly,Middle-aged,90,Heavy,False,False,Standard,Card,Occasional,0.5192857142857144,High
1963,40,Male,Hat,Accessories,45,Iowa,M,Silver,Fall,4.4,No,Standard,No,20,PayPal,Fortnightly,Adult,14,Emerging,False,False,Standard,Digital Wallet,Frequent,0.45071428571428573,Mid
1964,52,Male,Shorts,Clothing,30,Michigan,L,Pink,Spring,3.9,No,Standard,No,11,Credit Card,Weekly,Middle-aged,7,Emerging,False,False,Standard,Card,Very Frequent,0.2614285714285714,Low
1965,40,Male,Pants,Clothing,51,West Virginia,S,Cyan,Summer,4.6,No,Express,No,50,Debit Card,Monthly,Adult,30,Heavy,False,False,Express,Card,Frequent,0.715,VIP
1966,67,Male,Sweater,Clothing,90,Indiana,M,White,Fall,4.9,No,Express,No,25,Debit Card,Quarterly,Senior,90,Emerging,False,False,Express,Card,Occasional,0.7614285714285716,VIP
1967,67,Male,Jacket,Outerwear,95,Indiana,XL,Purple,Winter,3.7,No,Express,No,5,Credit Card,Fortnightly,Senior,14,New/Low,False,False,Express,Card,Frequent,0.5235714285714286,High
1968,37,Male,Dress,Clothing,81,Georgia,L,Yellow,Fall,3.7,No,Standard,No,4,Venmo,Annually,Adult,365,New/Low,False,False,Standard,Digital Wallet,Rare,0.4464285714285714,Mid
1969,67,Male,Shirt,Clothing,70,Minnesota,S,Blue,Spring,4.2,No,Standard,No,25,Credit Card,Weekly,Senior,7,Emerging,False,False,Standard,Card,Very Frequent,0.5914285714285714,High
1970,64,Male,Dress,Clothing,32,Louisiana,S,Cyan,Winter,3.5,No,Next Day Air,No,11,Bank Transfer,Fortnightly,Senior,14,Emerging,False,False,Express,Other,Frequent,0.23142857142857143,Low
1971,28,Male,Belt,Accessories,94,Maryland,M,Indigo,Spring,2.9,No,Next Day Air,No,4,Credit Card,Bi-Weekly,Young Adult,14,New/Low,False,False,Express,Card,Frequent,0.43142857142857144,Mid
1972,54,Male,Hat,Accessories,29,Pennsylvania,XL,Indigo,Spring,3.4,No,Next Day Air,No,1,Venmo,Monthly,Middle-aged,30,New/Low,False,False,Express,Digital Wallet,Frequent,0.135,Low
1973,54,Male,Backpack,Accessories,31,Louisiana,M,Silver,Summer,3.3,No,Express,No,48,PayPal,Every 3 Months,Middle-aged,90,Heavy,False,False,Express,Digital Wallet,Occasional,0.47071428571428564,Mid
1974,24,Male,Skirt,Clothing,20,Maryland,XL,Red,Fall,4.5,No,Standard,No,9,Venmo,Every 3 Months,Young Adult,90,New/Low,False,False,Standard,Digital Wallet,Occasional,0.2571428571428571,Low
1975,27,Male,Gloves,Accessories,44,Tennessee,M,Peach,Winter,4.6,No,2-Day Shipping,No,2,PayPal,Fortnightly,Young Adult,14,New/Low,False,False,Standard,Digital Wallet,Frequent,0.3371428571428571,Low
1976,53,Male,Jacket,Outerwear,77,Illinois,L,Turquoise,Fall,2.9,No,Express,No,4,Cash,Quarterly,Middle-aged,90,New/Low,False,False,Express,Cash,Occasional,0.3464285714285714,Low
1977,32,Male,Handbag,Accessories,51,Wyoming,M,Pink,Spring,3.2,No,Next Day Air,No,43,PayPal,Fortnightly,Adult,14,Heavy,False,False,Express,Digital Wallet,Frequent,0.525,High
1978,24,Male,Sandals,Footwear,49,Florida,M,Teal,Summer,2.6,No,Free Shipping,No,32,Bank Transfer,Annually,Young Adult,365,Established,False,False,Standard,Other,Rare,0.37642857142857145,Mid
1979,45,Male,Sunglasses,Accessories,78,Massachusetts,L,Magenta,Spring,3.8,No,Store Pickup,No,1,Cash,Quarterly,Middle-aged,90,New/Low,False,False,Other,Cash,Occasional,0.41999999999999993,Mid
1980,49,Male,Jeans,Clothing,98,Tennessee,L,Blue,Spring,2.8,No,Store Pickup,No,38,Debit Card,Fortnightly,Middle-aged,14,Established,False,False,Other,Card,Frequent,0.6842857142857143,VIP
1981,51,Male,Sandals,Footwear,94,Iowa,M,Green,Winter,4.4,No,Store Pickup,No,25,PayPal,Fortnightly,Middle-aged,14,Emerging,False,False,Other,Digital Wallet,Frequent,0.7314285714285715,VIP
1982,69,Male,Shoes,Footwear,91,Michigan,L,Violet,Summer,4.7,No,Express,No,42,PayPal,Quarterly,Senior,90,Heavy,False,False,Express,Digital Wallet,Occasional,0.8678571428571429,VIP
1983,41,Male,Sunglasses,Accessories,77,Kansas,M,Turquoise,Summer,2.7,No,2-Day Shipping,No,32,PayPal,Monthly,Adult,30,Established,False,False,Standard,Digital Wallet,Frequent,0.5264285714285715,High
1984,59,Male,Scarf,Accessories,97,Georgia,M,Pink,Summer,2.6,No,Next Day Air,No,21,Debit Card,Quarterly,Senior,90,Emerging,False,False,Express,Card,Occasional,0.5378571428571428,High
1985,26,Male,Skirt,Clothing,58,West Virginia,M,Black,Summer,3.4,No,2-Day Shipping,No,26,PayPal,Fortnightly,Young Adult,14,Established,False,False,Standard,Digital Wallet,Frequent,0.4585714285714285,Mid
1986,23,Male,Gloves,Accessories,97,Tennessee,M,Gold,Spring,3.9,No,2-Day Shipping,No,6,Credit Card,Fortnightly,Young Adult,14,New/Low,False,False,Standard,Card,Frequent,0.5607142857142857,High
1987,62,Male,Coat,Outerwear,48,Arkansas,L,Green,Summer,3.4,No,2-Day Shipping,No,14,Venmo,Quarterly,Senior,90,Emerging,False,False,Standard,Digital Wallet,Occasional,0.32285714285714284,Low
1988,69,Male,Belt,Accessories,23,Vermont,XL,White,Summer,3.4,No,Express,No,4,Cash,Quarterly,Senior,90,New/Low,False,False,Express,Cash,Occasional,0.12642857142857142,Low
1989,46,Male,Pants,Clothing,79,Virginia,M,Gold,Winter,3.9,No,Free Shipping,No,26,Bank Transfer,Weekly,Middle-aged,7,Established,False,False,Standard,Other,Very Frequent,0.6135714285714287,VIP
1990,35,Male,Jewelry,Accessories,42,Maryland,S,Charcoal,Spring,4.0,No,Express,No,39,PayPal,Bi-Weekly,Adult,14,Established,False,False,Express,Digital Wallet,Frequent,0.5314285714285715,High
1991,32,Male,Backpack,Accessories,95,Connecticut,L,White,Spring,3.4,No,2-Day Shipping,No,15,PayPal,Annually,Adult,365,Emerging,False,False,Standard,Digital Wallet,Rare,0.565,High
1992,46,Male,Sneakers,Footwear,29,Missouri,M,Brown,Summer,3.7,No,Next Day Air,No,1,Venmo,Every 3 Months,Middle-aged,90,New/Low,False,False,Express,Digital Wallet,Occasional,0.16500000000000004,Low
1993,33,Male,Hoodie,Clothing,98,New Jersey,L,Gold,Winter,4.9,No,2-Day Shipping,No,28,Venmo,Monthly,Adult,30,Established,False,False,Standard,Digital Wallet,Frequent,0.822857142857143,VIP
1994,32,Male,Blouse,Clothing,96,Arkansas,S,Purple,Spring,5.0,No,Express,No,17,Cash,Weekly,Adult,7,Emerging,False,False,Express,Cash,Very Frequent,0.7442857142857142,VIP
1995,33,Male,Sunglasses,Accessories,66,Nevada,M,Brown,Fall,2.9,No,Next Day Air,No,24,Credit Card,Weekly,Adult,7,Emerging,False,False,Express,Card,Very Frequent,0.4342857142857142,Mid
1996,67,Male,Boots,Footwear,80,Missouri,S,Teal,Spring,3.0,No,Standard,No,29,Debit Card,Quarterly,Senior,90,Established,False,False,Standard,Card,Occasional,0.55,High
1997,67,Male,Sneakers,Footwear,27,South Dakota,L,Indigo,Summer,3.3,No,Next Day Air,No,18,Cash,Every 3 Months,Senior,90,Emerging,False,False,Express,Cash,Occasional,0.2364285714285714,Low
1998,42,Male,Backpack,Accessories,25,Connecticut,M,Purple,Fall,4.7,No,Express,No,10,Debit Card,Bi-Weekly,Adult,14,New/Low,False,False,Express,Card,Frequent,0.3092857142857143,Low
1999,20,Male,Pants,Clothing,45,Vermont,M,Orange,Fall,3.4,No,2-Day Shipping,No,19,Cash,Quarterly,Young Adult,90,Emerging,False,False,Standard,Cash,Occasional,0.3435714285714285,Low
2000,39,Male,Socks,Clothing,89,Tennessee,L,Indigo,Winter,4.6,No,2-Day Shipping,No,26,Debit Card,Monthly,Adult,30,Established,False,False,Standard,Card,Frequent,0.7335714285714285,VIP
2001,26,Male,Belt,Accessories,27,California,M,Lavender,Winter,3.6,No,2-Day Shipping,No,25,Cash,Bi-Weekly,Young Adult,14,Emerging,False,False,Standard,Cash,Frequent,0.3164285714285714,Low
2002,51,Male,Sunglasses,Accessories,90,Wyoming,S,Purple,Winter,2.6,No,Free Shipping,No,2,Debit Card,Fortnightly,Middle-aged,14,New/Low,False,False,Standard,Card,Frequent,0.36714285714285716,Mid
2003,31,Male,Shirt,Clothing,65,New York,M,Red,Summer,2.7,No,Express,No,19,PayPal,Every 3 Months,Young Adult,90,Emerging,False,False,Express,Digital Wallet,Occasional,0.37357142857142855,Mid
2004,68,Male,Sneakers,Footwear,72,Maine,S,Blue,Spring,3.1,No,Express,No,32,Cash,Quarterly,Senior,90,Established,False,False,Express,Cash,Occasional,0.5414285714285715,High
2005,44,Male,Shoes,Footwear,70,Georgia,L,Blue,Fall,3.2,No,2-Day Shipping,No,13,Cash,Bi-Weekly,Adult,14,Emerging,False,False,Standard,Cash,Frequent,0.4057142857142857,Mid
2006,18,Male,Sandals,Footwear,82,Tennessee,M,Cyan,Winter,3.4,No,Store Pickup,No,30,PayPal,Fortnightly,Young Adult,14,Established,False,False,Other,Digital Wallet,Frequent,0.6071428571428571,VIP
2007,58,Male,Scarf,Accessories,97,New Mexico,S,Pink,Fall,4.4,No,Express,No,2,Credit Card,Annually,Senior,365,New/Low,False,False,Express,Card,Rare,0.5821428571428572,High
2008,26,Male,Shirt,Clothing,25,Virginia,M,Silver,Summer,3.2,No,2-Day Shipping,No,8,PayPal,Quarterly,Young Adult,90,New/Low,False,False,Standard,Digital Wallet,Occasional,0.14500000000000002,Low
2009,57,Male,Skirt,Clothing,48,Florida,M,Gray,Spring,2.5,No,Free Shipping,No,27,PayPal,Every 3 Months,Middle-aged,90,Established,False,False,Standard,Digital Wallet,Occasional,0.32571428571428573,Low
2010,37,Male,Boots,Footwear,99,Alabama,M,Indigo,Summer,3.8,No,Next Day Air,No,26,Venmo,Bi-Weekly,Adult,14,Established,False,False,Express,Digital Wallet,Frequent,0.7035714285714286,VIP
2011,24,Male,Sweater,Clothing,21,Texas,M,Maroon,Summer,4.4,No,2-Day Shipping,No,3,Debit Card,Bi-Weekly,Young Adult,14,New/Low,False,False,Standard,Card,Frequent,0.20928571428571432,Low
2012,57,Male,Sandals,Footwear,94,West Virginia,M,Beige,Spring,3.7,No,Express,No,4,Bank Transfer,Monthly,Middle-aged,30,New/Low,False,False,Express,Other,Frequent,0.5114285714285715,High
2013,48,Male,Jeans,Clothing,53,Nevada,L,Green,Fall,3.2,No,Store Pickup,No,5,Cash,Fortnightly,Middle-aged,14,New/Low,False,False,Other,Cash,Frequent,0.26357142857142857,Low
2014,39,Male,Backpack,Accessories,70,Virginia,M,Peach,Winter,4.9,No,Standard,No,25,Debit Card,Quarterly,Adult,90,Emerging,False,False,Standard,Card,Occasional,0.6614285714285715,VIP
2015,51,Male,Skirt,Clothing,26,Wisconsin,L,Black,Summer,3.9,No,Standard,No,47,PayPal,Bi-Weekly,Middle-aged,14,Heavy,False,False,Standard,Digital Wallet,Frequent,0.49857142857142855,High
2016,57,Male,Belt,Accessories,82,Virginia,S,Pink,Summer,4.5,No,Next Day Air,No,8,Credit Card,Fortnightly,Middle-aged,14,New/Low,False,False,Express,Card,Frequent,0.56,High
2017,53,Male,Shoes,Footwear,47,Maine,S,Violet,Winter,3.4,No,Standard,No,20,Debit Card,Fortnightly,Middle-aged,14,Emerging,False,False,Standard,Card,Frequent,0.36071428571428565,Mid
2018,70,Male,Socks,Clothing,32,Massachusetts,S,Green,Winter,4.1,No,Next Day Air,No,42,Bank Transfer,Every 3 Months,Senior,90,Heavy,False,False,Express,Other,Occasional,0.5128571428571429,High
2019,60,Male,Backpack,Accessories,97,Arkansas,S,Gold,Fall,4.5,No,Store Pickup,No,20,Bank Transfer,Weekly,Senior,7,Emerging,False,False,Other,Other,Very Frequent,0.7207142857142856,VIP
2020,31,Male,Shirt,Clothing,68,Idaho,S,Red,Winter,4.7,No,Store Pickup,No,23,Cash,Fortnightly,Young Adult,14,Emerging,False,False,Other,Cash,Frequent,0.6171428571428572,VIP
2021,41,Male,Sweater,Clothing,23,Pennsylvania,M,Beige,Winter,4.8,No,Next Day Air,No,26,Cash,Quarterly,Adult,90,Established,False,False,Express,Cash,Occasional,0.42357142857142854,Mid
2022,62,Male,Handbag,Accessories,33,Maine,M,Green,Winter,4.4,No,Standard,No,48,Venmo,Quarterly,Senior,90,Heavy,False,False,Standard,Digital Wallet,Occasional,0.5907142857142857,High
2023,59,Male,Jewelry,Accessories,38,Alabama,S,Black,Winter,4.0,No,Store Pickup,No,16,Cash,Bi-Weekly,Senior,14,Emerging,False,False,Other,Cash,Frequent,0.34714285714285714,Low
2024,46,Male,Socks,Clothing,68,Idaho,S,Teal,Winter,4.1,No,Store Pickup,No,28,Cash,Bi-Weekly,Middle-aged,14,Established,False,False,Other,Cash,Frequent,0.5928571428571427,High
2025,62,Male,Socks,Clothing,23,Arkansas,L,Silver,Fall,3.7,No,Express,No,39,PayPal,Weekly,Senior,7,Established,False,False,Express,Digital Wallet,Very Frequent,0.4064285714285715,Mid
2026,42,Male,Shirt,Clothing,29,Delaware,M,Turquoise,Summer,3.0,No,Express,No,43,Debit Card,Fortnightly,Adult,14,Heavy,False,False,Express,Card,Frequent,0.39499999999999996,Mid
2027,37,Male,Scarf,Accessories,35,Maine,M,Orange,Winter,3.6,No,Express,No,45,Bank Transfer,Every 3 Months,Adult,90,Heavy,False,False,Express,Other,Occasional,0.49928571428571433,High
2028,50,Male,Shoes,Footwear,73,Nebraska,S,Gold,Fall,4.8,No,Standard,No,50,Credit Card,Every 3 Months,Middle-aged,90,Heavy,False,False,Standard,Card,Occasional,0.845,VIP
2029,29,Male,Shoes,Footwear,84,Ohio,XL,Purple,Fall,3.7,No,2-Day Shipping,No,10,Venmo,Bi-Weekly,Young Adult,14,New/Low,False,False,Standard,Digital Wallet,Frequent,0.5042857142857143,High
2030,25,Male,Scarf,Accessories,23,Montana,M,Pink,Spring,4.6,No,Next Day Air,No,40,PayPal,Quarterly,Young Adult,90,Established,False,False,Express,Digital Wallet,Occasional,0.5035714285714286,High
2031,66,Male,Sunglasses,Accessories,67,New Mexico,S,Green,Summer,2.8,No,Standard,No,38,Credit Card,Monthly,Senior,30,Established,False,False,Standard,Card,Frequent,0.5292857142857142,High
2032,21,Male,Socks,Clothing,51,North Carolina,L,Charcoal,Spring,4.0,No,Standard,No,2,Credit Card,Monthly,Young Adult,30,New/Low,False,False,Standard,Card,Frequent,0.31214285714285717,Low
2033,46,Male,Blouse,Clothing,36,South Carolina,M,Maroon,Winter,4.2,No,Next Day Air,No,13,Cash,Annually,Middle-aged,365,Emerging,False,False,Express,Cash,Rare,0.33571428571428574,Low
2034,57,Male,Jeans,Clothing,55,Illinois,L,Olive,Summer,3.6,No,Express,No,33,Venmo,Annually,Middle-aged,365,Established,False,False,Express,Digital Wallet,Rare,0.5135714285714286,High
2035,61,Male,Shorts,Clothing,30,Alabama,M,Peach,Spring,2.9,No,Store Pickup,No,27,PayPal,Monthly,Senior,30,Established,False,False,Other,Digital Wallet,Frequent,0.2757142857142857,Low
2036,53,Male,T-shirt,Clothing,70,Oklahoma,S,Yellow,Summer,4.1,No,Express,No,43,Bank Transfer,Weekly,Middle-aged,7,Heavy,False,False,Express,Other,Very Frequent,0.71,VIP
2037,37,Male,Blouse,Clothing,63,Minnesota,S,Lavender,Winter,3.1,No,Next Day Air,No,46,Cash,Weekly,Adult,7,Heavy,False,False,Express,Cash,Very Frequent,0.5964285714285714,VIP
2038,39,Male,Belt,Accessories,87,Illinois,S,Green,Summer,4.3,No,Express,No,7,Venmo,Bi-Weekly,Adult,14,New/Low,False,False,Express,Digital Wallet,Frequent,0.5578571428571428,High
2039,53,Male,Blouse,Clothing,70,Arkansas,L,Orange,Spring,4.4,No,Next Day Air,No,35,Credit Card,Fortnightly,Middle-aged,14,Established,False,False,Express,Card,Frequent,0.6828571428571428,VIP
2040,35,Male,T-shirt,Clothing,51,Minnesota,M,Olive,Spring,3.1,No,Next Day Air,No,31,Debit Card,Bi-Weekly,Adult,14,Established,False,False,Express,Card,Frequent,0.4292857142857143,Mid
2041,69,Male,Jewelry,Accessories,25,South Carolina,XL,Gray,Spring,2.9,No,Free Shipping,No,42,Venmo,Quarterly,Senior,90,Heavy,False,False,Standard,Digital Wallet,Occasional,0.3578571428571429,Mid
2042,66,Male,Jacket,Outerwear,32,New York,S,Lavender,Winter,3.2,No,Next Day Air,No,14,PayPal,Bi-Weekly,Senior,14,Emerging,False,False,Express,Digital Wallet,Frequent,0.22285714285714286,Low
2043,19,Male,Shoes,Footwear,52,Alabama,M,Red,Spring,4.0,No,2-Day Shipping,No,35,Venmo,Monthly,Young Adult,30,Established,False,False,Standard,Digital Wallet,Frequent,0.5528571428571428,High
2044,47,Male,Gloves,Accessories,33,New York,M,Charcoal,Summer,2.7,No,Standard,No,49,PayPal,Weekly,Middle-aged,7,Heavy,False,False,Standard,Digital Wallet,Very Frequent,0.4278571428571428,Mid
2045,49,Male,Jeans,Clothing,68,Missouri,L,Orange,Spring,3.0,No,Free Shipping,No,17,PayPal,Fortnightly,Middle-aged,14,Emerging,False,False,Standard,Digital Wallet,Frequent,0.40428571428571425,Mid
2046,31,Male,Jewelry,Accessories,20,Georgia,M,Red,Fall,4.4,No,Express,No,26,PayPal,Quarterly,Young Adult,90,Established,False,False,Express,Digital Wallet,Occasional,0.3685714285714286,Mid
2047,39,Male,Pants,Clothing,32,Oklahoma,M,Maroon,Winter,2.8,No,Free Shipping,No,30,Cash,Every 3 Months,Adult,90,Established,False,False,Standard,Cash,Occasional,0.2971428571428571,Low
2048,58,Male,Jewelry,Accessories,82,Connecticut,M,Silver,Summer,3.1,No,Store Pickup,No,32,Cash,Annually,Senior,365,Established,False,False,Other,Cash,Rare,0.5914285714285715,High
2049,45,Male,Sneakers,Footwear,64,Michigan,XL,Pink,Winter,3.9,No,Express,No,35,Bank Transfer,Quarterly,Middle-aged,90,Established,False,False,Express,Other,Occasional,0.6028571428571429,VIP
2050,68,Male,Boots,Footwear,24,Rhode Island,L,Blue,Fall,2.7,No,Standard,No,15,Venmo,Annually,Senior,365,Emerging,False,False,Standard,Digital Wallet,Rare,0.14,Low
2051,35,Male,Hat,Accessories,96,Mississippi,M,Teal,Summer,3.4,No,Store Pickup,No,10,Debit Card,Annually,Adult,365,New/Low,False,False,Other,Card,Rare,0.5342857142857143,High
2052,65,Male,T-shirt,Clothing,94,Massachusetts,L,Black,Spring,3.8,No,Free Shipping,No,14,Credit Card,Monthly,Senior,30,Emerging,False,False,Standard,Card,Frequent,0.5928571428571429,High
2053,45,Male,Backpack,Accessories,48,New Hampshire,M,Gray,Winter,3.7,No,2-Day Shipping,No,30,Bank Transfer,Annually,Middle-aged,365,Established,False,False,Standard,Other,Rare,0.4671428571428571,Mid
2054,19,Male,Sunglasses,Accessories,60,Wyoming,S,Purple,Spring,4.5,No,2-Day Shipping,No,16,Credit Card,Fortnightly,Young Adult,14,Emerging,False,False,Standard,Card,Frequent,0.5071428571428571,High
2055,65,Male,Sweater,Clothing,56,New Jersey,XL,Gold,Spring,2.9,No,Express,No,14,PayPal,Annually,Senior,365,Emerging,False,False,Express,Digital Wallet,Rare,0.3128571428571429,Low
2056,28,Male,Handbag,Accessories,33,Texas,M,Silver,Fall,3.4,No,2-Day Shipping,No,28,Bank Transfer,Weekly,Young Adult,7,Established,False,False,Standard,Other,Very Frequent,0.34785714285714286,Low
2057,55,Male,Backpack,Accessories,46,Minnesota,L,Blue,Spring,4.4,No,2-Day Shipping,No,29,PayPal,Monthly,Middle-aged,30,Established,False,False,Standard,Digital Wallet,Frequent,0.52,High
2058,66,Male,Socks,Clothing,37,South Dakota,L,Yellow,Spring,4.2,No,Standard,No,5,PayPal,Every 3 Months,Senior,90,New/Low,False,False,Standard,Digital Wallet,Occasional,0.2835714285714286,Low
2059,29,Male,Shirt,Clothing,98,Washington,M,Brown,Winter,3.3,No,Store Pickup,No,17,Bank Transfer,Quarterly,Young Adult,90,Emerging,False,False,Other,Other,Occasional,0.5842857142857142,High
2060,56,Male,Shorts,Clothing,50,California,XL,Beige,Spring,3.7,No,Express,No,50,PayPal,Weekly,Middle-aged,7,Heavy,False,False,Express,Digital Wallet,Very Frequent,0.62,VIP
2061,21,Male,Belt,Accessories,63,Wisconsin,M,Blue,Fall,3.2,No,Next Day Air,No,23,Bank Transfer,Quarterly,Young Adult,90,Emerging,False,False,Express,Other,Occasional,0.4421428571428571,Mid
2062,32,Male,Sweater,Clothing,70,Michigan,S,Magenta,Summer,2.6,No,Store Pickup,No,22,Debit Card,Annually,Adult,365,Emerging,False,False,Other,Card,Rare,0.41000000000000003,Mid
2063,54,Male,Coat,Outerwear,63,South Carolina,L,Silver,Fall,2.8,No,Standard,No,15,Cash,Quarterly,Middle-aged,90,Emerging,False,False,Standard,Cash,Occasional,0.345,Low
2064,61,Male,Shorts,Clothing,86,Indiana,M,Cyan,Fall,2.9,No,Standard,No,32,Cash,Monthly,Senior,30,Established,False,False,Standard,Cash,Frequent,0.5914285714285714,High
2065,31,Male,Shoes,Footwear,99,Arkansas,M,Green,Summer,4.0,No,2-Day Shipping,No,5,Bank Transfer,Monthly,Young Adult,30,New/Low,False,False,Standard,Other,Frequent,0.5735714285714286,High
2066,27,Male,Sneakers,Footwear,40,Oregon,M,Blue,Spring,2.9,No,Free Shipping,No,6,Bank Transfer,Bi-Weekly,Young Adult,14,New/Low,False,False,Standard,Other,Frequent,0.1757142857142857,Low
2067,64,Male,Sneakers,Footwear,92,Illinois,M,Olive,Fall,4.7,No,Store Pickup,No,44,Debit Card,Fortnightly,Senior,14,Heavy,False,False,Other,Card,Frequent,0.8871428571428572,VIP
2068,60,Male,Pants,Clothing,21,Maryland,XL,Beige,Fall,3.1,No,2-Day Shipping,No,23,Cash,Fortnightly,Senior,14,Emerging,False,False,Standard,Cash,Frequent,0.22214285714285714,Low
2069,70,Male,Jewelry,Accessories,81,Vermont,XL,Black,Summer,3.9,No,Store Pickup,No,44,Venmo,Monthly,Senior,30,Heavy,False,False,Other,Digital Wallet,Frequent,0.7521428571428571,VIP
2070,36,Male,T-shirt,Clothing,82,Texas,M,Indigo,Fall,3.4,No,Free Shipping,No,3,Debit Card,Quarterly,Adult,90,New/Low,False,False,Standard,Card,Occasional,0.41428571428571437,Mid
2071,56,Male,Jewelry,Accessories,88,Nebraska,XL,Red,Spring,3.1,No,Express,No,14,Cash,Monthly,Middle-aged,30,Emerging,False,False,Express,Cash,Frequent,0.4928571428571429,High
2072,69,Male,Jacket,Outerwear,100,South Carolina,S,Yellow,Fall,4.8,No,Store Pickup,No,37,PayPal,Quarterly,Senior,90,Established,False,False,Other,Digital Wallet,Occasional,0.8871428571428571,VIP
2073,39,Male,Backpack,Accessories,66,Massachusetts,M,Beige,Winter,3.9,No,Next Day Air,No,22,Bank Transfer,Weekly,Adult,7,Emerging,False,False,Express,Other,Very Frequent,0.52,High
2074,38,Male,Belt,Accessories,25,Texas,S,Green,Winter,3.5,No,Next Day Air,No,2,PayPal,Every 3 Months,Adult,90,New/Low,False,False,Express,Digital Wallet,Occasional,0.13214285714285715,Low
2075,36,Male,Scarf,Accessories,53,Florida,M,White,Summer,3.1,No,Free Shipping,No,44,Debit Card,Fortnightly,Adult,14,Heavy,False,False,Standard,Card,Frequent,0.5321428571428571,High
2076,46,Male,Sweater,Clothing,28,South Carolina,S,Turquoise,Fall,4.7,No,Express,No,49,Debit Card,Monthly,Middle-aged,30,Heavy,False,False,Express,Card,Frequent,0.6028571428571428,VIP
2077,59,Male,Gloves,Accessories,23,Florida,S,Indigo,Fall,4.6,No,Free Shipping,No,22,Debit Card,Bi-Weekly,Senior,14,Emerging,False,False,Standard,Card,Frequent,0.37499999999999994,Mid
2078,64,Male,Scarf,Accessories,34,Nebraska,L,Orange,Fall,3.3,No,Free Shipping,No,26,Bank Transfer,Annually,Senior,365,Established,False,False,Standard,Other,Rare,0.3285714285714285,Low
2079,49,Male,Dress,Clothing,42,Hawaii,M,Blue,Spring,3.2,No,Next Day Air,No,40,Debit Card,Weekly,Middle-aged,7,Established,False,False,Express,Card,Very Frequent,0.4585714285714286,Mid
2080,32,Male,Jeans,Clothing,24,Montana,L,Violet,Summer,3.1,No,Next Day Air,No,16,PayPal,Quarterly,Adult,90,Emerging,False,False,Express,Digital Wallet,Occasional,0.18714285714285717,Low
2081,29,Male,Sunglasses,Accessories,47,South Dakota,S,Gray,Fall,3.5,No,Free Shipping,No,17,Debit Card,Bi-Weekly,Young Adult,14,Emerging,False,False,Standard,Card,Frequent,0.3492857142857143,Low
2082,24,Male,Coat,Outerwear,78,Alabama,S,Cyan,Spring,4.3,No,Standard,No,48,Bank Transfer,Bi-Weekly,Young Adult,14,Heavy,False,False,Standard,Other,Frequent,0.8057142857142856,VIP
2083,41,Male,Jeans,Clothing,89,Arkansas,M,Yellow,Summer,2.9,No,Free Shipping,No,28,Venmo,Every 3 Months,Adult,90,Established,False,False,Standard,Digital Wallet,Occasional,0.5778571428571428,High
2084,41,Male,Scarf,Accessories,59,Mississippi,L,Orange,Fall,2.7,No,Store Pickup,No,26,Credit Card,Fortnightly,Adult,14,Established,False,False,Other,Card,Frequent,0.39357142857142857,Mid
2085,32,Male,Blouse,Clothing,94,Vermont,S,Brown,Summer,4.0,No,Standard,No,43,Bank Transfer,Quarterly,Adult,90,Heavy,False,False,Standard,Other,Occasional,0.8200000000000001,VIP
2086,69,Male,Jeans,Clothing,49,New York,M,Teal,Fall,4.6,No,Free Shipping,No,38,Debit Card,Weekly,Senior,7,Established,False,False,Standard,Card,Very Frequent,0.6192857142857142,VIP
2087,65,Male,Dress,Clothing,89,North Dakota,L,Beige,Summer,4.7,No,2-Day Shipping,No,36,Cash,Every 3 Months,Senior,90,Established,False,False,Standard,Cash,Occasional,0.815,VIP
2088,54,Male,Hat,Accessories,91,Wisconsin,M,Blue,Summer,4.7,No,Standard,No,1,Credit Card,Weekly,Middle-aged,7,New/Low,False,False,Standard,Card,Very Frequent,0.575,High
2089,39,Male,Sandals,Footwear,89,California,L,Orange,Spring,4.0,No,Standard,No,49,Debit Card,Annually,Adult,365,Heavy,False,False,Standard,Card,Rare,0.8378571428571429,VIP
2090,37,Male,Jacket,Outerwear,57,Maryland,L,Gold,Spring,3.6,No,Free Shipping,No,41,Credit Card,Every 3 Months,Adult,90,Heavy,False,False,Standard,Card,Occasional,0.5807142857142857,High
2091,51,Male,Socks,Clothing,71,Massachusetts,S,Teal,Winter,3.4,No,Free Shipping,No,21,Debit Card,Monthly,Middle-aged,30,Emerging,False,False,Standard,Card,Frequent,0.4878571428571429,High
2092,26,Male,Jeans,Clothing,97,Washington,XL,Beige,Fall,3.0,No,Next Day Air,No,24,Bank Transfer,Quarterly,Young Adult,90,Emerging,False,False,Express,Other,Occasional,0.5992857142857143,VIP
2093,42,Male,Sandals,Footwear,45,Minnesota,M,Silver,Fall,2.6,No,Next Day Air,No,27,Bank Transfer,Weekly,Adult,7,Established,False,False,Express,Other,Very Frequent,0.32071428571428573,Low
2094,21,Male,Dress,Clothing,91,Washington,M,Maroon,Spring,4.2,No,Store Pickup,No,4,Debit Card,Annually,Young Adult,365,New/Low,False,False,Other,Card,Rare,0.5464285714285714,High
2095,53,Male,Socks,Clothing,25,South Carolina,M,Indigo,Spring,3.4,No,Standard,No,19,Venmo,Annually,Middle-aged,365,Emerging,False,False,Standard,Digital Wallet,Rare,0.24357142857142855,Low
2096,36,Male,Hoodie,Clothing,63,New Mexico,M,Gray,Fall,4.0,No,Store Pickup,No,1,Bank Transfer,Fortnightly,Adult,14,New/Low,False,False,Other,Other,Frequent,0.365,Mid
2097,21,Male,Dress,Clothing,52,North Carolina,L,Blue,Summer,4.7,No,Free Shipping,No,27,Debit Card,Annually,Young Adult,365,Established,False,False,Standard,Card,Rare,0.5657142857142858,High
2098,33,Male,Sneakers,Footwear,43,Iowa,S,Cyan,Winter,3.9,No,Next Day Air,No,5,Credit Card,Weekly,Adult,7,New/Low,False,False,Express,Card,Very Frequent,0.2835714285714286,Low
2099,49,Male,T-shirt,Clothing,28,Louisiana,M,White,Summer,3.3,No,2-Day Shipping,No,20,Venmo,Quarterly,Middle-aged,90,Emerging,False,False,Standard,Digital Wallet,Occasional,0.25571428571428567,Low
2100,31,Male,T-shirt,Clothing,78,Oklahoma,L,Green,Summer,2.9,No,Express,No,50,PayPal,Annually,Young Adult,365,Heavy,False,False,Express,Digital Wallet,Rare,0.6799999999999999,VIP
2101,68,Male,Sweater,Clothing,31,Michigan,M,Silver,Spring,4.4,No,Free Shipping,No,36,Cash,Fortnightly,Senior,14,Established,False,False,Standard,Cash,Frequent,0.495,High
2102,49,Male,Shirt,Clothing,23,Oregon,M,Blue,Winter,3.6,No,Next Day Air,No,12,Bank Transfer,Bi-Weekly,Middle-aged,14,Emerging,False,False,Express,Other,Frequent,0.20357142857142857,Low
2103,23,Male,Hat,Accessories,25,Idaho,M,Brown,Spring,4.5,No,Store Pickup,No,23,Cash,Monthly,Young Adult,30,Emerging,False,False,Other,Cash,Frequent,0.3821428571428571,Mid
2104,30,Male,Pants,Clothing,86,Indiana,S,Red,Summer,3.7,No,Store Pickup,No,21,Venmo,Weekly,Young Adult,7,Emerging,False,False,Other,Digital Wallet,Very Frequent,0.5928571428571429,High
2105,53,Male,Shoes,Footwear,88,New Mexico,M,Gold,Spring,2.8,No,Free Shipping,No,47,Venmo,Weekly,Middle-aged,7,Heavy,False,False,Standard,Digital Wallet,Very Frequent,0.6985714285714286,VIP
2106,65,Male,Gloves,Accessories,35,South Carolina,M,Silver,Spring,4.5,No,Free Shipping,No,38,Venmo,Bi-Weekly,Senior,14,Established,False,False,Standard,Digital Wallet,Frequent,0.5392857142857143,High
2107,60,Male,Jewelry,Accessories,34,Vermont,M,Gray,Fall,4.4,No,Standard,No,40,Credit Card,Every 3 Months,Senior,90,Established,False,False,Standard,Card,Occasional,0.5385714285714286,High
2108,46,Male,Pants,Clothing,75,Delaware,M,Black,Winter,3.3,No,Standard,No,35,PayPal,Quarterly,Middle-aged,90,Established,False,False,Standard,Digital Wallet,Occasional,0.5978571428571428,VIP
2109,54,Male,Hoodie,Clothing,46,North Dakota,XL,Beige,Winter,4.2,No,Express,No,4,Credit Card,Quarterly,Middle-aged,90,New/Low,False,False,Express,Card,Occasional,0.32142857142857145,Low
2110,59,Male,Jewelry,Accessories,31,California,L,Peach,Fall,2.7,No,Free Shipping,No,28,Venmo,Every 3 Months,Senior,90,Established,False,False,Standard,Digital Wallet,Occasional,0.26785714285714285,Low
2111,52,Male,Socks,Clothing,93,Montana,L,Cyan,Spring,3.9,No,Store Pickup,No,36,Debit Card,Every 3 Months,Middle-aged,90,Established,False,False,Other,Card,Occasional,0.755,VIP
2112,41,Male,Sunglasses,Accessories,85,Missouri,XL,Pink,Spring,2.6,No,Free Shipping,No,15,Bank Transfer,Annually,Adult,365,Emerging,False,False,Standard,Other,Rare,0.435,Mid
2113,43,Male,Belt,Accessories,68,Tennessee,M,Lavender,Fall,4.5,No,2-Day Shipping,No,7,Cash,Fortnightly,Adult,14,New/Low,False,False,Standard,Cash,Frequent,0.4828571428571429,High
2114,63,Male,Dress,Clothing,40,Virginia,M,Brown,Spring,2.7,No,Store Pickup,No,29,PayPal,Every 3 Months,Senior,90,Established,False,False,Other,Digital Wallet,Occasional,0.32,Low
2115,37,Male,Shirt,Clothing,51,Vermont,M,Magenta,Winter,2.9,No,Standard,No,12,Debit Card,Annually,Adult,365,Emerging,False,False,Standard,Card,Rare,0.2735714285714286,Low
2116,44,Male,Scarf,Accessories,85,Rhode Island,M,Violet,Winter,3.4,No,Store Pickup,No,16,Bank Transfer,Bi-Weekly,Adult,14,Emerging,False,False,Other,Other,Frequent,0.5221428571428571,High
2117,67,Male,Jacket,Outerwear,23,Kansas,M,Teal,Summer,2.9,No,Express,No,50,Debit Card,Bi-Weekly,Senior,14,Heavy,False,False,Express,Card,Frequent,0.40499999999999997,Mid
2118,27,Male,Dress,Clothing,28,Colorado,L,Brown,Summer,3.8,No,Free Shipping,No,11,Debit Card,Annually,Young Adult,365,Emerging,False,False,Standard,Card,Rare,0.2414285714285714,Low
2119,60,Male,Socks,Clothing,44,Georgia,M,Olive,Fall,4.2,No,2-Day Shipping,No,28,Debit Card,Quarterly,Senior,90,Established,False,False,Standard,Card,Occasional,0.4828571428571429,High
2120,58,Male,Jewelry,Accessories,57,Nebraska,M,Indigo,Spring,3.5,No,Store Pickup,No,36,Venmo,Bi-Weekly,Senior,14,Established,False,False,Other,Digital Wallet,Frequent,0.535,High
2121,53,Male,Scarf,Accessories,98,Missouri,S,Red,Fall,3.1,No,Next Day Air,No,38,PayPal,Quarterly,Middle-aged,90,Established,False,False,Express,Digital Wallet,Occasional,0.7142857142857143,VIP
2122,43,Male,Backpack,Accessories,68,Alaska,M,Olive,Winter,3.5,No,2-Day Shipping,No,32,Bank Transfer,Monthly,Adult,30,Established,False,False,Standard,Other,Frequent,0.5614285714285714,High
2123,32,Male,Jacket,Outerwear,36,Virginia,L,Teal,Fall,4.0,No,Express,No,42,Debit Card,Weekly,Adult,7,Heavy,False,False,Express,Card,Very Frequent,0.5228571428571429,High
2124,54,Male,Coat,Outerwear,71,Nebraska,L,Cyan,Spring,3.7,No,Express,No,22,Debit Card,Bi-Weekly,Middle-aged,14,Emerging,False,False,Express,Card,Frequent,0.525,High
2125,47,Male,Skirt,Clothing,60,Rhode Island,M,Teal,Fall,4.2,No,Next Day Air,No,22,Venmo,Quarterly,Middle-aged,90,Emerging,False,False,Express,Digital Wallet,Occasional,0.52,High
2126,57,Male,Coat,Outerwear,87,New Hampshire,M,Beige,Fall,4.8,No,Store Pickup,No,31,PayPal,Quarterly,Middle-aged,90,Established,False,False,Other,Digital Wallet,Occasional,0.7792857142857142,VIP
2127,63,Male,Shoes,Footwear,38,Alabama,XL,Magenta,Winter,4.1,No,Express,No,28,Credit Card,Monthly,Senior,30,Established,False,False,Express,Card,Frequent,0.44285714285714284,Mid
2128,70,Male,Boots,Footwear,45,North Carolina,M,Indigo,Spring,4.5,No,2-Day Shipping,No,40,Debit Card,Weekly,Senior,7,Established,False,False,Standard,Card,Very Frequent,0.6035714285714285,VIP
2129,62,Male,Coat,Outerwear,47,New Mexico,L,Cyan,Fall,2.7,No,2-Day Shipping,No,21,PayPal,Weekly,Senior,7,Emerging,False,False,Standard,Digital Wallet,Very Frequent,0.2978571428571429,Low
2130,40,Male,Skirt,Clothing,57,Minnesota,L,Orange,Fall,2.8,No,Store Pickup,No,12,PayPal,Every 3 Months,Adult,90,Emerging,False,False,Other,Digital Wallet,Occasional,0.29357142857142854,Low
2131,25,Male,Backpack,Accessories,68,Arizona,L,Violet,Summer,3.7,No,Free Shipping,No,33,Credit Card,Annually,Young Adult,365,Established,False,False,Standard,Card,Rare,0.5885714285714285,High
2132,19,Male,Shorts,Clothing,52,Montana,M,Red,Fall,3.6,No,Express,No,9,Bank Transfer,Fortnightly,Young Adult,14,New/Low,False,False,Express,Other,Frequent,0.3271428571428572,Low
2133,25,Male,Skirt,Clothing,87,Vermont,M,Magenta,Fall,4.7,No,2-Day Shipping,No,15,Debit Card,Weekly,Young Adult,7,Emerging,False,False,Standard,Card,Very Frequent,0.655,VIP
2134,21,Male,Hat,Accessories,34,Maine,M,Olive,Summer,3.8,No,Standard,No,13,Bank Transfer,Annually,Young Adult,365,Emerging,False,False,Standard,Other,Rare,0.2857142857142857,Low
2135,55,Male,Sandals,Footwear,41,Virginia,XL,Maroon,Winter,2.9,No,Standard,No,35,Credit Card,Fortnightly,Middle-aged,14,Established,False,False,Standard,Card,Frequent,0.38785714285714284,Mid
2136,34,Male,Sunglasses,Accessories,94,California,S,Yellow,Winter,4.6,No,Next Day Air,No,1,Debit Card,Every 3 Months,Adult,90,New/Low,False,False,Express,Card,Occasional,0.5800000000000001,High
2137,47,Male,Sunglasses,Accessories,93,New York,M,Red,Summer,2.8,No,Standard,No,25,Bank Transfer,Fortnightly,Middle-aged,14,Emerging,False,False,Standard,Other,Frequent,0.5664285714285714,High
2138,27,Male,Socks,Clothing,51,Indiana,XL,Purple,Winter,4.6,No,2-Day Shipping,No,20,Credit Card,Every 3 Months,Young Adult,90,Emerging,False,False,Standard,Card,Occasional,0.5007142857142857,High
2139,67,Male,Sweater,Clothing,42,Mississippi,M,Teal,Fall,2.8,No,Next Day Air,No,36,Venmo,Quarterly,Senior,90,Established,False,False,Express,Digital Wallet,Occasional,0.38999999999999996,Mid
2140,40,Male,Boots,Footwear,95,New York,M,Red,Winter,3.0,No,Free Shipping,No,33,Cash,Weekly,Adult,7,Established,False,False,Standard,Cash,Very Frequent,0.6535714285714286,VIP
2141,53,Male,Handbag,Accessories,90,New Mexico,M,Brown,Fall,3.7,No,Standard,No,36,Cash,Fortnightly,Middle-aged,14,Established,False,False,Standard,Cash,Frequent,0.7200000000000001,VIP
2142,24,Male,Dress,Clothing,98,Kentucky,M,Peach,Winter,4.1,No,2-Day Shipping,No,32,PayPal,Annually,Young Adult,365,Established,False,False,Standard,Digital Wallet,Rare,0.7714285714285714,VIP
2143,47,Male,Hat,Accessories,39,North Dakota,M,Maroon,Winter,4.3,No,Next Day Air,No,21,Venmo,Quarterly,Middle-aged,90,Emerging,False,False,Express,Digital Wallet,Occasional,0.4178571428571428,Mid
2144,53,Male,Sandals,Footwear,66,Arkansas,L,Red,Fall,3.8,No,Next Day Air,No,48,Venmo,Bi-Weekly,Middle-aged,14,Heavy,False,False,Express,Digital Wallet,Frequent,0.6957142857142856,VIP
2145,47,Male,Shoes,Footwear,23,Maryland,L,Orange,Winter,3.7,No,Free Shipping,No,25,PayPal,Quarterly,Middle-aged,90,Emerging,False,False,Standard,Digital Wallet,Occasional,0.3064285714285714,Low
2146,38,Male,Skirt,Clothing,73,Connecticut,S,White,Winter,4.8,No,Standard,No,32,PayPal,Annually,Adult,365,Established,False,False,Standard,Digital Wallet,Rare,0.7164285714285714,VIP
2147,48,Male,Sunglasses,Accessories,23,Utah,XL,White,Summer,4.6,No,Standard,No,45,PayPal,Every 3 Months,Middle-aged,90,Heavy,False,False,Standard,Digital Wallet,Occasional,0.5392857142857143,High
2148,47,Male,Skirt,Clothing,43,Missouri,S,Charcoal,Fall,4.8,No,Standard,No,4,Cash,Fortnightly,Middle-aged,14,New/Low,False,False,Standard,Cash,Frequent,0.36642857142857144,Mid
2149,19,Male,T-shirt,Clothing,45,Nebraska,XL,Turquoise,Winter,4.6,No,2-Day Shipping,No,19,PayPal,Bi-Weekly,Young Adult,14,Emerging,False,False,Standard,Digital Wallet,Frequent,0.4635714285714285,Mid
2150,38,Male,Sandals,Footwear,21,Hawaii,L,Orange,Winter,4.0,No,Standard,No,1,Bank Transfer,Weekly,Adult,7,New/Low,False,False,Standard,Other,Very Frequent,0.155,Low
2151,57,Male,Shirt,Clothing,40,Illinois,M,Orange,Spring,2.6,No,2-Day Shipping,No,12,Cash,Weekly,Middle-aged,7,Emerging,False,False,Standard,Cash,Very Frequent,0.18857142857142858,Low
2152,70,Male,Jeans,Clothing,58,Vermont,L,Brown,Fall,2.6,No,2-Day Shipping,No,18,Venmo,Monthly,Senior,30,Emerging,False,False,Standard,Digital Wallet,Frequent,0.3214285714285714,Low
2153,38,Male,Shorts,Clothing,48,New Jersey,L,Magenta,Summer,4.5,No,Next Day Air,No,43,Bank Transfer,Bi-Weekly,Adult,14,Heavy,False,False,Express,Other,Frequent,0.6399999999999999,VIP
2154,35,Male,Shirt,Clothing,94,Kentucky,M,Violet,Fall,4.2,No,Free Shipping,No,31,PayPal,Annually,Adult,365,Established,False,False,Standard,Digital Wallet,Rare,0.7542857142857143,VIP
2155,46,Male,Scarf,Accessories,74,Wyoming,M,Violet,Spring,3.4,No,Store Pickup,No,33,Cash,Every 3 Months,Middle-aged,90,Established,False,False,Other,Cash,Occasional,0.5885714285714285,High
2156,32,Male,Handbag,Accessories,51,Hawaii,L,Yellow,Fall,3.7,No,Store Pickup,No,46,PayPal,Monthly,Adult,30,Heavy,False,False,Other,Digital Wallet,Frequent,0.5964285714285714,VIP
2157,38,Male,Skirt,Clothing,83,Missouri,M,Maroon,Winter,3.6,No,Next Day Air,No,41,Debit Card,Bi-Weekly,Adult,14,Heavy,False,False,Express,Card,Frequent,0.7107142857142857,VIP
2158,41,Male,Handbag,Accessories,68,Mississippi,L,Turquoise,Winter,4.0,No,Next Day Air,No,41,Venmo,Fortnightly,Adult,14,Heavy,False,False,Express,Digital Wallet,Frequent,0.6757142857142857,VIP
2159,19,Male,Gloves,Accessories,84,Massachusetts,XL,Olive,Spring,4.6,No,Standard,No,9,Bank Transfer,Fortnightly,Young Adult,14,New/Low,False,False,Standard,Other,Frequent,0.5871428571428572,High
2160,18,Male,Shirt,Clothing,58,Louisiana,M,Peach,Fall,3.0,No,Free Shipping,No,34,Cash,Annually,Young Adult,365,Established,False,False,Standard,Cash,Rare,0.4757142857142857,High
2161,45,Male,Blouse,Clothing,92,West Virginia,L,Charcoal,Winter,3.3,No,Express,No,21,PayPal,Annually,Middle-aged,365,Emerging,False,False,Express,Digital Wallet,Rare,0.5828571428571429,High
2162,23,Male,Dress,Clothing,69,Washington,S,Peach,Summer,3.8,No,Express,No,5,Debit Card,Fortnightly,Young Adult,14,New/Low,False,False,Express,Card,Frequent,0.4035714285714286,Mid
2163,60,Male,Shorts,Clothing,48,Oregon,S,Black,Summer,2.7,No,Free Shipping,No,32,PayPal,Weekly,Senior,7,Established,False,False,Standard,Digital Wallet,Very Frequent,0.38142857142857145,Mid
2164,52,Male,Shoes,Footwear,60,New York,L,Gray,Spring,4.5,No,Express,No,44,Bank Transfer,Monthly,Middle-aged,30,Heavy,False,False,Express,Other,Frequent,0.7071428571428571,VIP
2165,42,Male,Sandals,Footwear,20,Iowa,S,Olive,Winter,4.8,No,Next Day Air,No,46,PayPal,Bi-Weekly,Adult,14,Heavy,False,False,Express,Digital Wallet,Frequent,0.5514285714285714,High
2166,29,Male,Pants,Clothing,55,Idaho,M,Turquoise,Summer,4.2,No,Express,No,42,Credit Card,Every 3 Months,Young Adult,90,Heavy,False,False,Express,Card,Occasional,0.6378571428571429,VIP
2167,31,Male,Jacket,Outerwear,88,New Jersey,S,Purple,Spring,3.5,No,Express,No,50,Credit Card,Bi-Weekly,Young Adult,14,Heavy,False,False,Express,Card,Frequent,0.7899999999999999,VIP
2168,30,Male,Skirt,Clothing,48,Ohio,L,Green,Winter,4.9,No,Standard,No,33,Venmo,Fortnightly,Young Adult,14,Established,False,False,Standard,Digital Wallet,Frequent,0.6085714285714285,VIP
2169,23,Male,Handbag,Accessories,74,Connecticut,M,Beige,Spring,4.1,No,Next Day Air,No,32,Cash,Quarterly,Young Adult,90,Established,False,False,Express,Cash,Occasional,0.6514285714285715,VIP
2170,31,Male,Coat,Outerwear,42,Florida,M,Brown,Fall,2.9,No,Next Day Air,No,32,Bank Transfer,Bi-Weekly,Young Adult,14,Established,False,False,Express,Other,Frequent,0.3714285714285714,Mid
2171,40,Male,Sweater,Clothing,32,South Carolina,M,Turquoise,Fall,4.0,No,Next Day Air,No,37,Venmo,Every 3 Months,Adult,90,Established,False,False,Express,Digital Wallet,Occasional,0.4671428571428571,Mid
2172,39,Male,Shorts,Clothing,98,Missouri,M,Yellow,Summer,4.6,No,Store Pickup,No,9,Cash,Fortnightly,Adult,14,New/Low,False,False,Other,Cash,Frequent,0.6571428571428571,VIP
2173,28,Male,Skirt,Clothing,89,Rhode Island,S,Lavender,Fall,2.8,No,Store Pickup,No,6,PayPal,Fortnightly,Young Adult,14,New/Low,False,False,Other,Digital Wallet,Frequent,0.4107142857142857,Mid
2174,23,Male,Gloves,Accessories,97,Delaware,S,Cyan,Summer,5.0,No,2-Day Shipping,No,36,Venmo,Quarterly,Young Adult,90,Established,False,False,Standard,Digital Wallet,Occasional,0.885,VIP
2175,42,Male,Backpack,Accessories,49,Colorado,S,Olive,Spring,2.9,No,Store Pickup,No,1,Cash,Annually,Adult,365,New/Low,False,False,Other,Cash,Rare,0.185,Low
2176,68,Male,Dress,Clothing,50,Nebraska,M,Silver,Spring,3.3,No,Free Shipping,No,48,Credit Card,Fortnightly,Senior,14,Heavy,False,False,Standard,Card,Frequent,0.5657142857142857,High
2177,24,Male,Belt,Accessories,91,Vermont,S,Red,Winter,3.4,No,2-Day Shipping,No,44,Debit Card,Quarterly,Young Adult,90,Heavy,False,False,Standard,Card,Occasional,0.7521428571428571,VIP
2178,24,Male,Gloves,Accessories,93,Montana,XL,Green,Winter,3.0,No,Express,No,9,PayPal,Bi-Weekly,Young Adult,14,New/Low,False,False,Express,Digital Wallet,Frequent,0.47214285714285714,High
2179,21,Male,Jewelry,Accessories,98,Florida,M,Gold,Summer,4.7,No,Standard,No,32,Venmo,Annually,Young Adult,365,Established,False,False,Standard,Digital Wallet,Rare,0.8314285714285714,VIP
2180,49,Male,Socks,Clothing,82,Delaware,L,Lavender,Fall,2.9,No,Next Day Air,No,14,PayPal,Monthly,Middle-aged,30,Emerging,False,False,Express,Digital Wallet,Frequent,0.4428571428571429,Mid
2181,41,Male,Coat,Outerwear,37,Connecticut,M,Yellow,Summer,4.1,No,Store Pickup,No,43,Cash,Quarterly,Adult,90,Heavy,False,False,Other,Cash,Occasional,0.5449999999999999,High
2182,22,Male,Handbag,Accessories,63,Hawaii,M,Black,Fall,3.2,No,Free Shipping,No,32,Bank Transfer,Bi-Weekly,Young Adult,14,Established,False,False,Standard,Other,Frequent,0.5064285714285715,High
2183,42,Male,Blouse,Clothing,99,New Mexico,M,Maroon,Winter,2.7,No,Store Pickup,No,26,Venmo,Bi-Weekly,Adult,14,Established,False,False,Other,Digital Wallet,Frequent,0.5935714285714286,VIP
2184,30,Male,Shorts,Clothing,37,Kansas,M,Maroon,Spring,4.7,No,Store Pickup,No,2,Cash,Monthly,Young Adult,30,New/Low,False,False,Other,Cash,Frequent,0.31214285714285717,Low
2185,38,Male,Shoes,Footwear,34,Nevada,S,Gold,Spring,3.2,No,Free Shipping,No,16,PayPal,Every 3 Months,Adult,90,Emerging,False,False,Standard,Digital Wallet,Occasional,0.24714285714285716,Low
2186,40,Male,Shorts,Clothing,32,North Carolina,M,Violet,Winter,2.5,No,Express,No,50,Debit Card,Every 3 Months,Adult,90,Heavy,False,False,Express,Card,Occasional,0.41,Mid
2187,55,Male,Sandals,Footwear,23,New Mexico,XL,Teal,Winter,4.3,No,Next Day Air,No,6,PayPal,Every 3 Months,Middle-aged,90,New/Low,False,False,Express,Digital Wallet,Occasional,0.2307142857142857,Low
2188,37,Male,Blouse,Clothing,78,Idaho,M,Violet,Spring,4.4,No,Free Shipping,No,20,PayPal,Annually,Adult,365,Emerging,False,False,Standard,Digital Wallet,Rare,0.6157142857142858,VIP
2189,41,Male,Coat,Outerwear,54,California,M,Brown,Winter,4.7,No,Next Day Air,No,9,Credit Card,Weekly,Adult,7,New/Low,False,False,Express,Card,Very Frequent,0.4471428571428572,Mid
2190,38,Male,Blouse,Clothing,94,Wisconsin,XL,Brown,Fall,4.0,No,Express,No,47,Credit Card,Bi-Weekly,Adult,14,Heavy,False,False,Express,Card,Frequent,0.8485714285714286,VIP
2191,42,Male,Belt,Accessories,75,Alaska,S,Maroon,Spring,4.6,No,Express,No,33,Credit Card,Annually,Adult,365,Established,False,False,Express,Card,Rare,0.7135714285714285,VIP
2192,26,Male,Blouse,Clothing,69,Pennsylvania,S,Maroon,Summer,3.8,No,Next Day Air,No,46,Cash,Bi-Weekly,Young Adult,14,Heavy,False,False,Express,Cash,Frequent,0.6964285714285714,VIP
2193,41,Male,Scarf,Accessories,35,Virginia,L,Yellow,Winter,3.2,No,Next Day Air,No,9,Credit Card,Monthly,Adult,30,New/Low,False,False,Express,Card,Frequent,0.20214285714285718,Low
2194,27,Male,Shirt,Clothing,78,California,L,Turquoise,Spring,5.0,No,Express,No,8,PayPal,Monthly,Young Adult,30,New/Low,False,False,Express,Digital Wallet,Frequent,0.59,High
2195,61,Male,Socks,Clothing,29,Kentucky,M,Silver,Summer,3.5,No,Standard,No,48,Bank Transfer,Quarterly,Senior,90,Heavy,False,False,Standard,Other,Occasional,0.48071428571428565,High
2196,58,Male,Jeans,Clothing,62,New York,M,Brown,Fall,3.7,No,Next Day Air,No,2,Cash,Monthly,Senior,30,New/Low,False,False,Express,Cash,Frequent,0.3371428571428572,Low
2197,25,Male,Dress,Clothing,58,Vermont,M,Gray,Spring,4.8,No,Next Day Air,No,31,PayPal,Weekly,Young Adult,7,Established,False,False,Express,Digital Wallet,Very Frequent,0.6342857142857142,VIP
2198,33,Male,Boots,Footwear,88,Pennsylvania,M,Indigo,Summer,3.7,No,2-Day Shipping,No,40,Venmo,Monthly,Adult,30,Established,False,False,Standard,Digital Wallet,Frequent,0.7385714285714285,VIP
2199,57,Male,Scarf,Accessories,80,New York,L,Turquoise,Summer,3.5,No,Free Shipping,No,35,Venmo,Monthly,Middle-aged,30,Established,False,False,Standard,Digital Wallet,Frequent,0.6428571428571429,VIP
2200,39,Male,Scarf,Accessories,47,North Carolina,M,Maroon,Summer,4.9,No,Store Pickup,No,40,Debit Card,Monthly,Adult,30,Established,False,False,Other,Card,Frequent,0.6535714285714286,VIP
2201,60,Male,Gloves,Accessories,51,Wyoming,L,Charcoal,Summer,4.7,No,Next Day Air,No,27,Debit Card,Every 3 Months,Senior,90,Established,False,False,Express,Card,Occasional,0.5607142857142857,High
2202,39,Male,Pants,Clothing,25,Ohio,L,Peach,Spring,4.9,No,2-Day Shipping,No,10,Venmo,Annually,Adult,365,New/Low,False,False,Standard,Digital Wallet,Rare,0.3292857142857143,Low
2203,42,Male,Dress,Clothing,36,Alabama,M,Red,Summer,4.3,No,Next Day Air,No,23,Credit Card,Weekly,Adult,7,Emerging,False,False,Express,Card,Very Frequent,0.41714285714285715,Mid
2204,53,Male,Dress,Clothing,79,Rhode Island,M,Indigo,Winter,3.1,No,Free Shipping,No,32,Cash,Quarterly,Middle-aged,90,Established,False,False,Standard,Cash,Occasional,0.5764285714285715,High
2205,20,Male,Jeans,Clothing,41,Oregon,S,Lavender,Winter,3.4,No,2-Day Shipping,No,6,Debit Card,Monthly,Young Adult,30,New/Low,False,False,Standard,Card,Frequent,0.23071428571428573,Low
2206,46,Male,Sweater,Clothing,68,North Dakota,XL,Red,Fall,2.7,No,Express,No,27,PayPal,Weekly,Middle-aged,7,Established,False,False,Express,Digital Wallet,Very Frequent,0.44571428571428573,Mid
2207,46,Male,Sandals,Footwear,51,Illinois,L,Green,Spring,2.6,No,Store Pickup,No,25,Bank Transfer,Fortnightly,Middle-aged,14,Emerging,False,False,Other,Other,Frequent,0.3364285714285714,Low
2208,69,Male,Handbag,Accessories,38,New Mexico,M,Gray,Fall,2.9,No,Next Day Air,No,11,Credit Card,Annually,Senior,365,Emerging,False,False,Express,Card,Rare,0.2014285714285714,Low
2209,28,Male,Scarf,Accessories,46,Colorado,XL,Violet,Summer,2.7,No,2-Day Shipping,No,23,PayPal,Monthly,Young Adult,30,Emerging,False,False,Standard,Digital Wallet,Frequent,0.30714285714285716,Low
2210,42,Male,Sandals,Footwear,20,Utah,XL,Beige,Summer,4.5,No,2-Day Shipping,No,44,Bank Transfer,Quarterly,Adult,90,Heavy,False,False,Standard,Other,Occasional,0.5071428571428571,High
2211,30,Male,Sunglasses,Accessories,25,Virginia,M,Orange,Summer,3.1,No,Store Pickup,No,35,PayPal,Fortnightly,Young Adult,14,Established,False,False,Other,Digital Wallet,Frequent,0.32785714285714285,Low
2212,50,Male,Sweater,Clothing,89,Maine,L,Purple,Winter,3.2,No,Free Shipping,No,45,Debit Card,Every 3 Months,Middle-aged,90,Heavy,False,False,Standard,Card,Occasional,0.7292857142857143,VIP
2213,59,Male,Pants,Clothing,77,Nebraska,M,Brown,Winter,3.3,No,Next Day Air,No,22,Bank Transfer,Quarterly,Senior,90,Emerging,False,False,Express,Other,Occasional,0.515,High
2214,54,Male,Hat,Accessories,94,Hawaii,M,Maroon,Fall,2.9,No,Express,No,18,Debit Card,Quarterly,Middle-aged,90,Emerging,False,False,Express,Card,Occasional,0.5314285714285715,High
2215,50,Male,Belt,Accessories,100,Idaho,L,Gold,Fall,4.1,No,Standard,No,20,Debit Card,Weekly,Middle-aged,7,Emerging,False,False,Standard,Card,Very Frequent,0.6957142857142857,VIP
2216,25,Male,Sandals,Footwear,96,West Virginia,M,Indigo,Winter,2.7,No,Express,No,28,Credit Card,Fortnightly,Young Adult,14,Established,False,False,Express,Card,Frequent,0.5928571428571429,High
2217,41,Male,Pants,Clothing,36,Vermont,XL,Silver,Winter,4.0,No,Store Pickup,No,15,Venmo,Bi-Weekly,Adult,14,Emerging,False,False,Other,Digital Wallet,Frequent,0.32999999999999996,Low
2218,35,Male,Jewelry,Accessories,27,Indiana,XL,Red,Fall,2.6,No,Store Pickup,No,42,Bank Transfer,Fortnightly,Adult,14,Heavy,False,False,Other,Other,Frequent,0.33785714285714286,Low
2219,67,Male,Sunglasses,Accessories,67,Idaho,M,Magenta,Winter,3.5,No,Store Pickup,No,20,Debit Card,Quarterly,Senior,90,Emerging,False,False,Other,Card,Occasional,0.47071428571428575,Mid
2220,33,Male,Blouse,Clothing,91,Minnesota,S,Purple,Fall,2.8,No,Store Pickup,No,16,Bank Transfer,Fortnightly,Adult,14,Emerging,False,False,Other,Other,Frequent,0.4921428571428571,High
2221,19,Male,Belt,Accessories,62,Wyoming,XL,Beige,Fall,4.5,No,Store Pickup,No,47,Cash,Annually,Young Adult,365,Heavy,False,False,Other,Cash,Rare,0.7385714285714287,VIP
2222,25,Male,Shorts,Clothing,88,Kansas,XL,White,Fall,3.0,No,Free Shipping,No,34,Credit Card,Annually,Young Adult,365,Established,False,False,Standard,Card,Rare,0.6257142857142858,VIP
2223,32,Male,Pants,Clothing,66,Georgia,M,Teal,Summer,4.4,No,Store Pickup,No,30,Credit Card,Weekly,Adult,7,Established,False,False,Other,Card,Very Frequent,0.6271428571428571,VIP
2224,30,Male,Sandals,Footwear,65,Kansas,M,Gray,Fall,4.7,No,Next Day Air,No,5,PayPal,Quarterly,Young Adult,90,New/Low,False,False,Express,Digital Wallet,Occasional,0.4735714285714286,High
2225,18,Male,Gloves,Accessories,25,Nebraska,L,Charcoal,Winter,4.3,No,Standard,No,38,Cash,Quarterly,Young Adult,90,Established,False,False,Standard,Cash,Occasional,0.46928571428571425,Mid
2226,38,Male,Belt,Accessories,64,Washington,S,Olive,Spring,4.8,No,Free Shipping,No,18,Credit Card,Annually,Adult,365,Emerging,False,False,Standard,Card,Rare,0.5714285714285714,High
2227,22,Male,Shirt,Clothing,72,Missouri,L,Blue,Spring,4.8,No,Store Pickup,No,28,Cash,Annually,Young Adult,365,Established,False,False,Other,Cash,Rare,0.6828571428571428,VIP
2228,40,Male,Scarf,Accessories,74,Washington,S,Gray,Summer,4.4,No,Next Day Air,No,42,Credit Card,Fortnightly,Adult,14,Heavy,False,False,Express,Card,Frequent,0.752857142857143,VIP
2229,54,Male,Gloves,Accessories,50,Kansas,M,Green,Fall,3.7,No,Free Shipping,No,5,Credit Card,Weekly,Middle-aged,7,New/Low,False,False,Standard,Card,Very Frequent,0.2985714285714286,Low
2230,70,Male,Pants,Clothing,97,Minnesota,M,Silver,Fall,3.9,No,Express,No,50,Venmo,Monthly,Senior,30,Heavy,False,False,Express,Digital Wallet,Frequent,0.875,VIP
2231,52,Male,Sneakers,Footwear,36,Colorado,S,Teal,Spring,3.8,No,Express,No,33,Venmo,Fortnightly,Middle-aged,14,Established,False,False,Express,Digital Wallet,Frequent,0.4385714285714285,Mid
2232,34,Male,Jacket,Outerwear,49,Utah,M,Beige,Fall,4.1,No,Store Pickup,No,1,Credit Card,Weekly,Adult,7,New/Low,False,False,Other,Card,Very Frequent,0.30499999999999994,Low
2233,65,Male,Shoes,Footwear,64,North Carolina,L,Lavender,Spring,4.0,No,Store Pickup,No,14,Cash,Fortnightly,Senior,14,Emerging,False,False,Other,Cash,Frequent,0.46285714285714286,Mid
2234,38,Male,Blouse,Clothing,31,Florida,XL,Gray,Summer,4.5,No,Express,No,48,Credit Card,Monthly,Adult,30,Heavy,False,False,Express,Card,Frequent,0.5907142857142857,High
2235,35,Male,Boots,Footwear,66,New Hampshire,S,Yellow,Winter,4.0,No,Express,No,26,Cash,Weekly,Adult,7,Established,False,False,Express,Cash,Very Frequent,0.5585714285714286,High
2236,40,Male,Socks,Clothing,82,Illinois,M,Gray,Spring,4.5,No,2-Day Shipping,No,44,Credit Card,Annually,Adult,365,Heavy,False,False,Standard,Card,Rare,0.8171428571428572,VIP
2237,23,Male,T-shirt,Clothing,88,Louisiana,M,Yellow,Winter,2.7,No,Standard,No,18,Debit Card,Fortnightly,Young Adult,14,Emerging,False,False,Standard,Card,Frequent,0.48142857142857143,High
2238,45,Male,Sandals,Footwear,34,Alabama,S,Black,Summer,3.8,No,Next Day Air,No,31,Venmo,Every 3 Months,Middle-aged,90,Established,False,False,Express,Digital Wallet,Occasional,0.41428571428571426,Mid
2239,40,Male,Sneakers,Footwear,84,Florida,L,Beige,Winter,3.8,No,Standard,No,18,Debit Card,Weekly,Adult,7,Emerging,False,False,Standard,Card,Very Frequent,0.5714285714285715,High
2240,42,Male,Jewelry,Accessories,96,Alabama,L,Indigo,Summer,3.8,No,2-Day Shipping,No,41,Credit Card,Every 3 Months,Adult,90,Heavy,False,False,Standard,Card,Occasional,0.7957142857142857,VIP
2241,57,Male,Sandals,Footwear,71,California,L,Green,Winter,4.3,No,Next Day Air,No,18,Debit Card,Every 3 Months,Middle-aged,90,Emerging,False,False,Express,Card,Occasional,0.5564285714285715,High
2242,18,Male,Jacket,Outerwear,77,Maryland,M,Purple,Summer,3.5,No,Free Shipping,No,3,Bank Transfer,Bi-Weekly,Young Adult,14,New/Low,False,False,Standard,Other,Frequent,0.39928571428571435,Mid
2243,18,Male,Skirt,Clothing,66,Nevada,M,Orange,Spring,3.8,No,Next Day Air,No,5,Credit Card,Bi-Weekly,Young Adult,14,New/Low,False,False,Express,Card,Frequent,0.38857142857142857,Mid
2244,56,Male,Shirt,Clothing,21,Massachusetts,M,Teal,Winter,3.7,No,2-Day Shipping,No,13,Debit Card,Annually,Middle-aged,365,Emerging,False,False,Standard,Card,Rare,0.21071428571428574,Low
2245,35,Male,Shorts,Clothing,37,South Carolina,M,Gold,Summer,4.8,No,2-Day Shipping,No,22,PayPal,Annually,Adult,365,Emerging,False,False,Standard,Digital Wallet,Rare,0.46499999999999997,Mid
2246,49,Male,Socks,Clothing,90,Delaware,L,Gray,Fall,4.9,No,Free Shipping,No,45,PayPal,Fortnightly,Middle-aged,14,Heavy,False,False,Standard,Digital Wallet,Frequent,0.9042857142857144,VIP
2247,49,Male,Jacket,Outerwear,96,Hawaii,M,Cyan,Fall,4.3,No,Store Pickup,No,39,PayPal,Every 3 Months,Middle-aged,90,Established,False,False,Other,Digital Wallet,Occasional,0.8314285714285714,VIP
2248,34,Male,Jewelry,Accessories,37,Florida,L,Teal,Summer,4.4,No,Next Day Air,No,18,Venmo,Annually,Adult,365,Emerging,False,False,Express,Digital Wallet,Rare,0.39642857142857146,Mid
2249,63,Male,T-shirt,Clothing,66,Rhode Island,M,Violet,Winter,3.4,No,Free Shipping,No,19,PayPal,Fortnightly,Senior,14,Emerging,False,False,Standard,Digital Wallet,Frequent,0.4485714285714285,Mid
2250,42,Male,Gloves,Accessories,45,Wyoming,XL,Indigo,Spring,4.3,No,Next Day Air,No,29,Debit Card,Weekly,Adult,7,Established,False,False,Express,Card,Very Frequent,0.5049999999999999,High
2251,41,Male,Shoes,Footwear,89,Colorado,L,Pink,Summer,4.6,No,Store Pickup,No,19,Credit Card,Weekly,Adult,7,Emerging,False,False,Other,Card,Very Frequent,0.6835714285714285,VIP
2252,26,Male,Shoes,Footwear,94,Virginia,L,Gold,Fall,3.8,No,Free Shipping,No,22,Debit Card,Monthly,Young Adult,30,Emerging,False,False,Standard,Card,Frequent,0.65,VIP
2253,48,Male,Shoes,Footwear,96,Nebraska,S,Maroon,Summer,3.9,No,Express,No,21,Bank Transfer,Annually,Middle-aged,365,Emerging,False,False,Express,Other,Rare,0.6628571428571429,VIP
2254,62,Male,Hoodie,Clothing,31,Oklahoma,M,Brown,Spring,2.6,No,Store Pickup,No,22,PayPal,Monthly,Senior,30,Emerging,False,False,Other,Digital Wallet,Frequent,0.21500000000000002,Low
2255,24,Male,Belt,Accessories,79,North Dakota,M,Gold,Winter,4.2,No,Store Pickup,No,44,PayPal,Every 3 Months,Young Adult,90,Heavy,False,False,Other,Digital Wallet,Occasional,0.7721428571428571,VIP
2256,48,Male,Coat,Outerwear,39,Michigan,L,Teal,Spring,4.6,No,Store Pickup,No,42,Bank Transfer,Quarterly,Middle-aged,90,Heavy,False,False,Other,Other,Occasional,0.5978571428571429,VIP
2257,31,Male,Blouse,Clothing,22,California,M,Turquoise,Fall,5.0,No,Standard,No,33,Credit Card,Quarterly,Young Adult,90,Established,False,False,Standard,Card,Occasional,0.48857142857142855,High
2258,41,Male,Skirt,Clothing,32,Tennessee,L,Olive,Fall,4.2,No,Standard,No,6,Bank Transfer,Annually,Adult,365,New/Low,False,False,Standard,Other,Rare,0.26571428571428574,Low
2259,24,Male,T-shirt,Clothing,71,Ohio,L,Cyan,Winter,4.3,No,Store Pickup,No,44,Credit Card,Every 3 Months,Young Adult,90,Heavy,False,False,Other,Card,Occasional,0.742142857142857,VIP
2260,60,Male,Jeans,Clothing,96,Florida,XL,Beige,Spring,3.3,No,Free Shipping,No,24,Cash,Annually,Senior,365,Emerging,False,False,Standard,Cash,Rare,0.6242857142857142,VIP
2261,38,Male,Scarf,Accessories,82,Missouri,M,Blue,Fall,4.9,No,Express,No,16,PayPal,Quarterly,Adult,90,Emerging,False,False,Express,Digital Wallet,Occasional,0.6571428571428573,VIP
2262,58,Male,Backpack,Accessories,76,South Carolina,L,Gold,Spring,4.4,No,Standard,No,12,Bank Transfer,Fortnightly,Senior,14,Emerging,False,False,Standard,Other,Frequent,0.5485714285714286,High
2263,53,Male,Backpack,Accessories,22,Arizona,M,Green,Winter,3.1,No,2-Day Shipping,No,50,PayPal,Monthly,Middle-aged,30,Heavy,False,False,Standard,Digital Wallet,Frequent,0.42,Mid
2264,44,Male,Scarf,Accessories,40,Indiana,XL,Green,Winter,3.5,No,Store Pickup,No,42,Cash,Quarterly,Adult,90,Heavy,False,False,Other,Cash,Occasional,0.4928571428571429,High
2265,51,Male,Hat,Accessories,92,North Dakota,M,Turquoise,Summer,3.9,No,2-Day Shipping,No,50,PayPal,Monthly,Middle-aged,30,Heavy,False,False,Standard,Digital Wallet,Frequent,0.85,VIP
2266,36,Male,Coat,Outerwear,94,Montana,XL,Yellow,Fall,3.9,No,Store Pickup,No,10,PayPal,Quarterly,Adult,90,New/Low,False,False,Other,Digital Wallet,Occasional,0.5742857142857143,High
2267,20,Male,Dress,Clothing,44,Missouri,M,Yellow,Fall,4.3,No,Store Pickup,No,32,Debit Card,Weekly,Young Adult,7,Established,False,False,Other,Card,Very Frequent,0.5214285714285714,High
2268,32,Male,Gloves,Accessories,49,Kentucky,S,Blue,Spring,3.8,No,Express,No,37,Venmo,Weekly,Adult,7,Established,False,False,Express,Digital Wallet,Very Frequent,0.5321428571428571,High
2269,66,Male,Sweater,Clothing,26,Georgia,L,Charcoal,Spring,2.7,No,2-Day Shipping,No,15,Bank Transfer,Monthly,Senior,30,Emerging,False,False,Standard,Other,Frequent,0.15000000000000002,Low
2270,49,Male,Skirt,Clothing,38,Kentucky,M,Yellow,Fall,4.4,No,Store Pickup,No,27,Credit Card,Annually,Middle-aged,365,Established,False,False,Other,Card,Rare,0.46571428571428575,Mid
2271,27,Male,Blouse,Clothing,72,Georgia,L,Purple,Spring,3.5,No,Express,No,7,Venmo,Weekly,Young Adult,7,New/Low,False,False,Express,Digital Wallet,Very Frequent,0.4028571428571429,Mid
2272,29,Male,Dress,Clothing,99,Alaska,M,Green,Summer,3.4,No,Free Shipping,No,49,PayPal,Quarterly,Young Adult,90,Heavy,False,False,Standard,Digital Wallet,Occasional,0.8278571428571427,VIP
2273,29,Male,Jacket,Outerwear,38,Maine,L,Charcoal,Spring,4.0,No,Standard,No,44,PayPal,Monthly,Young Adult,30,Heavy,False,False,Standard,Digital Wallet,Frequent,0.5471428571428572,High
2274,55,Male,Coat,Outerwear,96,New Mexico,L,Silver,Winter,4.8,No,Express,No,13,PayPal,Bi-Weekly,Middle-aged,14,Emerging,False,False,Express,Digital Wallet,Frequent,0.6957142857142857,VIP
2275,57,Male,Dress,Clothing,27,New York,L,Turquoise,Spring,4.5,No,Next Day Air,No,38,PayPal,Fortnightly,Middle-aged,14,Established,False,False,Express,Digital Wallet,Frequent,0.4992857142857142,High
2276,29,Male,Shorts,Clothing,24,Oklahoma,M,Gray,Winter,4.4,No,Standard,No,10,Debit Card,Weekly,Young Adult,7,New/Low,False,False,Standard,Card,Very Frequent,0.2742857142857143,Low
2277,31,Male,Jeans,Clothing,82,Wyoming,L,Red,Summer,4.1,No,2-Day Shipping,No,25,Debit Card,Weekly,Young Adult,7,Emerging,False,False,Standard,Card,Very Frequent,0.6414285714285715,VIP
2278,25,Male,Hat,Accessories,56,Alabama,M,Beige,Summer,4.6,No,Next Day Air,No,18,Credit Card,Quarterly,Young Adult,90,Emerging,False,False,Express,Card,Occasional,0.5114285714285713,High
2279,61,Male,Gloves,Accessories,25,Maryland,M,Maroon,Fall,3.8,No,Store Pickup,No,6,Cash,Every 3 Months,Senior,90,New/Low,False,False,Other,Cash,Occasional,0.1907142857142857,Low
2280,53,Male,Sneakers,Footwear,67,West Virginia,L,Indigo,Spring,2.9,No,Free Shipping,No,35,Bank Transfer,Quarterly,Middle-aged,90,Established,False,False,Standard,Other,Occasional,0.5178571428571429,High
2281,22,Male,Shoes,Footwear,21,Kentucky,M,Red,Summer,2.8,No,Standard,No,31,Credit Card,Fortnightly,Young Adult,14,Established,False,False,Standard,Card,Frequent,0.24928571428571425,Low
2282,28,Male,Hoodie,Clothing,27,Kansas,XL,Maroon,Summer,3.0,No,Store Pickup,No,41,Bank Transfer,Annually,Young Adult,365,Heavy,False,False,Other,Other,Rare,0.37071428571428566,Mid
2283,18,Male,Sneakers,Footwear,97,Idaho,S,Red,Fall,4.2,No,2-Day Shipping,No,8,Credit Card,Annually,Young Adult,365,New/Low,False,False,Standard,Card,Rare,0.605,VIP
2284,44,Male,Handbag,Accessories,45,Ohio,S,Black,Winter,4.1,No,Free Shipping,No,34,Credit Card,Fortnightly,Adult,14,Established,False,False,Standard,Card,Frequent,0.5207142857142857,High
2285,32,Male,Blouse,Clothing,63,Iowa,XL,Black,Fall,4.1,No,Express,No,20,Venmo,Annually,Adult,365,Emerging,False,False,Express,Digital Wallet,Rare,0.5107142857142857,High
2286,34,Male,Belt,Accessories,100,Michigan,L,Pink,Summer,4.6,No,2-Day Shipping,No,38,PayPal,Every 3 Months,Adult,90,Established,False,False,Standard,Digital Wallet,Occasional,0.8742857142857142,VIP
2287,67,Male,Socks,Clothing,38,South Dakota,L,Blue,Spring,2.5,No,Store Pickup,No,35,Venmo,Quarterly,Senior,90,Established,False,False,Other,Digital Wallet,Occasional,0.33285714285714285,Low
2288,66,Male,Blouse,Clothing,45,Nebraska,L,Green,Summer,3.0,No,Store Pickup,No,6,Debit Card,Annually,Senior,365,New/Low,False,False,Other,Card,Rare,0.2107142857142857,Low
2289,28,Male,Jewelry,Accessories,91,California,M,Orange,Fall,3.8,No,Next Day Air,No,50,PayPal,Weekly,Young Adult,7,Heavy,False,False,Express,Digital Wallet,Very Frequent,0.835,VIP
2290,70,Male,Shorts,Clothing,82,Nevada,M,Orange,Fall,4.1,No,Free Shipping,No,47,Venmo,Weekly,Senior,7,Heavy,False,False,Standard,Digital Wallet,Very Frequent,0.7985714285714285,VIP
2291,37,Male,Boots,Footwear,48,Kansas,L,Magenta,Winter,3.3,No,Standard,No,23,PayPal,Quarterly,Adult,90,Emerging,False,False,Standard,Digital Wallet,Occasional,0.3771428571428571,Mid
2292,28,Male,Coat,Outerwear,30,Ohio,M,Indigo,Spring,5.0,No,2-Day Shipping,No,13,Credit Card,Quarterly,Young Adult,90,Emerging,False,False,Standard,Card,Occasional,0.3857142857142857,Mid
2293,43,Male,T-shirt,Clothing,34,Vermont,S,Beige,Spring,3.8,No,Next Day Air,No,31,Debit Card,Monthly,Adult,30,Established,False,False,Express,Card,Frequent,0.41428571428571426,Mid
2294,37,Male,Sweater,Clothing,68,Georgia,L,Green,Fall,3.3,No,Express,No,16,Debit Card,Every 3 Months,Adult,90,Emerging,False,False,Express,Card,Occasional,0.42714285714285716,Mid
2295,54,Male,Sunglasses,Accessories,95,Maryland,M,Red,Winter,5.0,No,Express,No,40,Debit Card,Annually,Middle-aged,365,Established,False,False,Express,Card,Rare,0.9035714285714285,VIP
2296,50,Male,Hat,Accessories,22,Connecticut,L,Beige,Spring,2.9,No,2-Day Shipping,No,45,PayPal,Quarterly,Middle-aged,90,Heavy,False,False,Standard,Digital Wallet,Occasional,0.36428571428571427,Mid
2297,46,Male,Gloves,Accessories,88,Washington,M,Green,Fall,2.5,No,Next Day Air,No,50,Venmo,Every 3 Months,Middle-aged,90,Heavy,False,False,Express,Digital Wallet,Occasional,0.69,VIP
2298,60,Male,Socks,Clothing,83,California,M,Orange,Summer,4.7,No,Standard,No,1,Bank Transfer,Quarterly,Senior,90,New/Low,False,False,Standard,Other,Occasional,0.535,High
2299,40,Male,Handbag,Accessories,87,Montana,L,Cyan,Spring,2.9,No,2-Day Shipping,No,10,Cash,Every 3 Months,Adult,90,New/Low,False,False,Standard,Cash,Occasional,0.4392857142857143,Mid
2300,64,Male,Coat,Outerwear,57,Idaho,M,Violet,Summer,3.7,No,Store Pickup,No,48,Credit Card,Every 3 Months,Senior,90,Heavy,False,False,Other,Card,Occasional,0.6407142857142857,VIP
2301,18,Male,Coat,Outerwear,88,Pennsylvania,XL,Lavender,Summer,4.4,No,2-Day Shipping,No,38,Credit Card,Monthly,Young Adult,30,Established,False,False,Standard,Card,Frequent,0.7942857142857144,VIP
2302,37,Male,Pants,Clothing,20,Maine,L,Turquoise,Winter,2.9,No,Next Day Air,No,21,Debit Card,Annually,Adult,365,Emerging,False,False,Express,Card,Rare,0.18285714285714283,Low
2303,36,Male,Belt,Accessories,39,Montana,L,Pink,Summer,3.6,No,Store Pickup,No,38,Venmo,Monthly,Adult,30,Established,False,False,Other,Digital Wallet,Frequent,0.4692857142857142,Mid
2304,51,Male,Sunglasses,Accessories,71,New Jersey,S,Beige,Spring,4.8,No,2-Day Shipping,No,31,Credit Card,Fortnightly,Middle-aged,14,Established,False,False,Standard,Card,Frequent,0.6992857142857143,VIP
2305,26,Male,Hoodie,Clothing,73,Louisiana,L,Silver,Winter,4.7,No,Free Shipping,No,9,Debit Card,Fortnightly,Young Adult,14,New/Low,False,False,Standard,Card,Frequent,0.5421428571428573,High
2306,68,Male,Handbag,Accessories,63,Maine,M,Gold,Summer,2.6,No,Free Shipping,No,47,Cash,Weekly,Senior,7,Heavy,False,False,Standard,Cash,Very Frequent,0.5535714285714286,High
2307,27,Male,Gloves,Accessories,78,Florida,L,Silver,Winter,3.4,No,Standard,No,8,Cash,Bi-Weekly,Young Adult,14,New/Low,False,False,Standard,Cash,Frequent,0.42999999999999994,Mid
2308,28,Male,Skirt,Clothing,96,Missouri,L,Green,Fall,3.5,No,Next Day Air,No,30,Debit Card,Annually,Young Adult,365,Established,False,False,Express,Card,Rare,0.6871428571428572,VIP
2309,49,Male,Sunglasses,Accessories,81,North Dakota,M,Teal,Winter,3.4,No,2-Day Shipping,No,22,Bank Transfer,Quarterly,Middle-aged,90,Emerging,False,False,Standard,Other,Occasional,0.5449999999999999,High
2310,70,Male,Dress,Clothing,95,Connecticut,S,Gold,Fall,5.0,No,2-Day Shipping,No,3,Bank Transfer,Quarterly,Senior,90,New/Low,False,False,Standard,Other,Occasional,0.6392857142857142,VIP
2311,30,Male,Gloves,Accessories,68,Virginia,M,Cyan,Spring,4.6,No,Standard,No,15,PayPal,Monthly,Young Adult,30,Emerging,False,False,Standard,Digital Wallet,Frequent,0.5499999999999999,High
2312,27,Male,Sneakers,Footwear,28,Montana,L,Gold,Spring,4.8,No,2-Day Shipping,No,10,Bank Transfer,Every 3 Months,Young Adult,90,New/Low,False,False,Standard,Other,Occasional,0.3342857142857143,Low
2313,19,Male,T-shirt,Clothing,30,Vermont,L,Violet,Summer,3.7,No,Free Shipping,No,19,Cash,Every 3 Months,Young Adult,90,Emerging,False,False,Standard,Cash,Occasional,0.2985714285714286,Low
2314,64,Male,Dress,Clothing,31,Georgia,M,Black,Summer,4.7,No,Next Day Air,No,36,Bank Transfer,Fortnightly,Senior,14,Established,False,False,Express,Other,Frequent,0.525,High
2315,42,Male,Handbag,Accessories,95,Virginia,XL,Brown,Winter,4.4,No,Express,No,12,Bank Transfer,Every 3 Months,Adult,90,Emerging,False,False,Express,Other,Occasional,0.6435714285714286,VIP
2316,69,Male,Socks,Clothing,79,Vermont,M,Indigo,Winter,3.5,No,2-Day Shipping,No,49,Debit Card,Quarterly,Senior,90,Heavy,False,False,Standard,Card,Occasional,0.7378571428571429,VIP
2317,28,Male,Sneakers,Footwear,39,Montana,L,Yellow,Winter,3.8,No,Standard,No,7,Debit Card,Annually,Young Adult,365,New/Low,False,False,Standard,Card,Rare,0.2678571428571428,Low
2318,47,Male,Jacket,Outerwear,34,New Jersey,M,Purple,Summer,4.7,No,Next Day Air,No,28,Bank Transfer,Monthly,Middle-aged,30,Established,False,False,Express,Other,Frequent,0.4828571428571429,High
2319,69,Male,Hoodie,Clothing,28,Wyoming,L,White,Spring,3.1,No,Store Pickup,No,30,Credit Card,Annually,Senior,365,Established,False,False,Other,Card,Rare,0.30714285714285716,Low
2320,56,Male,Sandals,Footwear,38,Maine,XL,Turquoise,Winter,5.0,No,Free Shipping,No,29,PayPal,Monthly,Middle-aged,30,Established,False,False,Standard,Digital Wallet,Frequent,0.54,High
2321,28,Male,Shoes,Footwear,55,New Mexico,M,Olive,Spring,3.7,No,Free Shipping,No,9,Debit Card,Every 3 Months,Young Adult,90,New/Low,False,False,Standard,Card,Occasional,0.3521428571428572,Low
2322,50,Male,Sandals,Footwear,31,Colorado,M,Beige,Winter,3.0,No,Next Day Air,No,27,Debit Card,Fortnightly,Middle-aged,14,Established,False,False,Express,Card,Frequent,0.2907142857142857,Low
2323,39,Male,Coat,Outerwear,84,Connecticut,S,Lavender,Spring,4.5,No,Store Pickup,No,21,Venmo,Fortnightly,Adult,14,Emerging,False,False,Other,Digital Wallet,Frequent,0.6628571428571429,VIP
2324,35,Male,Gloves,Accessories,93,Maryland,L,White,Winter,4.7,No,Express,No,36,Credit Card,Monthly,Adult,30,Established,False,False,Express,Card,Frequent,0.835,VIP
2325,59,Male,Coat,Outerwear,28,Oregon,L,Brown,Winter,3.5,No,Free Shipping,No,19,Debit Card,Annually,Senior,365,Emerging,False,False,Standard,Card,Rare,0.26857142857142857,Low
2326,44,Male,Boots,Footwear,55,New York,M,Charcoal,Summer,4.4,No,2-Day Shipping,No,47,Cash,Weekly,Adult,7,Heavy,False,False,Standard,Cash,Very Frequent,0.6935714285714286,VIP
2327,66,Male,Skirt,Clothing,63,Oklahoma,L,Maroon,Winter,2.6,No,Standard,No,38,Bank Transfer,Annually,Senior,365,Established,False,False,Standard,Other,Rare,0.4892857142857142,High
2328,20,Male,Skirt,Clothing,94,Alabama,M,Red,Winter,4.2,No,2-Day Shipping,No,22,Venmo,Bi-Weekly,Young Adult,14,Emerging,False,False,Standard,Digital Wallet,Frequent,0.6900000000000001,VIP
2329,45,Male,Pants,Clothing,36,North Dakota,M,Maroon,Fall,2.6,No,Express,No,29,Venmo,Bi-Weekly,Middle-aged,14,Established,False,False,Express,Digital Wallet,Frequent,0.29000000000000004,Low
2330,49,Male,Hat,Accessories,97,Nebraska,S,Teal,Spring,4.8,No,Free Shipping,No,42,Bank Transfer,Annually,Middle-aged,365,Heavy,False,False,Standard,Other,Rare,0.9078571428571429,VIP
2331,60,Male,Backpack,Accessories,63,Arizona,L,Orange,Summer,2.9,No,Store Pickup,No,47,PayPal,Every 3 Months,Senior,90,Heavy,False,False,Other,Digital Wallet,Occasional,0.5835714285714286,High
2332,61,Male,Scarf,Accessories,77,Illinois,S,Olive,Spring,4.3,No,2-Day Shipping,No,10,Credit Card,Bi-Weekly,Senior,14,New/Low,False,False,Standard,Card,Frequent,0.5292857142857144,High
2333,36,Male,Scarf,Accessories,53,South Carolina,XL,Olive,Fall,2.6,No,Store Pickup,No,10,Venmo,Monthly,Adult,30,New/Low,False,False,Other,Digital Wallet,Frequent,0.2392857142857143,Low
2334,33,Male,Shirt,Clothing,77,Kansas,M,Beige,Spring,3.8,No,Next Day Air,No,1,PayPal,Every 3 Months,Adult,90,New/Low,False,False,Express,Digital Wallet,Occasional,0.41500000000000004,Mid
2335,49,Male,Boots,Footwear,79,Kansas,L,Green,Summer,4.2,No,Standard,No,7,Credit Card,Monthly,Middle-aged,30,New/Low,False,False,Standard,Card,Frequent,0.5078571428571429,High
2336,31,Male,Coat,Outerwear,37,Idaho,M,Black,Summer,3.9,No,Store Pickup,No,10,Venmo,Fortnightly,Young Adult,14,New/Low,False,False,Other,Digital Wallet,Frequent,0.28928571428571426,Low
2337,19,Male,Belt,Accessories,94,California,M,Green,Winter,3.1,No,Free Shipping,No,11,Credit Card,Weekly,Young Adult,7,Emerging,False,False,Standard,Card,Very Frequent,0.5014285714285716,High
2338,39,Male,Boots,Footwear,76,North Dakota,S,Violet,Fall,3.6,No,Store Pickup,No,5,Cash,Annually,Adult,365,New/Low,False,False,Other,Cash,Rare,0.4185714285714286,Mid
2339,66,Male,Sneakers,Footwear,68,Georgia,S,Silver,Fall,4.0,No,Express,No,21,PayPal,Quarterly,Senior,90,Emerging,False,False,Express,Digital Wallet,Occasional,0.5328571428571428,High
2340,25,Male,Shirt,Clothing,65,Illinois,L,Maroon,Spring,3.4,No,Next Day Air,No,24,Bank Transfer,Quarterly,Young Adult,90,Emerging,False,False,Express,Other,Occasional,0.4792857142857143,High
2341,63,Male,Blouse,Clothing,24,Delaware,M,Cyan,Summer,2.6,No,Standard,No,37,Credit Card,Fortnightly,Senior,14,Established,False,False,Standard,Card,Frequent,0.28714285714285714,Low
2342,56,Male,Jacket,Outerwear,31,Connecticut,L,Teal,Summer,4.5,No,Express,No,22,Venmo,Every 3 Months,Middle-aged,90,Emerging,False,False,Express,Digital Wallet,Occasional,0.405,Mid
2343,20,Male,Skirt,Clothing,89,Tennessee,M,Olive,Fall,4.9,No,Standard,No,16,Debit Card,Fortnightly,Young Adult,14,Emerging,False,False,Standard,Card,Frequent,0.6921428571428572,VIP
2344,58,Male,Socks,Clothing,49,Maryland,M,Red,Summer,4.4,No,2-Day Shipping,No,44,PayPal,Monthly,Senior,30,Heavy,False,False,Standard,Digital Wallet,Frequent,0.6421428571428571,VIP
2345,34,Male,Sandals,Footwear,92,Rhode Island,XL,Lavender,Fall,3.5,No,Express,No,14,Venmo,Bi-Weekly,Adult,14,Emerging,False,False,Express,Digital Wallet,Frequent,0.5528571428571429,High
2346,28,Male,T-shirt,Clothing,32,New York,S,Orange,Winter,3.3,No,Express,No,23,Bank Transfer,Every 3 Months,Young Adult,90,Emerging,False,False,Express,Other,Occasional,0.29714285714285715,Low
2347,22,Male,Jacket,Outerwear,67,New Mexico,L,Brown,Winter,3.1,No,Standard,No,46,Debit Card,Fortnightly,Young Adult,14,Heavy,False,False,Standard,Card,Frequent,0.6164285714285714,VIP
2348,37,Male,Belt,Accessories,64,California,S,Gray,Fall,4.2,No,Express,No,46,Cash,Every 3 Months,Adult,90,Heavy,False,False,Express,Cash,Occasional,0.7114285714285714,VIP
2349,54,Male,Shoes,Footwear,84,Maine,M,Orange,Spring,4.9,No,Next Day Air,No,16,PayPal,Every 3 Months,Middle-aged,90,Emerging,False,False,Express,Digital Wallet,Occasional,0.6671428571428573,VIP
2350,65,Male,Blouse,Clothing,34,New York,M,Orange,Fall,3.9,No,Standard,No,40,Credit Card,Every 3 Months,Senior,90,Established,False,False,Standard,Card,Occasional,0.48857142857142855,High
2351,57,Male,Shoes,Footwear,26,Hawaii,M,Turquoise,Winter,4.2,No,Free Shipping,No,21,Cash,Annually,Middle-aged,365,Emerging,False,False,Standard,Cash,Rare,0.34285714285714286,Low
2352,38,Male,Sweater,Clothing,50,New Hampshire,S,Cyan,Fall,4.9,No,Store Pickup,No,25,PayPal,Bi-Weekly,Adult,14,Emerging,False,False,Other,Digital Wallet,Frequent,0.5614285714285714,High
2353,70,Male,Boots,Footwear,46,Nebraska,M,Yellow,Fall,2.8,No,Store Pickup,No,25,Bank Transfer,Quarterly,Senior,90,Emerging,False,False,Other,Other,Occasional,0.33142857142857135,Low
2354,56,Male,Handbag,Accessories,71,Montana,M,White,Fall,4.1,No,Standard,No,25,Debit Card,Every 3 Months,Middle-aged,90,Emerging,False,False,Standard,Card,Occasional,0.5864285714285713,High
2355,56,Male,Blouse,Clothing,78,Wisconsin,M,Blue,Summer,4.8,No,Next Day Air,No,27,Venmo,Monthly,Middle-aged,30,Established,False,False,Express,Digital Wallet,Frequent,0.7057142857142857,VIP
2356,22,Male,Skirt,Clothing,35,Tennessee,S,Purple,Winter,4.1,No,Next Day Air,No,12,Cash,Monthly,Young Adult,30,Emerging,False,False,Express,Cash,Frequent,0.31357142857142856,Low
2357,57,Male,Backpack,Accessories,58,Montana,M,Gray,Summer,3.0,No,Free Shipping,No,27,Debit Card,Quarterly,Middle-aged,90,Established,False,False,Standard,Card,Occasional,0.4257142857142857,Mid
2358,53,Male,Shirt,Clothing,67,Michigan,L,Cyan,Fall,4.2,No,2-Day Shipping,No,40,Credit Card,Bi-Weekly,Middle-aged,14,Established,False,False,Standard,Card,Frequent,0.6835714285714286,VIP
2359,53,Male,Sweater,Clothing,93,Texas,L,Pink,Spring,3.8,No,Standard,No,38,Credit Card,Quarterly,Middle-aged,90,Established,False,False,Standard,Card,Occasional,0.7592857142857142,VIP
2360,19,Male,Scarf,Accessories,81,Pennsylvania,S,Gold,Spring,3.3,No,2-Day Shipping,No,44,Bank Transfer,Every 3 Months,Young Adult,90,Heavy,False,False,Standard,Other,Occasional,0.6921428571428571,VIP
2361,49,Male,Handbag,Accessories,80,New York,L,Silver,Fall,4.7,No,2-Day Shipping,No,27,Venmo,Every 3 Months,Middle-aged,90,Established,False,False,Standard,Digital Wallet,Occasional,0.7057142857142857,VIP
2362,44,Male,Scarf,Accessories,64,Alabama,M,Gray,Spring,4.3,No,2-Day Shipping,No,30,Credit Card,Every 3 Months,Adult,90,Established,False,False,Standard,Card,Occasional,0.6071428571428572,VIP
2363,27,Male,Jeans,Clothing,41,Virginia,M,Brown,Fall,2.7,No,Standard,No,24,Credit Card,Monthly,Young Adult,30,Emerging,False,False,Standard,Card,Frequent,0.2892857142857143,Low
2364,60,Male,Socks,Clothing,79,Pennsylvania,XL,Pink,Winter,4.2,No,Express,No,38,Cash,Bi-Weekly,Senior,14,Established,False,False,Express,Cash,Frequent,0.7292857142857143,VIP
2365,62,Male,Sunglasses,Accessories,60,Mississippi,L,Maroon,Winter,4.2,No,Free Shipping,No,4,PayPal,Quarterly,Senior,90,New/Low,False,False,Standard,Digital Wallet,Occasional,0.39142857142857146,Mid
2366,52,Male,Sneakers,Footwear,91,Wyoming,S,Peach,Winter,2.5,No,Next Day Air,No,32,Venmo,Monthly,Middle-aged,30,Established,False,False,Express,Digital Wallet,Frequent,0.5764285714285714,High
2367,30,Male,Shoes,Footwear,66,New Mexico,L,Brown,Winter,3.6,No,Express,No,32,Credit Card,Fortnightly,Young Adult,14,Established,False,False,Express,Card,Frequent,0.5614285714285714,High
2368,66,Male,Socks,Clothing,85,North Dakota,L,Green,Winter,3.4,No,Standard,No,28,Bank Transfer,Bi-Weekly,Senior,14,Established,False,False,Standard,Other,Frequent,0.6078571428571428,VIP
2369,29,Male,Sunglasses,Accessories,38,New Jersey,M,Lavender,Summer,3.3,No,Standard,No,6,Debit Card,Every 3 Months,Young Adult,90,New/Low,False,False,Standard,Card,Occasional,0.2057142857142857,Low
2370,24,Male,Sweater,Clothing,23,Vermont,M,Cyan,Winter,4.6,No,Standard,No,24,PayPal,Monthly,Young Adult,30,Emerging,False,False,Standard,Digital Wallet,Frequent,0.38928571428571423,Mid
2371,51,Male,Shoes,Footwear,71,Alaska,M,Black,Spring,3.9,No,Store Pickup,No,38,Venmo,Weekly,Middle-aged,7,Established,False,False,Other,Digital Wallet,Very Frequent,0.6592857142857143,VIP
2372,67,Male,Socks,Clothing,25,Indiana,M,Charcoal,Winter,3.7,No,Next Day Air,No,28,Debit Card,Annually,Senior,365,Established,False,False,Express,Card,Rare,0.33785714285714286,Low
2373,50,Male,Boots,Footwear,39,Alabama,XL,Silver,Spring,3.1,No,Express,No,9,PayPal,Fortnightly,Middle-aged,14,New/Low,False,False,Express,Digital Wallet,Frequent,0.21214285714285713,Low
2374,37,Male,Hoodie,Clothing,20,Michigan,M,Gray,Spring,4.9,No,Express,No,21,Debit Card,Every 3 Months,Adult,90,Emerging,False,False,Express,Card,Occasional,0.3828571428571429,Mid
2375,69,Male,Gloves,Accessories,73,Washington,L,Peach,Winter,4.7,No,Standard,No,31,Debit Card,Monthly,Senior,30,Established,False,False,Standard,Card,Frequent,0.6992857142857143,VIP
2376,60,Male,Backpack,Accessories,63,Virginia,L,Peach,Fall,2.9,No,Next Day Air,No,18,Credit Card,Quarterly,Senior,90,Emerging,False,False,Express,Card,Occasional,0.3764285714285714,Mid
2377,21,Male,Gloves,Accessories,94,Tennessee,XL,Cyan,Spring,4.1,No,Express,No,5,Cash,Weekly,Young Adult,7,New/Low,False,False,Express,Cash,Very Frequent,0.5585714285714286,High
2378,44,Male,Blouse,Clothing,94,South Dakota,L,Magenta,Fall,4.0,No,Next Day Air,No,22,Cash,Annually,Adult,365,Emerging,False,False,Express,Cash,Rare,0.67,VIP
2379,26,Male,Scarf,Accessories,71,New Hampshire,L,Teal,Summer,2.7,No,Store Pickup,No,37,PayPal,Bi-Weekly,Young Adult,14,Established,False,False,Other,Digital Wallet,Frequent,0.5321428571428571,High
2380,40,Male,Hat,Accessories,77,South Dakota,M,Peach,Spring,4.0,No,2-Day Shipping,No,22,Debit Card,Monthly,Adult,30,Emerging,False,False,Standard,Card,Frequent,0.5850000000000001,High
2381,41,Male,Scarf,Accessories,66,Pennsylvania,M,Black,Fall,2.5,No,Next Day Air,No,36,PayPal,Fortnightly,Adult,14,Established,False,False,Express,Digital Wallet,Frequent,0.48,High
2382,62,Male,Sandals,Footwear,23,Wisconsin,M,Teal,Summer,4.5,No,Free Shipping,No,23,PayPal,Annually,Senior,365,Emerging,False,False,Standard,Digital Wallet,Rare,0.37214285714285716,Mid
2383,39,Male,Sweater,Clothing,60,California,M,Turquoise,Spring,3.9,No,Express,No,44,Debit Card,Weekly,Adult,7,Heavy,False,False,Express,Card,Very Frequent,0.6471428571428571,VIP
2384,53,Male,Backpack,Accessories,72,Rhode Island,L,Gold,Spring,4.9,No,2-Day Shipping,No,25,Bank Transfer,Annually,Middle-aged,365,Emerging,False,False,Standard,Other,Rare,0.6714285714285715,VIP
2385,24,Male,Blouse,Clothing,35,Alabama,L,Green,Winter,3.3,No,2-Day Shipping,No,40,PayPal,Quarterly,Young Adult,90,Established,False,False,Standard,Digital Wallet,Occasional,0.4335714285714285,Mid
2386,41,Male,Scarf,Accessories,31,Oklahoma,M,Brown,Fall,3.8,No,Express,No,12,PayPal,Weekly,Adult,7,Emerging,False,False,Express,Digital Wallet,Very Frequent,0.26357142857142857,Low
2387,19,Male,Socks,Clothing,33,Illinois,L,Blue,Summer,2.9,No,Standard,No,14,Venmo,Monthly,Young Adult,30,Emerging,False,False,Standard,Digital Wallet,Frequent,0.19785714285714284,Low
2388,36,Male,Hat,Accessories,95,Tennessee,M,Gold,Summer,4.0,No,2-Day Shipping,No,14,Debit Card,Monthly,Adult,30,Emerging,False,False,Standard,Card,Frequent,0.6178571428571429,VIP
2389,21,Male,Dress,Clothing,68,Alabama,M,Peach,Fall,4.1,No,Store Pickup,No,10,Debit Card,Annually,Young Adult,365,New/Low,False,False,Other,Card,Rare,0.46428571428571425,Mid
2390,25,Male,Coat,Outerwear,87,Kansas,M,Violet,Spring,3.1,No,Store Pickup,No,17,Bank Transfer,Every 3 Months,Young Adult,90,Emerging,False,False,Other,Other,Occasional,0.5092857142857143,High
2391,65,Male,Shirt,Clothing,64,Arizona,XL,Yellow,Winter,4.6,No,Express,No,24,Debit Card,Fortnightly,Senior,14,Emerging,False,False,Express,Card,Frequent,0.5942857142857143,VIP
2392,42,Male,Shirt,Clothing,74,Michigan,M,Black,Winter,4.6,No,Next Day Air,No,31,Bank Transfer,Quarterly,Adult,90,Established,False,False,Express,Other,Occasional,0.6942857142857143,VIP
2393,40,Male,Jeans,Clothing,62,Missouri,L,Silver,Spring,2.6,No,2-Day Shipping,No,36,Cash,Annually,Adult,365,Established,False,False,Standard,Cash,Rare,0.47000000000000003,Mid
2394,58,Male,Socks,Clothing,97,Louisiana,M,Brown,Winter,5.0,No,2-Day Shipping,No,38,PayPal,Every 3 Months,Senior,90,Established,False,False,Standard,Digital Wallet,Occasional,0.8992857142857142,VIP
2395,40,Male,Sandals,Footwear,47,Connecticut,L,Peach,Fall,2.9,No,2-Day Shipping,No,23,Debit Card,Fortnightly,Adult,14,Emerging,False,False,Standard,Card,Frequent,0.33214285714285713,Low
2396,62,Male,Blouse,Clothing,83,Connecticut,M,Cyan,Winter,3.5,No,2-Day Shipping,No,47,PayPal,Bi-Weekly,Senior,14,Heavy,False,False,Standard,Digital Wallet,Frequent,0.7435714285714285,VIP
2397,38,Male,Shirt,Clothing,82,Oregon,M,Olive,Spring,3.7,No,2-Day Shipping,No,20,Venmo,Weekly,Adult,7,Emerging,False,False,Standard,Digital Wallet,Very Frequent,0.5657142857142857,High
2398,37,Male,Sunglasses,Accessories,26,West Virginia,L,Black,Fall,2.9,No,Store Pickup,No,41,Venmo,Monthly,Adult,30,Heavy,False,False,Other,Digital Wallet,Frequent,0.3557142857142857,Mid
2399,65,Male,Jacket,Outerwear,81,Florida,M,Orange,Winter,4.3,No,Free Shipping,No,44,Bank Transfer,Fortnightly,Senior,14,Heavy,False,False,Standard,Other,Frequent,0.792142857142857,VIP
2400,55,Male,Dress,Clothing,44,New Hampshire,L,Beige,Spring,3.2,No,Store Pickup,No,31,Cash,Monthly,Middle-aged,30,Established,False,False,Other,Cash,Frequent,0.4042857142857143,Mid
2401,43,Male,Sunglasses,Accessories,88,Oregon,M,Peach,Winter,4.2,No,Next Day Air,No,11,Credit Card,Bi-Weekly,Adult,14,Emerging,False,False,Express,Card,Frequent,0.5814285714285715,High
2402,43,Male,Boots,Footwear,76,Oregon,M,Pink,Winter,4.2,No,Standard,No,25,PayPal,Bi-Weekly,Adult,14,Emerging,False,False,Standard,Digital Wallet,Frequent,0.6214285714285714,VIP
2403,45,Male,Scarf,Accessories,89,Utah,M,Brown,Winter,3.8,No,Free Shipping,No,31,Cash,Weekly,Middle-aged,7,Established,False,False,Standard,Cash,Very Frequent,0.6892857142857143,VIP
2404,64,Male,Shorts,Clothing,22,Missouri,M,Magenta,Fall,4.4,No,Standard,No,40,Debit Card,Weekly,Senior,7,Established,False,False,Standard,Card,Very Frequent,0.47857142857142854,High
2405,28,Male,Shorts,Clothing,33,West Virginia,L,Cyan,Winter,3.1,No,2-Day Shipping,No,23,Credit Card,Bi-Weekly,Young Adult,14,Emerging,False,False,Standard,Card,Frequent,0.28214285714285714,Low
2406,69,Male,Jeans,Clothing,97,California,XL,Silver,Fall,5.0,No,Standard,No,5,Debit Card,Quarterly,Senior,90,New/Low,False,False,Standard,Card,Occasional,0.6635714285714286,VIP
2407,54,Male,Scarf,Accessories,57,California,M,Indigo,Winter,4.7,No,Standard,No,26,PayPal,Weekly,Middle-aged,7,Established,False,False,Standard,Digital Wallet,Very Frequent,0.5835714285714286,High
2408,52,Male,Shorts,Clothing,38,Illinois,M,Beige,Summer,3.0,No,Express,No,11,Credit Card,Bi-Weekly,Middle-aged,14,Emerging,False,False,Express,Card,Frequent,0.2114285714285714,Low
2409,23,Male,Sneakers,Footwear,55,Hawaii,XL,Black,Fall,4.2,No,Next Day Air,No,44,Debit Card,Every 3 Months,Young Adult,90,Heavy,False,False,Express,Card,Occasional,0.6521428571428571,VIP
2410,26,Male,Jewelry,Accessories,37,Washington,L,Yellow,Spring,3.0,No,Store Pickup,No,47,Cash,Every 3 Months,Young Adult,90,Heavy,False,False,Other,Cash,Occasional,0.4635714285714286,Mid
2411,48,Male,Shoes,Footwear,43,Wisconsin,M,Maroon,Summer,3.7,No,Free Shipping,No,46,PayPal,Monthly,Middle-aged,30,Heavy,False,False,Standard,Digital Wallet,Frequent,0.5564285714285714,High
2412,49,Male,Hoodie,Clothing,96,Virginia,M,Cyan,Summer,2.7,No,Free Shipping,No,35,Cash,Every 3 Months,Middle-aged,90,Established,False,False,Standard,Cash,Occasional,0.6428571428571428,VIP
2413,53,Male,Jacket,Outerwear,51,Oregon,M,Pink,Winter,4.3,No,2-Day Shipping,No,8,Bank Transfer,Bi-Weekly,Middle-aged,14,New/Low,False,False,Standard,Other,Frequent,0.385,Mid
2414,69,Male,Shorts,Clothing,95,Pennsylvania,XL,Violet,Fall,2.7,No,2-Day Shipping,No,30,Bank Transfer,Weekly,Senior,7,Established,False,False,Standard,Other,Very Frequent,0.6021428571428571,VIP
2415,26,Male,Socks,Clothing,26,Virginia,M,Lavender,Summer,3.7,No,Next Day Air,No,14,Credit Card,Bi-Weekly,Young Adult,14,Emerging,False,False,Express,Card,Frequent,0.24285714285714288,Low
2416,21,Male,Coat,Outerwear,34,Hawaii,XL,Lavender,Fall,4.3,No,Standard,No,30,Bank Transfer,Weekly,Young Adult,7,Established,False,False,Standard,Other,Very Frequent,0.45714285714285713,Mid
2417,59,Male,Sandals,Footwear,83,Nebraska,S,Black,Summer,4.0,No,Next Day Air,No,26,Credit Card,Every 3 Months,Senior,90,Established,False,False,Express,Card,Occasional,0.6435714285714286,VIP
2418,21,Male,Backpack,Accessories,24,Alaska,M,Olive,Fall,3.3,No,Standard,No,32,Venmo,Fortnightly,Young Adult,14,Established,False,False,Standard,Digital Wallet,Frequent,0.3214285714285714,Low
2419,22,Male,Pants,Clothing,69,Michigan,S,Indigo,Fall,4.0,No,Next Day Air,No,47,Cash,Every 3 Months,Young Adult,90,Heavy,False,False,Express,Cash,Occasional,0.7235714285714286,VIP
2420,26,Male,Sweater,Clothing,40,North Carolina,M,Blue,Fall,2.7,No,Next Day Air,No,11,Credit Card,Every 3 Months,Young Adult,90,Emerging,False,False,Express,Card,Occasional,0.19142857142857145,Low
2421,41,Male,Jacket,Outerwear,87,North Carolina,S,Green,Winter,4.2,No,Free Shipping,No,28,PayPal,Annually,Adult,365,Established,False,False,Standard,Digital Wallet,Rare,0.6978571428571428,VIP
2422,37,Male,Sneakers,Footwear,46,Minnesota,L,Pink,Spring,4.6,No,Standard,No,2,Debit Card,Every 3 Months,Adult,90,New/Low,False,False,Standard,Card,Occasional,0.3471428571428571,Low
2423,30,Male,Jewelry,Accessories,82,Georgia,M,Peach,Winter,4.8,No,Store Pickup,No,45,Credit Card,Weekly,Young Adult,7,Heavy,False,False,Other,Card,Very Frequent,0.8542857142857143,VIP
2424,49,Male,Backpack,Accessories,81,West Virginia,M,Purple,Summer,2.8,No,Free Shipping,No,7,Credit Card,Every 3 Months,Middle-aged,90,New/Low,False,False,Standard,Card,Occasional,0.37785714285714284,Mid
2425,49,Male,Jewelry,Accessories,57,Delaware,M,Peach,Winter,4.5,No,Next Day Air,No,28,Bank Transfer,Bi-Weekly,Middle-aged,14,Established,False,False,Express,Other,Frequent,0.5778571428571428,High
2426,58,Male,Shoes,Footwear,49,North Dakota,S,Olive,Summer,3.0,No,2-Day Shipping,No,34,Bank Transfer,Quarterly,Senior,90,Established,False,False,Standard,Other,Occasional,0.43071428571428566,Mid
2427,70,Male,Jacket,Outerwear,42,Florida,M,Olive,Fall,4.6,No,Free Shipping,No,26,Debit Card,Every 3 Months,Senior,90,Established,False,False,Standard,Card,Occasional,0.49857142857142855,High
2428,27,Male,Jacket,Outerwear,26,Oregon,M,Purple,Spring,3.3,No,Standard,No,45,Cash,Quarterly,Young Adult,90,Heavy,False,False,Standard,Cash,Occasional,0.42428571428571427,Mid
2429,65,Male,T-shirt,Clothing,38,Idaho,M,Violet,Spring,4.4,No,Next Day Air,No,34,Debit Card,Annually,Senior,365,Established,False,False,Express,Card,Rare,0.5157142857142857,High
2430,57,Male,Sneakers,Footwear,57,Virginia,XL,Maroon,Summer,4.4,No,Standard,No,47,Credit Card,Fortnightly,Middle-aged,14,Heavy,False,False,Standard,Card,Frequent,0.7035714285714286,VIP
2431,20,Male,Jacket,Outerwear,100,North Dakota,XL,White,Summer,4.3,No,Express,No,42,Cash,Quarterly,Young Adult,90,Heavy,False,False,Express,Cash,Occasional,0.8728571428571428,VIP
2432,34,Male,Hoodie,Clothing,73,Alabama,S,Olive,Fall,3.4,No,Express,No,27,Bank Transfer,Every 3 Months,Adult,90,Established,False,False,Express,Other,Occasional,0.5407142857142857,High
2433,59,Male,Jacket,Outerwear,66,Hawaii,M,Peach,Winter,2.8,No,Store Pickup,No,43,Venmo,Monthly,Senior,30,Heavy,False,False,Other,Digital Wallet,Frequent,0.56,High
2434,54,Male,T-shirt,Clothing,73,Oregon,M,Blue,Spring,3.4,No,Standard,No,16,Cash,Bi-Weekly,Middle-aged,14,Emerging,False,False,Standard,Cash,Frequent,0.4621428571428572,Mid
2435,36,Male,Gloves,Accessories,45,Utah,M,Brown,Spring,5.0,No,Store Pickup,No,40,Credit Card,Monthly,Adult,30,Established,False,False,Other,Card,Frequent,0.6535714285714285,VIP
2436,21,Male,Sneakers,Footwear,27,Hawaii,S,Black,Fall,4.5,No,Free Shipping,No,29,Cash,Bi-Weekly,Young Adult,14,Established,False,False,Standard,Cash,Frequent,0.435,Mid
2437,52,Male,T-shirt,Clothing,24,Connecticut,M,Yellow,Fall,2.7,No,Store Pickup,No,38,Credit Card,Quarterly,Middle-aged,90,Established,False,False,Other,Card,Occasional,0.30428571428571427,Low
2438,43,Male,Sneakers,Footwear,59,Wyoming,XL,Magenta,Winter,3.4,No,Store Pickup,No,34,Credit Card,Weekly,Adult,7,Established,False,False,Other,Card,Very Frequent,0.5207142857142857,High
2439,32,Male,Jeans,Clothing,20,Delaware,S,Cyan,Winter,3.4,No,Express,No,30,Venmo,Weekly,Adult,7,Established,False,False,Express,Digital Wallet,Very Frequent,0.29714285714285715,Low
2440,55,Male,Handbag,Accessories,44,Arkansas,M,Maroon,Summer,2.8,No,Standard,No,45,Bank Transfer,Annually,Middle-aged,365,Heavy,False,False,Standard,Other,Rare,0.46428571428571425,Mid
2441,31,Male,Socks,Clothing,90,Indiana,M,Red,Spring,4.7,No,Standard,No,47,Bank Transfer,Annually,Young Adult,365,Heavy,False,False,Standard,Other,Rare,0.8985714285714286,VIP
2442,45,Male,Jewelry,Accessories,36,California,M,Black,Fall,4.7,No,Free Shipping,No,5,Credit Card,Monthly,Middle-aged,30,New/Low,False,False,Standard,Card,Frequent,0.3285714285714286,Low
2443,53,Male,Blouse,Clothing,95,Wyoming,L,Violet,Winter,4.7,No,Free Shipping,No,50,Debit Card,Bi-Weekly,Middle-aged,14,Heavy,False,False,Standard,Card,Frequent,0.9450000000000001,VIP
2444,24,Male,Backpack,Accessories,30,South Dakota,M,Green,Spring,3.4,No,2-Day Shipping,No,24,Bank Transfer,Bi-Weekly,Young Adult,14,Emerging,False,False,Standard,Other,Frequent,0.30428571428571427,Low
2445,47,Male,Scarf,Accessories,65,West Virginia,S,Gold,Fall,3.7,No,Express,No,15,Debit Card,Bi-Weekly,Middle-aged,14,Emerging,False,False,Express,Card,Frequent,0.44500000000000006,Mid
2446,63,Male,Scarf,Accessories,96,Tennessee,M,Brown,Summer,4.1,No,Store Pickup,No,50,Cash,Weekly,Senior,7,Heavy,False,False,Other,Cash,Very Frequent,0.8899999999999999,VIP
2447,38,Male,Shirt,Clothing,65,Alaska,L,Peach,Spring,2.9,No,2-Day Shipping,No,7,Credit Card,Monthly,Adult,30,New/Low,False,False,Standard,Card,Frequent,0.30785714285714283,Low
2448,59,Male,Pants,Clothing,47,South Dakota,L,Peach,Fall,3.2,No,Store Pickup,No,10,Venmo,Fortnightly,Senior,14,New/Low,False,False,Other,Digital Wallet,Frequent,0.2692857142857143,Low
2449,54,Male,Hat,Accessories,25,Tennessee,S,Violet,Fall,3.0,No,Free Shipping,No,38,PayPal,Bi-Weekly,Middle-aged,14,Established,False,False,Standard,Digital Wallet,Frequent,0.33928571428571425,Low
2450,26,Male,Coat,Outerwear,56,Alabama,S,Violet,Fall,4.1,No,Express,No,31,Venmo,Fortnightly,Young Adult,14,Established,False,False,Express,Digital Wallet,Frequent,0.5542857142857143,High
2451,68,Male,T-shirt,Clothing,76,North Carolina,M,Magenta,Fall,4.5,No,Standard,No,7,Venmo,Quarterly,Senior,90,New/Low,False,False,Standard,Digital Wallet,Occasional,0.5228571428571429,High
2452,41,Male,Socks,Clothing,60,Oklahoma,M,Purple,Fall,3.4,No,Store Pickup,No,27,Venmo,Monthly,Adult,30,Established,False,False,Other,Digital Wallet,Frequent,0.47571428571428576,High
2453,68,Male,Shirt,Clothing,67,New York,L,Purple,Winter,4.1,No,Express,No,45,Bank Transfer,Every 3 Months,Senior,90,Heavy,False,False,Express,Other,Occasional,0.7092857142857143,VIP
2454,21,Male,Sweater,Clothing,95,Iowa,XL,Cyan,Spring,4.6,No,Store Pickup,No,13,Cash,Annually,Young Adult,365,Emerging,False,False,Other,Cash,Rare,0.6707142857142856,VIP
2455,32,Male,Gloves,Accessories,72,Alaska,M,Magenta,Winter,4.6,No,Express,No,33,Venmo,Annually,Adult,365,Established,False,False,Express,Digital Wallet,Rare,0.6985714285714285,VIP
2456,20,Male,Belt,Accessories,98,Alaska,L,Lavender,Spring,3.4,No,Express,No,25,Cash,Every 3 Months,Young Adult,90,Emerging,False,False,Express,Cash,Occasional,0.6514285714285714,VIP
2457,59,Male,Jeans,Clothing,83,Nebraska,M,Green,Winter,3.3,No,2-Day Shipping,No,5,PayPal,Monthly,Senior,30,New/Low,False,False,Standard,Digital Wallet,Frequent,0.4235714285714286,Mid
2458,53,Male,Handbag,Accessories,37,Delaware,M,Maroon,Fall,3.6,No,2-Day Shipping,No,23,Cash,Quarterly,Middle-aged,90,Emerging,False,False,Standard,Cash,Occasional,0.3521428571428572,Low
2459,66,Male,T-shirt,Clothing,85,Texas,L,Turquoise,Fall,4.6,No,Free Shipping,No,17,Bank Transfer,Weekly,Senior,7,Emerging,False,False,Standard,Other,Very Frequent,0.6492857142857142,VIP
2460,47,Male,Socks,Clothing,36,Missouri,L,Violet,Fall,4.3,No,2-Day Shipping,No,14,Cash,Weekly,Middle-aged,7,Emerging,False,False,Standard,Cash,Very Frequent,0.35285714285714287,Low
2461,58,Male,Jeans,Clothing,36,Maine,S,Lavender,Winter,4.0,No,Store Pickup,No,28,Credit Card,Annually,Senior,365,Established,False,False,Other,Card,Rare,0.4228571428571428,Mid
2462,28,Male,Scarf,Accessories,86,Pennsylvania,L,Red,Summer,4.8,No,Next Day Air,No,19,Credit Card,Weekly,Young Adult,7,Emerging,False,False,Express,Card,Very Frequent,0.6885714285714286,VIP
2463,68,Male,Pants,Clothing,99,Missouri,XL,Orange,Spring,4.3,No,Standard,No,31,Bank Transfer,Bi-Weekly,Senior,14,Established,False,False,Standard,Other,Frequent,0.7892857142857144,VIP
2464,60,Male,Blouse,Clothing,21,Mississippi,XL,Indigo,Summer,3.3,No,Standard,No,25,Cash,Bi-Weekly,Senior,14,Emerging,False,False,Standard,Cash,Frequent,0.2564285714285714,Low
2465,47,Male,Jacket,Outerwear,84,Hawaii,L,Teal,Winter,2.8,No,Express,No,4,Cash,Bi-Weekly,Middle-aged,14,New/Low,False,False,Express,Cash,Frequent,0.37142857142857144,Mid
2466,18,Male,Sandals,Footwear,63,Texas,M,Brown,Spring,4.4,No,Free Shipping,No,20,Bank Transfer,Weekly,Young Adult,7,Emerging,False,False,Standard,Other,Very Frequent,0.5407142857142857,High
2467,32,Male,Shorts,Clothing,84,South Dakota,S,Pink,Summer,3.7,No,Express,No,37,Cash,Annually,Adult,365,Established,False,False,Express,Cash,Rare,0.6971428571428572,VIP
2468,27,Male,Shorts,Clothing,72,New Jersey,M,Lavender,Spring,3.6,No,Express,No,28,Credit Card,Annually,Young Adult,365,Established,False,False,Express,Card,Rare,0.5628571428571428,High
2469,65,Male,Skirt,Clothing,21,Connecticut,L,Cyan,Winter,3.7,No,2-Day Shipping,No,6,Venmo,Weekly,Senior,7,New/Low,False,False,Standard,Digital Wallet,Very Frequent,0.16071428571428575,Low
2470,68,Male,Sandals,Footwear,92,Maryland,M,Yellow,Fall,5.0,No,Standard,No,27,PayPal,Annually,Senior,365,Established,False,False,Standard,Digital Wallet,Rare,0.7957142857142858,VIP
2471,55,Male,Blouse,Clothing,72,Arizona,XL,Pink,Fall,2.7,No,Next Day Air,No,29,Credit Card,Fortnightly,Middle-aged,14,Established,False,False,Express,Card,Frequent,0.48,High
2472,30,Male,Sandals,Footwear,83,Oklahoma,M,Gray,Spring,4.3,No,Store Pickup,No,1,Cash,Annually,Young Adult,365,New/Low,False,False,Other,Cash,Rare,0.495,High
2473,24,Male,Shirt,Clothing,73,Utah,M,Peach,Summer,4.1,No,Standard,No,31,Credit Card,Annually,Young Adult,365,Established,False,False,Standard,Card,Rare,0.6392857142857142,VIP
2474,57,Male,Socks,Clothing,98,Arkansas,M,Red,Winter,2.6,No,Next Day Air,No,28,Cash,Quarterly,Middle-aged,90,Established,False,False,Express,Cash,Occasional,0.5928571428571429,High
2475,23,Male,T-shirt,Clothing,76,North Carolina,M,Olive,Fall,3.2,No,Store Pickup,No,19,Bank Transfer,Quarterly,Young Adult,90,Emerging,False,False,Other,Other,Occasional,0.47857142857142854,High
2476,69,Male,Dress,Clothing,43,California,S,Lavender,Summer,3.5,No,Next Day Air,No,36,Venmo,Monthly,Senior,30,Established,False,False,Express,Digital Wallet,Frequent,0.46499999999999997,Mid
2477,60,Male,Hat,Accessories,60,Colorado,M,Turquoise,Summer,3.7,No,Next Day Air,No,28,Cash,Monthly,Senior,30,Established,False,False,Express,Cash,Frequent,0.5128571428571429,High
2478,25,Male,Gloves,Accessories,40,California,L,Turquoise,Spring,3.8,No,2-Day Shipping,No,29,PayPal,Weekly,Young Adult,7,Established,False,False,Standard,Digital Wallet,Very Frequent,0.42999999999999994,Mid
2479,18,Male,Socks,Clothing,93,Vermont,S,Maroon,Winter,4.8,No,2-Day Shipping,No,9,Bank Transfer,Every 3 Months,Young Adult,90,New/Low,False,False,Standard,Other,Occasional,0.6521428571428571,VIP
2480,37,Male,Dress,Clothing,98,Kansas,S,Olive,Fall,4.2,No,Standard,No,26,Credit Card,Every 3 Months,Adult,90,Established,False,False,Standard,Card,Occasional,0.7385714285714287,VIP
2481,61,Male,Socks,Clothing,91,Ohio,XL,Maroon,Summer,2.9,No,Next Day Air,No,7,Credit Card,Fortnightly,Senior,14,New/Low,False,False,Express,Card,Frequent,0.43785714285714283,Mid
2482,41,Male,Belt,Accessories,92,New Jersey,XL,Cyan,Fall,2.9,No,Free Shipping,No,35,Debit Card,Weekly,Adult,7,Established,False,False,Standard,Card,Very Frequent,0.6428571428571429,VIP
2483,69,Male,Handbag,Accessories,87,Arizona,S,Peach,Winter,4.8,No,Next Day Air,No,46,Credit Card,Every 3 Months,Senior,90,Heavy,False,False,Express,Card,Occasional,0.8864285714285713,VIP
2484,32,Male,Skirt,Clothing,96,Arizona,S,Teal,Fall,2.9,No,Standard,No,8,Debit Card,Monthly,Adult,30,New/Low,False,False,Standard,Card,Frequent,0.47,Mid
2485,60,Male,Hoodie,Clothing,97,New Hampshire,M,Green,Summer,4.8,No,2-Day Shipping,No,50,Cash,Every 3 Months,Senior,90,Heavy,False,False,Standard,Cash,Occasional,0.965,VIP
2486,43,Male,Blouse,Clothing,55,Louisiana,M,Beige,Spring,4.6,No,2-Day Shipping,No,37,Bank Transfer,Annually,Adult,365,Established,False,False,Standard,Other,Rare,0.6421428571428571,VIP
2487,61,Male,Jeans,Clothing,58,Texas,L,Magenta,Spring,4.4,No,Store Pickup,No,6,Credit Card,Fortnightly,Senior,14,New/Low,False,False,Other,Card,Frequent,0.4157142857142857,Mid
2488,57,Male,Boots,Footwear,21,Montana,L,Violet,Spring,3.0,No,Next Day Air,No,16,PayPal,Bi-Weekly,Middle-aged,14,Emerging,False,False,Express,Digital Wallet,Frequent,0.16214285714285714,Low
2489,56,Male,Handbag,Accessories,82,New Hampshire,XL,Charcoal,Summer,4.4,No,Express,No,30,PayPal,Monthly,Middle-aged,30,Established,False,False,Express,Digital Wallet,Frequent,0.7071428571428572,VIP
2490,66,Male,Coat,Outerwear,34,South Dakota,M,Green,Winter,3.9,No,Express,No,50,Venmo,Quarterly,Senior,90,Heavy,False,False,Express,Digital Wallet,Occasional,0.5599999999999999,High
2491,52,Male,Blouse,Clothing,78,Montana,M,Gray,Spring,4.0,No,Free Shipping,No,5,Cash,Every 3 Months,Middle-aged,90,New/Low,False,False,Standard,Cash,Occasional,0.4685714285714285,Mid
2492,63,Male,Handbag,Accessories,47,North Carolina,M,Magenta,Spring,2.5,No,Express,No,15,Bank Transfer,Monthly,Senior,30,Emerging,False,False,Express,Other,Frequent,0.235,Low
2493,50,Male,Sunglasses,Accessories,96,South Dakota,S,Silver,Summer,4.1,No,Next Day Air,No,34,Bank Transfer,Bi-Weekly,Middle-aged,14,Established,False,False,Express,Other,Frequent,0.7757142857142856,VIP
2494,21,Male,Socks,Clothing,23,Maine,S,Beige,Fall,4.8,No,2-Day Shipping,No,6,Venmo,Every 3 Months,Young Adult,90,New/Low,False,False,Standard,Digital Wallet,Occasional,0.2807142857142857,Low
2495,42,Male,Shoes,Footwear,27,Oklahoma,S,Peach,Winter,2.6,No,Store Pickup,No,26,Debit Card,Annually,Adult,365,Established,False,False,Other,Card,Rare,0.2235714285714286,Low
2496,40,Male,Backpack,Accessories,37,Nebraska,XL,Orange,Spring,3.1,No,Free Shipping,No,34,Credit Card,Every 3 Months,Adult,90,Established,False,False,Standard,Card,Occasional,0.38071428571428567,Mid
2497,67,Male,Scarf,Accessories,79,Illinois,S,Yellow,Summer,3.2,No,Store Pickup,No,37,Credit Card,Weekly,Senior,7,Established,False,False,Other,Card,Very Frequent,0.6221428571428572,VIP
2498,35,Male,Backpack,Accessories,40,Colorado,M,Violet,Summer,4.2,No,Standard,No,28,Bank Transfer,Annually,Adult,365,Established,False,False,Standard,Other,Rare,0.46285714285714286,Mid
2499,18,Male,Coat,Outerwear,39,Massachusetts,S,Green,Fall,2.6,No,Next Day Air,No,38,Cash,Fortnightly,Young Adult,14,Established,False,False,Express,Cash,Frequent,0.3692857142857142,Mid
2500,52,Male,Hoodie,Clothing,73,Louisiana,L,Pink,Summer,3.1,No,Next Day Air,No,2,Cash,Quarterly,Middle-aged,90,New/Low,False,False,Express,Cash,Occasional,0.33214285714285713,Low
2501,59,Male,Gloves,Accessories,84,Massachusetts,M,Violet,Fall,2.9,No,Store Pickup,No,32,Cash,Bi-Weekly,Senior,14,Established,False,False,Other,Cash,Frequent,0.5814285714285715,High
2502,49,Male,Shorts,Clothing,94,West Virginia,M,Violet,Fall,4.6,No,Free Shipping,No,30,Venmo,Bi-Weekly,Middle-aged,14,Established,False,False,Standard,Digital Wallet,Frequent,0.7871428571428571,VIP
2503,46,Male,Skirt,Clothing,47,Idaho,L,Pink,Spring,4.1,No,Standard,No,17,PayPal,Every 3 Months,Middle-aged,90,Emerging,False,False,Standard,Digital Wallet,Occasional,0.40928571428571425,Mid
2504,69,Male,Boots,Footwear,77,Ohio,M,Violet,Summer,2.5,No,Store Pickup,No,5,Debit Card,Bi-Weekly,Senior,14,New/Low,False,False,Other,Card,Frequent,0.3135714285714286,Low
2505,56,Male,Shorts,Clothing,94,Rhode Island,M,Turquoise,Winter,4.0,No,Store Pickup,No,31,Cash,Bi-Weekly,Middle-aged,14,Established,False,False,Other,Cash,Frequent,0.7342857142857143,VIP
2506,27,Male,Handbag,Accessories,75,Illinois,M,Cyan,Summer,3.5,No,Express,No,43,PayPal,Quarterly,Young Adult,90,Heavy,False,False,Express,Digital Wallet,Occasional,0.6749999999999999,VIP
2507,57,Male,Dress,Clothing,82,New York,XL,Orange,Spring,4.4,No,Free Shipping,No,19,Venmo,Annually,Middle-aged,365,Emerging,False,False,Standard,Digital Wallet,Rare,0.6285714285714287,VIP
2508,58,Male,Shoes,Footwear,36,Louisiana,M,Cyan,Fall,2.9,No,Store Pickup,No,32,Credit Card,Every 3 Months,Senior,90,Established,False,False,Other,Card,Occasional,0.3414285714285714,Low
2509,23,Male,Sneakers,Footwear,90,California,XL,Indigo,Spring,3.1,No,2-Day Shipping,No,5,Debit Card,Bi-Weekly,Young Adult,14,New/Low,False,False,Standard,Card,Frequent,0.4385714285714286,Mid
2510,19,Male,Socks,Clothing,48,Washington,M,Black,Spring,4.4,No,Free Shipping,No,9,Bank Transfer,Quarterly,Young Adult,90,New/Low,False,False,Standard,Other,Occasional,0.3871428571428571,Mid
2511,40,Male,Jacket,Outerwear,42,South Dakota,L,Purple,Winter,4.4,No,Standard,No,48,Credit Card,Weekly,Adult,7,Heavy,False,False,Standard,Card,Very Frequent,0.6357142857142858,VIP
2512,54,Male,Backpack,Accessories,33,Idaho,M,Cyan,Summer,2.7,No,Store Pickup,No,1,PayPal,Quarterly,Middle-aged,90,New/Low,False,False,Other,Digital Wallet,Occasional,0.08500000000000002,Low
2513,50,Male,Socks,Clothing,63,North Dakota,M,Green,Summer,4.9,No,Free Shipping,No,20,Credit Card,Monthly,Middle-aged,30,Emerging,False,False,Standard,Card,Frequent,0.5907142857142857,High
2514,69,Male,Handbag,Accessories,53,Washington,L,Teal,Winter,3.5,No,2-Day Shipping,No,42,Cash,Annually,Senior,365,Heavy,False,False,Standard,Cash,Rare,0.5578571428571428,High
2515,42,Male,Hat,Accessories,37,Alaska,L,Teal,Spring,4.8,No,Free Shipping,No,45,PayPal,Bi-Weekly,Adult,14,Heavy,False,False,Standard,Digital Wallet,Frequent,0.6292857142857142,VIP
2516,37,Male,Blouse,Clothing,92,Kansas,M,Magenta,Summer,4.2,No,2-Day Shipping,No,41,Cash,Monthly,Adult,30,Heavy,False,False,Standard,Cash,Frequent,0.8157142857142857,VIP
2517,46,Male,Shorts,Clothing,73,Utah,XL,Brown,Spring,4.6,No,Standard,No,36,Debit Card,Quarterly,Middle-aged,90,Established,False,False,Standard,Card,Occasional,0.725,VIP
2518,64,Male,Shirt,Clothing,38,Wyoming,L,Orange,Spring,2.9,No,Standard,No,10,Venmo,Annually,Senior,365,New/Low,False,False,Standard,Digital Wallet,Rare,0.19428571428571428,Low
2519,20,Male,Boots,Footwear,51,Maine,XL,Blue,Fall,4.0,No,Store Pickup,No,31,Venmo,Annually,Young Adult,365,Established,False,False,Other,Digital Wallet,Rare,0.5192857142857144,High
2520,40,Male,Jacket,Outerwear,90,Michigan,L,Magenta,Spring,4.9,No,Standard,No,21,Credit Card,Quarterly,Adult,90,Emerging,False,False,Standard,Card,Occasional,0.7328571428571429,VIP
2521,64,Male,Jacket,Outerwear,56,Illinois,L,Magenta,Summer,3.1,No,Next Day Air,No,16,Cash,Every 3 Months,Senior,90,Emerging,False,False,Express,Cash,Occasional,0.34714285714285714,Low
2522,29,Male,Handbag,Accessories,33,Minnesota,M,Magenta,Fall,4.4,No,Standard,No,18,PayPal,Every 3 Months,Young Adult,90,Emerging,False,False,Standard,Digital Wallet,Occasional,0.37642857142857145,Mid
2523,20,Male,Belt,Accessories,53,Massachusetts,S,Olive,Winter,2.5,No,2-Day Shipping,No,20,Debit Card,Weekly,Young Adult,7,Emerging,False,False,Standard,Card,Very Frequent,0.3007142857142857,Low
2524,43,Male,Handbag,Accessories,24,New Jersey,S,Cyan,Spring,3.4,No,Express,No,21,Bank Transfer,Annually,Adult,365,Emerging,False,False,Express,Other,Rare,0.2528571428571429,Low
2525,60,Male,Coat,Outerwear,59,Kansas,M,Purple,Spring,3.7,No,Express,No,23,Credit Card,Quarterly,Senior,90,Emerging,False,False,Express,Card,Occasional,0.4721428571428572,High
2526,39,Male,Sweater,Clothing,72,Kentucky,M,Purple,Winter,4.2,No,Standard,No,20,PayPal,Weekly,Adult,7,Emerging,False,False,Standard,Digital Wallet,Very Frequent,0.5657142857142857,High
2527,47,Male,Shorts,Clothing,28,Rhode Island,S,Peach,Spring,3.4,No,Express,No,30,PayPal,Bi-Weekly,Middle-aged,14,Established,False,False,Express,Digital Wallet,Frequent,0.33714285714285713,Low
2528,19,Male,Pants,Clothing,36,Illinois,M,Gold,Fall,3.6,No,Express,No,33,Bank Transfer,Every 3 Months,Young Adult,90,Established,False,False,Express,Other,Occasional,0.4185714285714286,Mid
2529,52,Male,Jewelry,Accessories,47,Alabama,S,Peach,Fall,4.7,No,2-Day Shipping,No,31,Debit Card,Monthly,Middle-aged,30,Established,False,False,Standard,Card,Frequent,0.5692857142857144,High
2530,34,Male,Gloves,Accessories,62,Tennessee,M,Magenta,Spring,4.7,No,Next Day Air,No,48,Bank Transfer,Monthly,Adult,30,Heavy,False,False,Express,Other,Frequent,0.7657142857142858,VIP
2531,25,Male,Skirt,Clothing,98,Massachusetts,S,Cyan,Spring,3.6,No,Free Shipping,No,28,Debit Card,Weekly,Young Adult,7,Established,False,False,Standard,Card,Very Frequent,0.6928571428571428,VIP
2532,43,Male,Sandals,Footwear,28,Texas,M,Violet,Summer,4.6,No,Free Shipping,No,7,Cash,Every 3 Months,Adult,90,New/Low,False,False,Standard,Cash,Occasional,0.2928571428571428,Low
2533,55,Male,Socks,Clothing,86,Nebraska,S,Charcoal,Summer,2.6,No,Next Day Air,No,4,Debit Card,Weekly,Middle-aged,7,New/Low,False,False,Express,Card,Very Frequent,0.36142857142857143,Mid
2534,66,Male,Jewelry,Accessories,46,Pennsylvania,S,Blue,Summer,3.1,No,Standard,No,49,Cash,Bi-Weekly,Senior,14,Heavy,False,False,Standard,Cash,Frequent,0.5328571428571428,High
2535,41,Male,Sunglasses,Accessories,42,Virginia,XL,Red,Fall,3.2,No,Free Shipping,No,22,Cash,Weekly,Adult,7,Emerging,False,False,Standard,Cash,Very Frequent,0.33,Low
2536,47,Male,Coat,Outerwear,80,Vermont,S,Purple,Winter,3.9,No,Express,No,39,Bank Transfer,Fortnightly,Middle-aged,14,Established,False,False,Express,Other,Frequent,0.7114285714285714,VIP
2537,51,Male,Belt,Accessories,39,Oklahoma,L,Gray,Spring,4.9,No,Express,No,45,PayPal,Every 3 Months,Middle-aged,90,Heavy,False,False,Express,Digital Wallet,Occasional,0.6492857142857142,VIP
2538,44,Male,Coat,Outerwear,49,Maine,M,Purple,Summer,4.1,No,2-Day Shipping,No,30,PayPal,Fortnightly,Adult,14,Established,False,False,Standard,Digital Wallet,Frequent,0.512142857142857,High
2539,18,Male,Scarf,Accessories,32,New Jersey,M,Silver,Summer,4.2,No,Next Day Air,No,33,Credit Card,Bi-Weekly,Young Adult,14,Established,False,False,Express,Card,Frequent,0.4585714285714285,Mid
2540,33,Male,Sandals,Footwear,73,Massachusetts,M,Purple,Fall,4.1,No,Next Day Air,No,24,Cash,Bi-Weekly,Adult,14,Emerging,False,False,Express,Cash,Frequent,0.5892857142857142,High
2541,24,Male,Belt,Accessories,42,New Jersey,M,Charcoal,Summer,3.9,No,Free Shipping,No,11,Debit Card,Quarterly,Young Adult,90,Emerging,False,False,Standard,Card,Occasional,0.3214285714285714,Low
2542,33,Male,Scarf,Accessories,58,Washington,M,Silver,Spring,2.7,No,Next Day Air,No,13,Venmo,Every 3 Months,Adult,90,Emerging,False,False,Express,Digital Wallet,Occasional,0.2957142857142857,Low
2543,61,Male,Jewelry,Accessories,22,Arkansas,M,White,Winter,3.7,No,Express,No,27,PayPal,Annually,Senior,365,Established,False,False,Express,Digital Wallet,Rare,0.3157142857142857,Low
2544,27,Male,Scarf,Accessories,56,West Virginia,L,Peach,Spring,2.7,No,Next Day Air,No,30,PayPal,Bi-Weekly,Young Adult,14,Established,False,False,Express,Digital Wallet,Frequent,0.40714285714285714,Mid
2545,46,Male,Pants,Clothing,70,Delaware,M,Red,Spring,2.5,No,Next Day Air,No,39,Venmo,Quarterly,Middle-aged,90,Established,False,False,Express,Digital Wallet,Occasional,0.5214285714285714,High
2546,38,Male,Shoes,Footwear,50,Texas,L,Olive,Spring,3.9,No,Free Shipping,No,10,Debit Card,Annually,Adult,365,New/Low,False,False,Standard,Card,Rare,0.3542857142857143,Low
2547,63,Male,Boots,Footwear,21,Texas,L,Gray,Summer,3.0,No,Express,No,4,Credit Card,Quarterly,Senior,90,New/Low,False,False,Express,Card,Occasional,0.07642857142857143,Low
2548,47,Male,Jacket,Outerwear,97,Mississippi,M,Beige,Summer,3.2,No,2-Day Shipping,No,16,Cash,Weekly,Middle-aged,7,Emerging,False,False,Standard,Cash,Very Frequent,0.5621428571428572,High
2549,42,Male,Backpack,Accessories,63,Texas,L,Pink,Winter,3.8,No,Standard,No,34,Credit Card,Monthly,Adult,30,Established,False,False,Standard,Card,Frequent,0.5807142857142856,High
2550,41,Male,Jacket,Outerwear,60,Virginia,M,Red,Fall,2.7,No,Standard,No,11,Debit Card,Every 3 Months,Adult,90,Emerging,False,False,Standard,Card,Occasional,0.2914285714285715,Low
2551,53,Male,Boots,Footwear,52,New Hampshire,XL,Peach,Fall,3.0,No,Store Pickup,No,30,Debit Card,Fortnightly,Middle-aged,14,Established,False,False,Other,Card,Frequent,0.41714285714285715,Mid
2552,29,Male,Shoes,Footwear,32,Minnesota,M,Maroon,Winter,4.1,No,Next Day Air,No,40,Debit Card,Annually,Young Adult,365,Established,False,False,Express,Card,Rare,0.4985714285714285,High
2553,61,Male,Belt,Accessories,48,Maryland,XL,Purple,Spring,3.2,No,2-Day Shipping,No,13,Credit Card,Annually,Senior,365,Emerging,False,False,Standard,Card,Rare,0.2957142857142857,Low
2554,69,Male,Jewelry,Accessories,25,Vermont,M,Maroon,Summer,4.5,No,Store Pickup,No,28,Venmo,Every 3 Months,Senior,90,Established,False,False,Other,Digital Wallet,Occasional,0.4178571428571428,Mid
2555,51,Male,Jewelry,Accessories,68,Kansas,M,Gray,Summer,4.3,No,Store Pickup,No,49,Debit Card,Bi-Weekly,Middle-aged,14,Heavy,False,False,Other,Card,Frequent,0.7628571428571427,VIP
2556,24,Male,Pants,Clothing,74,Idaho,M,Gray,Fall,3.5,No,Standard,No,23,Credit Card,Weekly,Young Adult,7,Emerging,False,False,Standard,Card,Very Frequent,0.5271428571428571,High
2557,24,Male,T-shirt,Clothing,88,Montana,XL,Magenta,Fall,3.1,No,Standard,No,4,Bank Transfer,Quarterly,Young Adult,90,New/Low,False,False,Standard,Other,Occasional,0.42142857142857143,Mid
2558,70,Male,Shorts,Clothing,23,Oklahoma,L,Cyan,Spring,3.9,No,Standard,No,17,PayPal,Fortnightly,Senior,14,Emerging,False,False,Standard,Digital Wallet,Frequent,0.26928571428571424,Low
2559,49,Male,Hoodie,Clothing,32,California,M,Silver,Fall,2.7,No,Express,No,24,PayPal,Fortnightly,Middle-aged,14,Emerging,False,False,Express,Digital Wallet,Frequent,0.2442857142857143,Low
2560,48,Male,Belt,Accessories,71,Mississippi,S,Green,Winter,4.0,No,Free Shipping,No,21,Debit Card,Every 3 Months,Middle-aged,90,Emerging,False,False,Standard,Card,Occasional,0.5478571428571428,High
2561,58,Male,Boots,Footwear,62,California,M,Violet,Spring,2.7,No,Next Day Air,No,17,Debit Card,Bi-Weekly,Senior,14,Emerging,False,False,Express,Card,Frequent,0.3442857142857143,Low
2562,32,Male,Hoodie,Clothing,20,New York,L,Magenta,Spring,2.7,No,Free Shipping,No,22,Debit Card,Quarterly,Adult,90,Emerging,False,False,Standard,Card,Occasional,0.17,Low
2563,57,Male,Shorts,Clothing,62,Arizona,XL,Yellow,Spring,4.7,No,Standard,No,27,Cash,Fortnightly,Middle-aged,14,Established,False,False,Standard,Cash,Frequent,0.6157142857142858,VIP
2564,69,Male,Backpack,Accessories,81,Massachusetts,XL,Gray,Winter,4.5,No,Standard,No,1,Venmo,Every 3 Months,Senior,90,New/Low,False,False,Standard,Digital Wallet,Occasional,0.505,High
2565,42,Male,Scarf,Accessories,90,Kentucky,L,Indigo,Winter,3.0,No,2-Day Shipping,No,27,Bank Transfer,Weekly,Adult,7,Established,False,False,Standard,Other,Very Frequent,0.5857142857142859,High
2566,30,Male,Socks,Clothing,43,Vermont,S,Indigo,Fall,3.6,No,Store Pickup,No,8,Venmo,Quarterly,Young Adult,90,New/Low,False,False,Other,Digital Wallet,Occasional,0.275,Low
2567,35,Male,Handbag,Accessories,38,Missouri,S,Yellow,Fall,3.3,No,Standard,No,43,PayPal,Quarterly,Adult,90,Heavy,False,False,Standard,Digital Wallet,Occasional,0.47,Mid
2568,19,Male,Sunglasses,Accessories,25,Michigan,XL,Gold,Spring,4.3,No,Store Pickup,No,24,Cash,Fortnightly,Young Adult,14,Emerging,False,False,Other,Cash,Frequent,0.3692857142857143,Mid
2569,52,Male,T-shirt,Clothing,98,Texas,XL,Green,Winter,4.3,No,Express,No,29,PayPal,Fortnightly,Middle-aged,14,Established,False,False,Express,Digital Wallet,Frequent,0.77,VIP
2570,42,Male,Dress,Clothing,75,New York,M,Charcoal,Spring,4.8,No,Free Shipping,No,10,Bank Transfer,Bi-Weekly,Adult,14,New/Low,False,False,Standard,Other,Frequent,0.5692857142857143,High
2571,36,Male,Sneakers,Footwear,27,New Mexico,XL,Olive,Spring,4.0,No,Store Pickup,No,12,PayPal,Fortnightly,Adult,14,Emerging,False,False,Other,Digital Wallet,Frequent,0.26357142857142857,Low
2572,45,Male,Sunglasses,Accessories,27,Mississippi,L,Black,Winter,3.5,No,Standard,No,48,Cash,Fortnightly,Middle-aged,14,Heavy,False,False,Standard,Cash,Frequent,0.47071428571428564,Mid
2573,54,Male,Blouse,Clothing,42,Washington,M,Silver,Fall,3.9,No,Next Day Air,No,40,Bank Transfer,Quarterly,Middle-aged,90,Established,False,False,Express,Other,Occasional,0.5285714285714286,High
2574,54,Male,T-shirt,Clothing,90,New Mexico,M,Red,Summer,4.4,No,Store Pickup,No,1,Bank Transfer,Annually,Middle-aged,365,New/Low,False,False,Other,Other,Rare,0.54,High
2575,27,Male,Hat,Accessories,63,Florida,M,Brown,Summer,4.6,No,2-Day Shipping,No,26,Credit Card,Fortnightly,Young Adult,14,Established,False,False,Standard,Card,Frequent,0.6035714285714285,VIP
2576,53,Male,Shorts,Clothing,96,Minnesota,M,Silver,Fall,4.0,No,Express,No,9,PayPal,Annually,Middle-aged,365,New/Low,False,False,Express,Digital Wallet,Rare,0.5871428571428572,High
2577,20,Male,Hoodie,Clothing,40,New Hampshire,M,Silver,Winter,4.2,No,Free Shipping,No,19,Debit Card,Quarterly,Young Adult,90,Emerging,False,False,Standard,Card,Occasional,0.3985714285714286,Mid
2578,52,Male,Socks,Clothing,39,Minnesota,L,Black,Fall,4.5,No,Next Day Air,No,37,Bank Transfer,Monthly,Middle-aged,30,Established,False,False,Express,Other,Frequent,0.552142857142857,High
2579,54,Male,Sunglasses,Accessories,48,Vermont,M,Purple,Fall,3.9,No,Free Shipping,No,3,Cash,Quarterly,Middle-aged,90,New/Low,False,False,Standard,Cash,Occasional,0.29428571428571426,Low
2580,65,Male,Blouse,Clothing,20,Minnesota,M,Purple,Summer,3.7,No,Express,No,40,Venmo,Weekly,Senior,7,Established,False,False,Express,Digital Wallet,Very Frequent,0.3985714285714286,Mid
2581,43,Male,Jeans,Clothing,29,Massachusetts,S,Turquoise,Summer,3.6,No,Store Pickup,No,13,Bank Transfer,Quarterly,Adult,90,Emerging,False,False,Other,Other,Occasional,0.24071428571428571,Low
2582,57,Male,Dress,Clothing,81,Wyoming,M,Gold,Winter,4.7,No,Express,No,48,Credit Card,Monthly,Middle-aged,30,Heavy,False,False,Express,Card,Frequent,0.8607142857142858,VIP
2583,19,Male,Dress,Clothing,98,South Dakota,S,Indigo,Fall,3.6,No,2-Day Shipping,No,4,Venmo,Every 3 Months,Young Adult,90,New/Low,False,False,Standard,Digital Wallet,Occasional,0.5214285714285715,High
2584,69,Male,Jeans,Clothing,93,Oklahoma,M,Lavender,Fall,2.5,No,Next Day Air,No,9,Cash,Weekly,Senior,7,New/Low,False,False,Express,Cash,Very Frequent,0.42214285714285715,Mid
2585,26,Male,Socks,Clothing,30,Florida,L,Blue,Summer,2.9,No,Store Pickup,No,26,Bank Transfer,Bi-Weekly,Young Adult,14,Established,False,False,Other,Other,Frequent,0.26857142857142857,Low
2586,57,Male,Sunglasses,Accessories,37,Wisconsin,L,Maroon,Fall,4.4,No,Free Shipping,No,19,Debit Card,Weekly,Middle-aged,7,Emerging,False,False,Standard,Card,Very Frequent,0.4035714285714286,Mid
2587,20,Male,Coat,Outerwear,28,Maine,L,Yellow,Winter,4.6,No,Express,No,1,Credit Card,Every 3 Months,Young Adult,90,New/Low,False,False,Express,Card,Occasional,0.24999999999999997,Low
2588,55,Male,Scarf,Accessories,29,Connecticut,M,Purple,Winter,3.7,No,Express,No,29,PayPal,Every 3 Months,Middle-aged,90,Established,False,False,Express,Digital Wallet,Occasional,0.365,Mid
2589,44,Male,Backpack,Accessories,49,Delaware,M,Peach,Summer,3.2,No,Free Shipping,No,38,Venmo,Bi-Weekly,Adult,14,Established,False,False,Standard,Digital Wallet,Frequent,0.47928571428571426,High
2590,52,Male,Pants,Clothing,53,North Dakota,M,Silver,Winter,4.9,No,2-Day Shipping,No,31,PayPal,Annually,Middle-aged,365,Established,False,False,Standard,Digital Wallet,Rare,0.6192857142857143,VIP
2591,57,Male,Gloves,Accessories,66,California,M,Turquoise,Summer,5.0,No,Free Shipping,No,35,Venmo,Annually,Middle-aged,365,Established,False,False,Standard,Digital Wallet,Rare,0.7228571428571429,VIP
2592,40,Male,Jacket,Outerwear,61,New Mexico,S,Olive,Spring,3.3,No,Express,No,40,Cash,Quarterly,Adult,90,Established,False,False,Express,Cash,Occasional,0.5635714285714285,High
2593,23,Male,Shorts,Clothing,23,Iowa,XL,Peach,Summer,4.4,No,Store Pickup,No,13,Venmo,Quarterly,Young Adult,90,Emerging,False,False,Other,Digital Wallet,Occasional,0.2907142857142857,Low
2594,36,Male,Pants,Clothing,36,Colorado,S,Indigo,Fall,4.7,No,Store Pickup,No,9,Bank Transfer,Every 3 Months,Adult,90,New/Low,False,False,Other,Other,Occasional,0.3571428571428572,Mid
2595,59,Male,Skirt,Clothing,81,Montana,L,Indigo,Fall,3.6,No,Free Shipping,No,25,Cash,Every 3 Months,Senior,90,Emerging,False,False,Standard,Cash,Occasional,0.5864285714285714,High
2596,29,Male,Blouse,Clothing,56,Iowa,XL,Maroon,Summer,3.2,No,Free Shipping,No,3,Bank Transfer,Bi-Weekly,Young Adult,14,New/Low,False,False,Standard,Other,Frequent,0.26428571428571435,Low
2597,63,Male,Shirt,Clothing,78,Louisiana,L,Black,Spring,3.0,No,Next Day Air,No,35,Credit Card,Monthly,Senior,30,Established,False,False,Express,Card,Frequent,0.5828571428571429,High
2598,60,Male,Jewelry,Accessories,25,Alabama,XL,Teal,Summer,4.4,No,Store Pickup,No,13,Venmo,Bi-Weekly,Senior,14,Emerging,False,False,Other,Digital Wallet,Frequent,0.3007142857142857,Low
2599,64,Male,Backpack,Accessories,86,Nevada,XL,Olive,Fall,3.3,No,Express,No,31,Debit Card,Annually,Senior,365,Established,False,False,Express,Card,Rare,0.6242857142857142,VIP
2600,63,Male,Jewelry,Accessories,99,Vermont,M,Gold,Winter,3.4,No,Express,No,48,Credit Card,Monthly,Senior,30,Heavy,False,False,Express,Card,Frequent,0.8207142857142856,VIP
2601,21,Male,Belt,Accessories,83,New York,M,Gray,Fall,3.9,No,Express,No,6,Bank Transfer,Bi-Weekly,Young Adult,14,New/Low,False,False,Express,Other,Frequent,0.49071428571428566,High
2602,61,Male,Dress,Clothing,33,Mississippi,L,Orange,Winter,2.9,No,Store Pickup,No,43,Cash,Monthly,Senior,30,Heavy,False,False,Other,Cash,Frequent,0.40499999999999997,Mid
2603,65,Male,Coat,Outerwear,44,South Carolina,M,Black,Fall,2.9,No,Free Shipping,No,1,Venmo,Quarterly,Senior,90,New/Low,False,False,Standard,Digital Wallet,Occasional,0.15999999999999998,Low
2604,69,Male,Dress,Clothing,58,Washington,M,Teal,Spring,2.7,No,2-Day Shipping,No,8,Cash,Annually,Senior,365,New/Low,False,False,Standard,Cash,Rare,0.26,Low
2605,47,Male,Sweater,Clothing,54,Colorado,M,Beige,Spring,3.4,No,Store Pickup,No,6,Debit Card,Weekly,Middle-aged,7,New/Low,False,False,Other,Card,Very Frequent,0.2957142857142857,Low
2606,41,Male,Hoodie,Clothing,93,Nevada,M,White,Spring,3.7,No,2-Day Shipping,No,32,Venmo,Fortnightly,Adult,14,Established,False,False,Standard,Digital Wallet,Frequent,0.7064285714285714,VIP
2607,68,Male,Shoes,Footwear,98,Nevada,L,Turquoise,Spring,4.7,No,Standard,No,46,Bank Transfer,Bi-Weekly,Senior,14,Heavy,False,False,Standard,Other,Frequent,0.9314285714285715,VIP
2608,41,Male,Shoes,Footwear,36,Oklahoma,XL,Teal,Spring,3.1,No,Express,No,38,PayPal,Every 3 Months,Adult,90,Established,False,False,Express,Digital Wallet,Occasional,0.40428571428571425,Mid
2609,42,Male,Jacket,Outerwear,68,Mississippi,L,Orange,Fall,4.2,No,2-Day Shipping,No,48,Credit Card,Fortnightly,Adult,14,Heavy,False,False,Standard,Card,Frequent,0.7457142857142857,VIP
2610,66,Male,Backpack,Accessories,95,Arkansas,M,Black,Summer,3.0,No,Store Pickup,No,18,Debit Card,Bi-Weekly,Senior,14,Emerging,False,False,Other,Card,Frequent,0.5464285714285715,High
2611,66,Male,Jeans,Clothing,93,West Virginia,M,Violet,Spring,3.1,No,Express,No,25,Cash,Quarterly,Senior,90,Emerging,False,False,Express,Cash,Occasional,0.5964285714285714,VIP
2612,33,Male,Jacket,Outerwear,99,Michigan,L,Maroon,Fall,4.2,No,2-Day Shipping,No,4,Cash,Fortnightly,Adult,14,New/Low,False,False,Standard,Cash,Frequent,0.5864285714285714,High
2613,55,Male,Sunglasses,Accessories,22,Louisiana,M,Turquoise,Winter,3.8,No,Next Day Air,No,27,Venmo,Quarterly,Middle-aged,90,Established,False,False,Express,Digital Wallet,Occasional,0.32571428571428573,Low
2614,58,Male,Gloves,Accessories,88,South Dakota,M,Gold,Fall,2.9,No,Express,No,14,Bank Transfer,Monthly,Senior,30,Emerging,False,False,Express,Other,Frequent,0.47285714285714286,High
2615,18,Male,Jacket,Outerwear,65,North Dakota,M,Turquoise,Spring,4.2,No,Express,No,36,Bank Transfer,Fortnightly,Young Adult,14,Established,False,False,Express,Other,Frequent,0.645,VIP
2616,49,Male,T-shirt,Clothing,62,Arizona,M,Maroon,Fall,3.1,No,2-Day Shipping,No,6,Debit Card,Quarterly,Middle-aged,90,New/Low,False,False,Standard,Card,Occasional,0.3057142857142857,Low
2617,61,Male,Sandals,Footwear,55,Georgia,XL,Purple,Spring,3.6,No,Express,No,46,Cash,Annually,Senior,365,Heavy,False,False,Express,Cash,Rare,0.6064285714285714,VIP
2618,31,Male,Shorts,Clothing,97,Idaho,S,Maroon,Spring,4.8,No,Standard,No,29,Bank Transfer,Annually,Young Adult,365,Established,False,False,Standard,Other,Rare,0.815,VIP
2619,70,Male,Handbag,Accessories,77,Louisiana,L,Brown,Fall,4.1,No,Express,No,12,Venmo,Monthly,Senior,30,Emerging,False,False,Express,Digital Wallet,Frequent,0.5235714285714286,High
2620,68,Male,Pants,Clothing,40,Connecticut,L,Indigo,Winter,3.9,No,Free Shipping,No,47,Credit Card,Weekly,Senior,7,Heavy,False,False,Standard,Card,Very Frequent,0.5685714285714286,High
2621,27,Male,Blouse,Clothing,23,Ohio,S,Lavender,Winter,3.0,No,Standard,No,28,Debit Card,Annually,Young Adult,365,Established,False,False,Standard,Card,Rare,0.25785714285714284,Low
2622,48,Male,Shoes,Footwear,46,Maine,M,Beige,Winter,3.0,No,Express,No,21,Bank Transfer,Annually,Middle-aged,365,Emerging,False,False,Express,Other,Rare,0.32285714285714284,Low
2623,63,Male,Backpack,Accessories,75,New Hampshire,M,Yellow,Spring,4.9,No,2-Day Shipping,No,15,Credit Card,Annually,Senior,365,Emerging,False,False,Standard,Card,Rare,0.615,VIP
2624,49,Male,Shoes,Footwear,76,Massachusetts,M,Gold,Fall,4.8,No,Next Day Air,No,38,Cash,Annually,Middle-aged,365,Established,False,False,Express,Cash,Rare,0.7742857142857142,VIP
2625,19,Male,Dress,Clothing,59,South Dakota,M,Indigo,Summer,3.3,No,Standard,No,19,Credit Card,Annually,Young Adult,365,Emerging,False,False,Standard,Card,Rare,0.4035714285714286,Mid
2626,30,Male,Skirt,Clothing,51,Colorado,L,Cyan,Summer,2.7,No,Standard,No,31,Credit Card,Weekly,Young Adult,7,Established,False,False,Standard,Card,Very Frequent,0.38928571428571435,Mid
2627,50,Male,Jacket,Outerwear,46,Rhode Island,XL,Silver,Fall,4.2,No,Express,No,30,Credit Card,Every 3 Months,Middle-aged,90,Established,False,False,Express,Card,Occasional,0.5071428571428571,High
2628,66,Male,Shirt,Clothing,26,Missouri,L,Silver,Fall,3.6,No,Next Day Air,No,40,Bank Transfer,Quarterly,Senior,90,Established,False,False,Express,Other,Occasional,0.4185714285714285,Mid
2629,25,Male,Hoodie,Clothing,51,Wyoming,M,Silver,Summer,3.8,No,Next Day Air,No,42,Credit Card,Bi-Weekly,Young Adult,14,Heavy,False,False,Express,Card,Frequent,0.5778571428571428,High
2630,61,Male,Scarf,Accessories,44,New Hampshire,M,Peach,Winter,3.8,No,Free Shipping,No,25,Venmo,Annually,Senior,365,Emerging,False,False,Standard,Digital Wallet,Rare,0.4214285714285714,Mid
2631,29,Male,Skirt,Clothing,82,Maine,S,Pink,Spring,4.2,No,Free Shipping,No,20,Cash,Quarterly,Young Adult,90,Emerging,False,False,Standard,Cash,Occasional,0.6157142857142858,VIP
2632,53,Male,Skirt,Clothing,44,Connecticut,S,Violet,Summer,2.7,No,Express,No,3,Cash,Weekly,Middle-aged,7,New/Low,False,False,Express,Cash,Very Frequent,0.1542857142857143,Low
2633,24,Male,Scarf,Accessories,27,Alaska,M,Black,Fall,5.0,No,Next Day Air,No,14,Cash,Annually,Young Adult,365,Emerging,False,False,Express,Cash,Rare,0.3778571428571429,Mid
2634,51,Male,Sunglasses,Accessories,90,Alaska,M,Purple,Fall,4.7,No,Next Day Air,No,32,Credit Card,Fortnightly,Middle-aged,14,Established,False,False,Express,Card,Frequent,0.7914285714285714,VIP
2635,26,Male,Sandals,Footwear,58,North Carolina,S,Black,Summer,3.2,No,Store Pickup,No,20,PayPal,Every 3 Months,Young Adult,90,Emerging,False,False,Other,Digital Wallet,Occasional,0.39571428571428574,Mid
2636,59,Male,Hoodie,Clothing,80,Colorado,XL,Peach,Spring,2.9,No,2-Day Shipping,No,34,PayPal,Fortnightly,Senior,14,Established,False,False,Standard,Digital Wallet,Frequent,0.5757142857142857,High
2637,41,Male,Jacket,Outerwear,40,Utah,S,Magenta,Winter,4.2,No,Store Pickup,No,6,Venmo,Annually,Adult,365,New/Low,False,False,Other,Digital Wallet,Rare,0.3057142857142857,Low
2638,20,Male,Pants,Clothing,23,Alabama,M,Magenta,Spring,3.7,No,Store Pickup,No,2,PayPal,Annually,Young Adult,365,New/Low,False,False,Other,Digital Wallet,Rare,0.14214285714285715,Low
2639,22,Male,Shirt,Clothing,34,Hawaii,S,Black,Spring,4.2,No,Store Pickup,No,35,Credit Card,Annually,Young Adult,365,Established,False,False,Other,Card,Rare,0.4828571428571429,High
2640,18,Male,Blouse,Clothing,35,New Hampshire,XL,Pink,Winter,2.6,No,Free Shipping,No,33,Debit Card,Quarterly,Young Adult,90,Established,False,False,Standard,Card,Occasional,0.31357142857142856,Low
2641,30,Male,Skirt,Clothing,75,Indiana,L,Olive,Summer,4.0,No,Store Pickup,No,45,Venmo,Bi-Weekly,Young Adult,14,Heavy,False,False,Other,Digital Wallet,Frequent,0.7392857142857143,VIP
2642,25,Male,Sunglasses,Accessories,60,Vermont,XL,Olive,Winter,2.7,No,Next Day Air,No,20,Bank Transfer,Every 3 Months,Young Adult,90,Emerging,False,False,Express,Other,Occasional,0.35571428571428576,Mid
2643,39,Male,Belt,Accessories,87,Iowa,L,Peach,Summer,4.0,No,Store Pickup,No,48,Bank Transfer,Annually,Adult,365,Heavy,False,False,Other,Other,Rare,0.8207142857142857,VIP
2644,49,Male,Gloves,Accessories,41,Maryland,S,Silver,Spring,2.9,No,Next Day Air,No,37,Cash,Monthly,Middle-aged,30,Established,False,False,Express,Cash,Frequent,0.4021428571428571,Mid
2645,25,Male,Pants,Clothing,83,New Mexico,M,Turquoise,Spring,3.3,No,Standard,No,4,Bank Transfer,Every 3 Months,Young Adult,90,New/Low,False,False,Standard,Other,Occasional,0.41642857142857137,Mid
2646,23,Male,Scarf,Accessories,81,Louisiana,L,Olive,Spring,4.0,No,Store Pickup,No,24,Bank Transfer,Bi-Weekly,Young Adult,14,Emerging,False,False,Other,Other,Frequent,0.6192857142857143,VIP
2647,33,Male,T-shirt,Clothing,56,New Mexico,S,Lavender,Summer,3.9,No,Next Day Air,No,4,Debit Card,Every 3 Months,Adult,90,New/Low,False,False,Express,Card,Occasional,0.3414285714285714,Low
2648,60,Male,Shoes,Footwear,58,South Carolina,M,Red,Summer,3.3,No,2-Day Shipping,No,25,Debit Card,Annually,Senior,365,Emerging,False,False,Standard,Card,Rare,0.4414285714285714,Mid
2649,51,Male,Pants,Clothing,84,Illinois,M,Gray,Spring,3.9,No,Next Day Air,No,14,PayPal,Bi-Weekly,Middle-aged,14,Emerging,False,False,Express,Digital Wallet,Frequent,0.5528571428571429,High
2650,23,Male,Gloves,Accessories,21,Minnesota,M,Magenta,Fall,3.9,No,Store Pickup,No,14,Bank Transfer,Fortnightly,Young Adult,14,Emerging,False,False,Other,Other,Frequent,0.23785714285714285,Low
2651,20,Male,Socks,Clothing,35,Oregon,L,Maroon,Summer,4.2,No,Standard,No,46,Credit Card,Every 3 Months,Young Adult,90,Heavy,False,False,Standard,Card,Occasional,0.5664285714285714,High
2652,51,Male,Sneakers,Footwear,43,Tennessee,M,Cyan,Summer,4.6,No,Store Pickup,No,27,PayPal,Quarterly,Middle-aged,90,Established,False,False,Other,Digital Wallet,Occasional,0.5107142857142857,High
2653,23,Female,Shorts,Clothing,20,Maryland,L,Cyan,Summer,3.3,No,2-Day Shipping,No,46,Credit Card,Monthly,Young Adult,30,Heavy,False,False,Standard,Card,Frequent,0.40142857142857136,Mid
2654,67,Female,Blouse,Clothing,36,Wisconsin,L,Lavender,Fall,4.8,No,Express,No,24,Venmo,Every 3 Months,Senior,90,Emerging,False,False,Express,Digital Wallet,Occasional,0.4742857142857143,High
2655,23,Female,Coat,Outerwear,70,Idaho,S,Pink,Fall,4.1,No,Next Day Air,No,4,PayPal,Annually,Young Adult,365,New/Low,False,False,Express,Digital Wallet,Rare,0.4314285714285714,Mid
2656,26,Female,Sunglasses,Accessories,83,Wyoming,M,Gray,Summer,3.4,No,Standard,No,2,Credit Card,Fortnightly,Young Adult,14,New/Low,False,False,Standard,Card,Frequent,0.41214285714285714,Mid
2657,52,Female,Shorts,Clothing,76,Indiana,L,Yellow,Winter,3.6,No,Express,No,29,Bank Transfer,Fortnightly,Middle-aged,14,Established,False,False,Express,Other,Frequent,0.59,High
2658,52,Female,Dress,Clothing,81,Texas,M,Pink,Summer,2.7,No,Express,No,7,Credit Card,Fortnightly,Middle-aged,14,New/Low,False,False,Express,Card,Frequent,0.3678571428571429,Mid
2659,52,Female,Handbag,Accessories,47,Ohio,XL,Indigo,Summer,3.2,No,Next Day Air,No,39,PayPal,Monthly,Middle-aged,30,Established,False,False,Express,Digital Wallet,Frequent,0.4764285714285714,High
2660,35,Female,Boots,Footwear,35,Kansas,L,Gray,Summer,4.4,No,2-Day Shipping,No,46,Credit Card,Fortnightly,Adult,14,Heavy,False,False,Standard,Card,Frequent,0.5864285714285714,High
2661,24,Female,Pants,Clothing,85,South Carolina,L,Yellow,Spring,4.9,No,Express,No,44,Venmo,Annually,Young Adult,365,Heavy,False,False,Express,Digital Wallet,Rare,0.8721428571428571,VIP
2662,43,Female,Boots,Footwear,96,Michigan,XL,Olive,Fall,4.8,No,Express,No,20,Bank Transfer,Annually,Adult,365,Emerging,False,False,Express,Other,Rare,0.7457142857142857,VIP
2663,25,Female,Skirt,Clothing,98,Nebraska,M,Cyan,Summer,2.8,No,2-Day Shipping,No,44,PayPal,Fortnightly,Young Adult,14,Heavy,False,False,Standard,Digital Wallet,Frequent,0.7271428571428571,VIP
2664,46,Female,Sneakers,Footwear,52,Wisconsin,L,Silver,Fall,2.9,No,Free Shipping,No,23,Bank Transfer,Annually,Middle-aged,365,Emerging,False,False,Standard,Other,Rare,0.35714285714285715,Mid
2665,22,Female,Jewelry,Accessories,84,Illinois,L,Silver,Winter,3.2,No,Store Pickup,No,37,PayPal,Weekly,Young Adult,7,Established,False,False,Other,Digital Wallet,Very Frequent,0.6471428571428572,VIP
2666,70,Female,T-shirt,Clothing,71,Louisiana,L,Red,Winter,3.5,No,Store Pickup,No,4,Venmo,Weekly,Senior,7,New/Low,False,False,Other,Digital Wallet,Very Frequent,0.37642857142857145,Mid
2667,49,Female,Sandals,Footwear,95,Ohio,S,Brown,Winter,4.1,No,Store Pickup,No,14,Venmo,Fortnightly,Middle-aged,14,Emerging,False,False,Other,Digital Wallet,Frequent,0.6278571428571429,VIP
2668,48,Female,Boots,Footwear,47,Maryland,M,Orange,Summer,4.1,No,Free Shipping,No,31,Cash,Fortnightly,Middle-aged,14,Established,False,False,Standard,Cash,Frequent,0.5092857142857143,High
2669,59,Female,Coat,Outerwear,75,Texas,M,Black,Summer,4.8,No,Next Day Air,No,9,PayPal,Quarterly,Senior,90,New/Low,False,False,Express,Digital Wallet,Occasional,0.5621428571428572,High
2670,39,Female,Belt,Accessories,28,Illinois,L,Teal,Spring,2.8,No,Free Shipping,No,31,Credit Card,Weekly,Adult,7,Established,False,False,Standard,Card,Very Frequent,0.28428571428571425,Low
2671,30,Female,Sunglasses,Accessories,44,Pennsylvania,M,Yellow,Fall,4.7,No,Express,No,26,Bank Transfer,Bi-Weekly,Young Adult,14,Established,False,False,Express,Other,Frequent,0.5185714285714287,High
2672,37,Female,Sandals,Footwear,64,Alabama,XL,Gray,Winter,4.8,No,2-Day Shipping,No,41,PayPal,Every 3 Months,Adult,90,Heavy,False,False,Standard,Digital Wallet,Occasional,0.7357142857142858,VIP
2673,56,Female,Boots,Footwear,28,West Virginia,M,Maroon,Spring,2.9,No,Standard,No,13,Cash,Annually,Middle-aged,365,Emerging,False,False,Standard,Cash,Rare,0.1657142857142857,Low
2674,67,Female,Hoodie,Clothing,21,Nevada,M,Olive,Summer,2.6,No,2-Day Shipping,No,4,Cash,Monthly,Senior,30,New/Low,False,False,Standard,Cash,Frequent,0.036428571428571435,Low
2675,40,Female,Hat,Accessories,41,Florida,S,Charcoal,Fall,3.3,No,Express,No,15,Cash,Every 3 Months,Adult,90,Emerging,False,False,Express,Cash,Occasional,0.28500000000000003,Low
2676,24,Female,Shorts,Clothing,38,Virginia,M,Peach,Winter,3.4,No,Free Shipping,No,38,Cash,Bi-Weekly,Young Adult,14,Established,False,False,Standard,Cash,Frequent,0.4442857142857143,Mid
2677,43,Female,Backpack,Accessories,77,Kentucky,M,Maroon,Spring,3.6,No,Free Shipping,No,3,Cash,Fortnightly,Adult,14,New/Low,False,False,Standard,Cash,Frequent,0.40928571428571436,Mid
2678,45,Female,Shorts,Clothing,43,Connecticut,L,Olive,Spring,3.8,No,Next Day Air,No,6,PayPal,Every 3 Months,Middle-aged,90,New/Low,False,False,Express,Digital Wallet,Occasional,0.2807142857142857,Low
2679,33,Female,Belt,Accessories,91,Montana,M,Magenta,Spring,3.4,No,2-Day Shipping,No,34,Credit Card,Bi-Weekly,Adult,14,Established,False,False,Standard,Card,Frequent,0.6807142857142856,VIP
2680,53,Female,Shorts,Clothing,68,Montana,S,Yellow,Spring,3.8,No,Express,No,7,Debit Card,Quarterly,Middle-aged,90,New/Low,False,False,Express,Card,Occasional,0.4128571428571428,Mid
2681,44,Female,Socks,Clothing,37,Nebraska,L,Indigo,Fall,3.3,No,Next Day Air,No,21,Venmo,Annually,Adult,365,Emerging,False,False,Express,Digital Wallet,Rare,0.30785714285714283,Low
2682,23,Female,Shoes,Footwear,23,Massachusetts,L,Olive,Summer,4.8,No,Standard,No,17,Debit Card,Monthly,Young Adult,30,Emerging,False,False,Standard,Card,Frequent,0.35928571428571426,Mid
2683,59,Female,Sneakers,Footwear,65,North Carolina,L,Maroon,Winter,3.9,No,2-Day Shipping,No,5,Venmo,Every 3 Months,Senior,90,New/Low,False,False,Standard,Digital Wallet,Occasional,0.39357142857142857,Mid
2684,68,Female,Backpack,Accessories,30,Montana,M,Indigo,Summer,4.2,No,Next Day Air,No,21,Cash,Fortnightly,Senior,14,Emerging,False,False,Express,Cash,Frequent,0.3628571428571429,Mid
2685,46,Female,Dress,Clothing,45,Washington,M,Gray,Summer,4.7,No,Free Shipping,No,42,Credit Card,Bi-Weekly,Middle-aged,14,Heavy,False,False,Standard,Card,Frequent,0.6378571428571429,VIP
2686,56,Female,Boots,Footwear,25,Virginia,M,Gray,Winter,2.7,No,Express,No,49,Credit Card,Quarterly,Middle-aged,90,Heavy,False,False,Express,Card,Occasional,0.38785714285714284,Mid
2687,40,Female,Socks,Clothing,72,Georgia,M,Black,Winter,3.8,No,2-Day Shipping,No,33,Cash,Fortnightly,Adult,14,Established,False,False,Standard,Cash,Frequent,0.6185714285714285,VIP
2688,61,Female,Dress,Clothing,75,Delaware,M,White,Fall,3.6,No,2-Day Shipping,No,12,Debit Card,Bi-Weekly,Senior,14,Emerging,False,False,Standard,Card,Frequent,0.46357142857142863,Mid
2689,53,Female,Handbag,Accessories,63,West Virginia,XL,Turquoise,Spring,2.9,No,2-Day Shipping,No,18,Credit Card,Every 3 Months,Middle-aged,90,Emerging,False,False,Standard,Card,Occasional,0.3764285714285714,Mid
2690,29,Female,Blouse,Clothing,35,Wyoming,M,Orange,Fall,3.9,No,Standard,No,47,PayPal,Quarterly,Young Adult,90,Heavy,False,False,Standard,Digital Wallet,Occasional,0.5435714285714286,High
2691,44,Female,Belt,Accessories,32,New Mexico,L,Yellow,Summer,4.7,No,Free Shipping,No,18,Bank Transfer,Weekly,Adult,7,Emerging,False,False,Standard,Other,Very Frequent,0.40142857142857147,Mid
2692,43,Female,Pants,Clothing,25,Nebraska,L,Blue,Winter,3.3,No,2-Day Shipping,No,48,Cash,Monthly,Adult,30,Heavy,False,False,Standard,Cash,Frequent,0.4407142857142857,Mid
2693,40,Female,Sneakers,Footwear,90,Washington,XL,Violet,Spring,4.2,No,Free Shipping,No,18,Debit Card,Every 3 Months,Adult,90,Emerging,False,False,Standard,Card,Occasional,0.6414285714285715,VIP
2694,55,Female,Boots,Footwear,70,Hawaii,L,Lavender,Summer,2.6,No,Standard,No,46,Cash,Quarterly,Middle-aged,90,Heavy,False,False,Standard,Cash,Occasional,0.5814285714285714,High
2695,66,Female,Sunglasses,Accessories,27,Louisiana,M,Olive,Spring,4.9,No,Express,No,34,Credit Card,Every 3 Months,Senior,90,Established,False,False,Express,Card,Occasional,0.5107142857142857,High
2696,50,Female,Hat,Accessories,92,Tennessee,M,Orange,Fall,3.6,No,Standard,No,10,PayPal,Bi-Weekly,Middle-aged,14,New/Low,False,False,Standard,Digital Wallet,Frequent,0.5342857142857144,High
2697,57,Female,Coat,Outerwear,20,South Dakota,M,White,Spring,4.7,No,Free Shipping,No,12,Debit Card,Monthly,Middle-aged,30,Emerging,False,False,Standard,Card,Frequent,0.2985714285714286,Low
2698,42,Female,Jacket,Outerwear,52,Delaware,L,Red,Winter,3.2,No,Standard,No,36,Bank Transfer,Quarterly,Adult,90,Established,False,False,Standard,Other,Occasional,0.48000000000000004,High
2699,55,Female,Hoodie,Clothing,57,Virginia,M,Magenta,Summer,3.6,No,Store Pickup,No,34,Venmo,Quarterly,Middle-aged,90,Established,False,False,Other,Digital Wallet,Occasional,0.5307142857142857,High
2700,25,Female,Boots,Footwear,96,Utah,M,Violet,Fall,3.6,No,2-Day Shipping,No,49,Debit Card,Annually,Young Adult,365,Heavy,False,False,Standard,Card,Rare,0.8328571428571429,VIP
2701,22,Female,T-shirt,Clothing,68,California,XL,Olive,Winter,3.2,No,Standard,No,36,Cash,Weekly,Young Adult,7,Established,False,False,Standard,Cash,Very Frequent,0.56,High
2702,49,Female,Sweater,Clothing,30,Idaho,L,Silver,Summer,2.8,No,Store Pickup,No,18,Bank Transfer,Fortnightly,Middle-aged,14,Emerging,False,False,Other,Other,Frequent,0.2014285714285714,Low
2703,70,Female,Shoes,Footwear,37,Texas,L,Gray,Fall,4.0,No,Next Day Air,No,39,Debit Card,Fortnightly,Senior,14,Established,False,False,Express,Card,Frequent,0.5064285714285715,High
2704,56,Female,Scarf,Accessories,42,Tennessee,XL,Olive,Winter,4.4,No,Free Shipping,No,34,PayPal,Weekly,Middle-aged,7,Established,False,False,Standard,Digital Wallet,Very Frequent,0.5357142857142857,High
2705,52,Female,Dress,Clothing,54,Tennessee,L,Beige,Spring,3.4,No,Next Day Air,No,35,Debit Card,Weekly,Middle-aged,7,Established,False,False,Express,Card,Very Frequent,0.5028571428571428,High
2706,65,Female,Jacket,Outerwear,81,Washington,S,Turquoise,Spring,5.0,No,Store Pickup,No,1,Credit Card,Bi-Weekly,Senior,14,New/Low,False,False,Other,Card,Frequent,0.5549999999999999,High
2707,24,Female,Shoes,Footwear,40,Alabama,S,Blue,Spring,3.1,No,Express,No,48,Debit Card,Quarterly,Young Adult,90,Heavy,False,False,Express,Card,Occasional,0.4957142857142857,High
2708,32,Female,Backpack,Accessories,88,Nebraska,M,Pink,Fall,4.2,No,Standard,No,19,Cash,Weekly,Adult,7,Emerging,False,False,Standard,Cash,Very Frequent,0.6385714285714286,VIP
2709,57,Female,Dress,Clothing,94,Alabama,M,Teal,Summer,3.3,No,Store Pickup,No,44,Debit Card,Weekly,Middle-aged,7,Heavy,False,False,Other,Card,Very Frequent,0.7571428571428571,VIP
2710,35,Female,Shirt,Clothing,54,Illinois,S,Cyan,Winter,2.9,No,Standard,No,9,Credit Card,Bi-Weekly,Adult,14,New/Low,False,False,Standard,Card,Frequent,0.2671428571428571,Low
2711,69,Female,Jacket,Outerwear,51,Wisconsin,L,Purple,Summer,4.7,No,Standard,No,3,Bank Transfer,Fortnightly,Senior,14,New/Low,False,False,Standard,Other,Frequent,0.38928571428571435,Mid
2712,30,Female,Sunglasses,Accessories,22,Nebraska,L,Red,Spring,4.0,No,Standard,No,50,Venmo,Monthly,Young Adult,30,Heavy,False,False,Standard,Digital Wallet,Frequent,0.51,High
2713,37,Female,Jacket,Outerwear,95,North Dakota,L,Brown,Fall,4.6,No,Standard,No,7,Debit Card,Quarterly,Adult,90,New/Low,False,False,Standard,Card,Occasional,0.6278571428571429,VIP
2714,19,Female,Coat,Outerwear,57,Mississippi,M,Magenta,Fall,3.8,No,2-Day Shipping,No,20,Debit Card,Annually,Young Adult,365,Emerging,False,False,Standard,Card,Rare,0.45071428571428573,Mid
2715,53,Female,Sweater,Clothing,45,Iowa,S,Olive,Winter,3.6,No,Store Pickup,No,16,Credit Card,Bi-Weekly,Middle-aged,14,Emerging,False,False,Other,Card,Frequent,0.3421428571428572,Low
2716,25,Female,Sneakers,Footwear,92,Mississippi,XL,Pink,Winter,4.1,No,Express,No,29,PayPal,Fortnightly,Young Adult,14,Established,False,False,Express,Digital Wallet,Frequent,0.72,VIP
2717,47,Female,Shoes,Footwear,40,Colorado,L,Black,Spring,2.7,No,Store Pickup,No,21,Debit Card,Weekly,Middle-aged,7,Emerging,False,False,Other,Card,Very Frequent,0.2628571428571429,Low
2718,18,Female,Sunglasses,Accessories,62,Nebraska,XL,Beige,Winter,4.3,No,Free Shipping,No,19,Credit Card,Every 3 Months,Young Adult,90,Emerging,False,False,Standard,Card,Occasional,0.5185714285714286,High
2719,22,Female,Shorts,Clothing,90,Virginia,M,Peach,Winter,4.9,No,Next Day Air,No,10,Venmo,Bi-Weekly,Young Adult,14,New/Low,False,False,Express,Digital Wallet,Frequent,0.6542857142857144,VIP
2720,69,Female,Hoodie,Clothing,82,Louisiana,S,Peach,Fall,4.2,No,Free Shipping,No,4,Bank Transfer,Monthly,Senior,30,New/Low,False,False,Standard,Other,Frequent,0.5014285714285714,High
2721,55,Female,Scarf,Accessories,52,Maryland,M,Peach,Spring,2.8,No,Store Pickup,No,45,Bank Transfer,Quarterly,Middle-aged,90,Heavy,False,False,Other,Other,Occasional,0.5042857142857143,High
2722,19,Female,Sandals,Footwear,70,Minnesota,S,Teal,Spring,4.9,No,Free Shipping,No,17,PayPal,Fortnightly,Young Adult,14,Emerging,False,False,Standard,Digital Wallet,Frequent,0.6042857142857143,VIP
2723,23,Female,Hat,Accessories,83,Maine,M,Green,Spring,2.8,No,2-Day Shipping,No,22,PayPal,Fortnightly,Young Adult,14,Emerging,False,False,Standard,Digital Wallet,Frequent,0.49499999999999994,High
2724,54,Female,Shoes,Footwear,49,Texas,XL,Brown,Summer,2.9,No,Store Pickup,No,3,PayPal,Every 3 Months,Middle-aged,90,New/Low,False,False,Other,Digital Wallet,Occasional,0.1992857142857143,Low
2725,52,Female,Sneakers,Footwear,91,Missouri,M,Brown,Spring,2.5,No,Next Day Air,No,11,Debit Card,Fortnightly,Middle-aged,14,Emerging,False,False,Express,Card,Frequent,0.4264285714285714,Mid
2726,64,Female,Backpack,Accessories,99,Mississippi,S,Violet,Summer,2.7,No,Free Shipping,No,4,Debit Card,Annually,Senior,365,New/Low,False,False,Standard,Card,Rare,0.43642857142857144,Mid
2727,33,Female,Belt,Accessories,92,Michigan,L,Blue,Winter,3.3,No,Free Shipping,No,11,PayPal,Bi-Weekly,Adult,14,Emerging,False,False,Standard,Digital Wallet,Frequent,0.5114285714285715,High
2728,40,Female,Shirt,Clothing,87,Colorado,L,Charcoal,Winter,3.7,No,2-Day Shipping,No,47,Credit Card,Fortnightly,Adult,14,Heavy,False,False,Standard,Card,Frequent,0.7835714285714286,VIP
2729,26,Female,Skirt,Clothing,28,Florida,M,Pink,Winter,4.0,No,Express,No,17,Debit Card,Weekly,Young Adult,7,Emerging,False,False,Express,Card,Very Frequent,0.30428571428571427,Low
2730,31,Female,Gloves,Accessories,71,Montana,S,Violet,Summer,4.1,No,Free Shipping,No,32,Credit Card,Monthly,Young Adult,30,Established,False,False,Standard,Card,Frequent,0.6364285714285713,VIP
2731,23,Female,Gloves,Accessories,32,Wisconsin,M,Teal,Winter,4.1,No,Store Pickup,No,37,Bank Transfer,Annually,Young Adult,365,Established,False,False,Other,Other,Rare,0.4771428571428571,High
2732,52,Female,Handbag,Accessories,33,Wisconsin,M,Red,Summer,2.5,No,2-Day Shipping,No,44,Bank Transfer,Quarterly,Middle-aged,90,Heavy,False,False,Standard,Other,Occasional,0.3721428571428571,Mid
2733,21,Female,Socks,Clothing,75,Delaware,L,Orange,Winter,4.2,No,Store Pickup,No,27,Debit Card,Every 3 Months,Young Adult,90,Established,False,False,Other,Card,Occasional,0.6307142857142858,VIP
2734,31,Female,Backpack,Accessories,83,North Carolina,M,Magenta,Summer,4.7,No,Express,No,46,PayPal,Annually,Young Adult,365,Heavy,False,False,Express,Digital Wallet,Rare,0.8564285714285713,VIP
2735,63,Female,Jeans,Clothing,93,New York,XL,Yellow,Summer,2.7,No,2-Day Shipping,No,13,Cash,Bi-Weekly,Senior,14,Emerging,False,False,Standard,Cash,Frequent,0.4707142857142857,Mid
2736,46,Female,Skirt,Clothing,29,California,M,Yellow,Spring,3.0,No,Express,No,2,PayPal,Bi-Weekly,Middle-aged,14,New/Low,False,False,Express,Digital Wallet,Frequent,0.10214285714285715,Low
2737,44,Female,Hoodie,Clothing,25,Montana,M,Pink,Spring,4.8,No,Store Pickup,No,45,Credit Card,Annually,Adult,365,Heavy,False,False,Other,Card,Rare,0.5692857142857143,High
2738,57,Female,Jewelry,Accessories,76,North Carolina,S,Indigo,Spring,4.4,No,Free Shipping,No,35,Cash,Every 3 Months,Middle-aged,90,Established,False,False,Standard,Cash,Occasional,0.7128571428571429,VIP
2739,50,Female,Sneakers,Footwear,81,Ohio,M,Charcoal,Summer,4.3,No,2-Day Shipping,No,39,Venmo,Every 3 Months,Middle-aged,90,Established,False,False,Standard,Digital Wallet,Occasional,0.7564285714285715,VIP
2740,33,Female,Shirt,Clothing,80,Alaska,XL,Blue,Winter,2.5,No,Store Pickup,No,39,Credit Card,Every 3 Months,Adult,90,Established,False,False,Other,Card,Occasional,0.5714285714285714,High
2741,19,Female,Sunglasses,Accessories,70,Pennsylvania,M,Lavender,Summer,4.9,No,Free Shipping,No,34,Bank Transfer,Fortnightly,Young Adult,14,Established,False,False,Standard,Other,Frequent,0.7257142857142858,VIP
2742,68,Female,Dress,Clothing,81,Maine,L,Yellow,Fall,4.9,No,2-Day Shipping,No,41,Venmo,Monthly,Senior,30,Heavy,False,False,Standard,Digital Wallet,Frequent,0.8307142857142857,VIP
2743,27,Female,Shoes,Footwear,86,Texas,M,Black,Spring,3.9,No,Free Shipping,No,47,Debit Card,Annually,Young Adult,365,Heavy,False,False,Standard,Card,Rare,0.7985714285714286,VIP
2744,61,Female,Belt,Accessories,94,New Jersey,S,Beige,Fall,4.1,No,2-Day Shipping,No,17,Venmo,Quarterly,Senior,90,Emerging,False,False,Standard,Digital Wallet,Occasional,0.6442857142857144,VIP
2745,38,Female,Shirt,Clothing,66,Wyoming,M,Silver,Winter,3.3,No,Store Pickup,No,40,Credit Card,Monthly,Adult,30,Established,False,False,Other,Card,Frequent,0.5885714285714284,High
2746,28,Female,Boots,Footwear,98,Michigan,M,Magenta,Summer,4.1,No,Standard,No,44,PayPal,Bi-Weekly,Young Adult,14,Heavy,False,False,Standard,Digital Wallet,Frequent,0.857142857142857,VIP
2747,39,Female,Hoodie,Clothing,25,Ohio,M,Orange,Fall,3.7,No,Standard,No,21,PayPal,Every 3 Months,Adult,90,Emerging,False,False,Standard,Digital Wallet,Occasional,0.28785714285714287,Low
2748,18,Female,Jeans,Clothing,62,West Virginia,M,Teal,Winter,3.1,No,Free Shipping,No,21,Credit Card,Every 3 Months,Young Adult,90,Emerging,False,False,Standard,Card,Occasional,0.41285714285714287,Mid
2749,24,Female,Jacket,Outerwear,98,Virginia,L,Turquoise,Spring,3.0,No,Free Shipping,No,16,Venmo,Annually,Young Adult,365,Emerging,False,False,Standard,Digital Wallet,Rare,0.5471428571428572,High
2750,64,Female,Jacket,Outerwear,53,Vermont,M,Cyan,Spring,3.4,No,Standard,No,15,Bank Transfer,Annually,Senior,365,Emerging,False,False,Standard,Other,Rare,0.355,Low
2751,51,Female,Sandals,Footwear,66,Alaska,L,Pink,Spring,2.7,No,2-Day Shipping,No,26,PayPal,Every 3 Months,Middle-aged,90,Established,False,False,Standard,Digital Wallet,Occasional,0.4285714285714286,Mid
2752,27,Female,Dress,Clothing,52,Minnesota,S,Indigo,Fall,3.1,No,Free Shipping,No,50,Venmo,Monthly,Young Adult,30,Heavy,False,False,Standard,Digital Wallet,Frequent,0.5700000000000001,High
2753,48,Female,Sweater,Clothing,64,Colorado,S,Peach,Winter,4.0,No,Free Shipping,No,30,Venmo,Bi-Weekly,Middle-aged,14,Established,False,False,Standard,Digital Wallet,Frequent,0.5771428571428572,High
2754,69,Female,Gloves,Accessories,59,Rhode Island,M,Beige,Spring,3.6,No,Next Day Air,No,48,PayPal,Quarterly,Senior,90,Heavy,False,False,Express,Digital Wallet,Occasional,0.6407142857142857,VIP
2755,59,Female,Sunglasses,Accessories,61,New Jersey,L,Gold,Summer,3.6,No,Free Shipping,No,21,Venmo,Bi-Weekly,Senior,14,Emerging,False,False,Standard,Digital Wallet,Frequent,0.45785714285714285,Mid
2756,59,Female,Belt,Accessories,97,Nevada,M,Indigo,Winter,3.3,No,Store Pickup,No,18,Credit Card,Annually,Senior,365,Emerging,False,False,Other,Card,Rare,0.5864285714285714,High
2757,42,Female,Hat,Accessories,23,Minnesota,L,Violet,Winter,4.1,No,Free Shipping,No,41,PayPal,Monthly,Adult,30,Heavy,False,False,Standard,Digital Wallet,Frequent,0.4607142857142857,Mid
2758,39,Female,Hat,Accessories,98,Delaware,XL,Brown,Fall,4.3,No,Next Day Air,No,11,Venmo,Monthly,Adult,30,Emerging,False,False,Express,Digital Wallet,Frequent,0.6414285714285715,VIP
2759,32,Female,Blouse,Clothing,98,Illinois,M,Purple,Summer,3.2,No,Standard,No,8,Bank Transfer,Bi-Weekly,Adult,14,New/Low,False,False,Standard,Other,Frequent,0.51,High
2760,68,Female,Shoes,Footwear,59,Washington,M,Turquoise,Summer,3.9,No,Free Shipping,No,42,Cash,Every 3 Months,Senior,90,Heavy,False,False,Standard,Cash,Occasional,0.6278571428571429,VIP
2761,41,Female,Skirt,Clothing,82,Alaska,S,Violet,Fall,5.0,No,Next Day Air,No,41,Credit Card,Bi-Weekly,Adult,14,Heavy,False,False,Express,Card,Frequent,0.8457142857142858,VIP
2762,31,Female,Sneakers,Footwear,82,Michigan,M,Purple,Fall,3.4,No,Next Day Air,No,3,Credit Card,Every 3 Months,Young Adult,90,New/Low,False,False,Express,Card,Occasional,0.41428571428571437,Mid
2763,58,Female,T-shirt,Clothing,41,Georgia,M,Charcoal,Fall,3.8,No,Store Pickup,No,10,Debit Card,Every 3 Months,Senior,90,New/Low,False,False,Other,Card,Occasional,0.29928571428571427,Low
2764,28,Female,Handbag,Accessories,52,West Virginia,M,Green,Fall,2.9,No,2-Day Shipping,No,35,Venmo,Quarterly,Young Adult,90,Established,False,False,Standard,Digital Wallet,Occasional,0.44285714285714284,Mid
2765,63,Female,Sweater,Clothing,41,Arizona,XL,White,Spring,2.6,No,Next Day Air,No,2,Debit Card,Weekly,Senior,7,New/Low,False,False,Express,Card,Very Frequent,0.12214285714285716,Low
2766,64,Female,Gloves,Accessories,70,Colorado,M,Purple,Summer,4.3,No,2-Day Shipping,No,24,Credit Card,Quarterly,Senior,90,Emerging,False,False,Standard,Card,Occasional,0.5942857142857143,VIP
2767,66,Female,Dress,Clothing,91,Tennessee,M,Cyan,Winter,2.8,No,Standard,No,47,Credit Card,Monthly,Senior,30,Heavy,False,False,Standard,Card,Frequent,0.7135714285714285,VIP
2768,31,Female,Dress,Clothing,95,Iowa,M,Green,Spring,4.5,No,Free Shipping,No,31,Cash,Monthly,Young Adult,30,Established,False,False,Standard,Cash,Frequent,0.7892857142857144,VIP
2769,55,Female,Blouse,Clothing,25,Kansas,M,Beige,Spring,3.8,No,2-Day Shipping,No,28,PayPal,Bi-Weekly,Middle-aged,14,Established,False,False,Standard,Digital Wallet,Frequent,0.3478571428571428,Low
2770,32,Female,Shirt,Clothing,89,Oklahoma,L,Lavender,Fall,3.0,No,Standard,No,13,Cash,Weekly,Adult,7,Emerging,False,False,Standard,Cash,Very Frequent,0.4807142857142857,High
2771,50,Female,Boots,Footwear,44,Nebraska,S,Blue,Fall,3.3,No,Express,No,22,Bank Transfer,Quarterly,Middle-aged,90,Emerging,False,False,Express,Other,Occasional,0.35,Low
2772,58,Female,Jacket,Outerwear,52,Maryland,S,Beige,Summer,3.1,No,2-Day Shipping,No,12,Bank Transfer,Fortnightly,Senior,14,Emerging,False,False,Standard,Other,Frequent,0.2985714285714286,Low
2773,18,Female,Backpack,Accessories,94,Pennsylvania,L,Blue,Spring,3.5,No,Store Pickup,No,10,Bank Transfer,Every 3 Months,Young Adult,90,New/Low,False,False,Other,Other,Occasional,0.5342857142857144,High
2774,39,Female,Pants,Clothing,98,Arizona,S,Maroon,Spring,4.6,No,Express,No,45,Bank Transfer,Quarterly,Adult,90,Heavy,False,False,Express,Other,Occasional,0.9142857142857143,VIP
2775,56,Female,Boots,Footwear,40,Oklahoma,L,Yellow,Fall,4.1,No,Standard,No,42,Credit Card,Quarterly,Middle-aged,90,Heavy,False,False,Standard,Card,Occasional,0.5528571428571429,High
2776,37,Female,Socks,Clothing,25,Montana,L,Red,Fall,3.6,No,Free Shipping,No,16,Debit Card,Weekly,Adult,7,Emerging,False,False,Standard,Card,Very Frequent,0.24214285714285716,Low
2777,46,Female,Scarf,Accessories,62,Wyoming,L,Green,Fall,2.9,No,Free Shipping,No,6,Bank Transfer,Annually,Middle-aged,365,New/Low,False,False,Standard,Other,Rare,0.2857142857142857,Low
2778,52,Female,Blouse,Clothing,24,Idaho,M,Magenta,Fall,4.8,No,Standard,No,28,Credit Card,Every 3 Months,Middle-aged,90,Established,False,False,Standard,Card,Occasional,0.44285714285714284,Mid
2779,70,Female,Belt,Accessories,57,Pennsylvania,L,Yellow,Spring,3.2,No,Standard,No,24,Credit Card,Bi-Weekly,Senior,14,Emerging,False,False,Standard,Card,Frequent,0.4192857142857143,Mid
2780,61,Female,Sunglasses,Accessories,66,Montana,L,Blue,Winter,4.3,No,Express,No,14,Credit Card,Fortnightly,Senior,14,Emerging,False,False,Express,Card,Frequent,0.5028571428571429,High
2781,33,Female,Boots,Footwear,70,Ohio,M,Charcoal,Winter,4.1,No,Next Day Air,No,29,PayPal,Fortnightly,Adult,14,Established,False,False,Express,Digital Wallet,Frequent,0.6099999999999999,VIP
2782,65,Female,Sandals,Footwear,39,Mississippi,M,Blue,Spring,4.6,No,Standard,No,33,PayPal,Weekly,Senior,7,Established,False,False,Standard,Digital Wallet,Very Frequent,0.5335714285714285,High
2783,41,Female,Gloves,Accessories,34,Idaho,S,Cyan,Spring,3.8,No,Free Shipping,No,30,PayPal,Annually,Adult,365,Established,False,False,Standard,Digital Wallet,Rare,0.40714285714285714,Mid
2784,19,Female,Skirt,Clothing,38,Virginia,M,Silver,Spring,4.5,No,Next Day Air,No,26,Credit Card,Quarterly,Young Adult,90,Established,False,False,Express,Card,Occasional,0.4685714285714286,Mid
2785,33,Female,Skirt,Clothing,70,Idaho,M,Black,Winter,3.1,No,Express,No,12,PayPal,Every 3 Months,Adult,90,Emerging,False,False,Express,Digital Wallet,Occasional,0.38857142857142857,Mid
2786,53,Female,Blouse,Clothing,80,Louisiana,S,Green,Summer,2.9,No,Next Day Air,No,13,Bank Transfer,Monthly,Middle-aged,30,Emerging,False,False,Express,Other,Frequent,0.4257142857142857,Mid
2787,54,Female,Handbag,Accessories,51,Colorado,M,Violet,Spring,3.8,No,Next Day Air,No,41,Debit Card,Every 3 Months,Middle-aged,90,Heavy,False,False,Express,Card,Occasional,0.5707142857142857,High
2788,36,Female,Boots,Footwear,79,West Virginia,XL,Pink,Spring,4.1,No,Next Day Air,No,4,Venmo,Fortnightly,Adult,14,New/Low,False,False,Express,Digital Wallet,Frequent,0.4764285714285714,High
2789,56,Female,Boots,Footwear,92,Rhode Island,M,Olive,Summer,3.1,No,Free Shipping,No,2,Credit Card,Annually,Middle-aged,365,New/Low,False,False,Standard,Card,Rare,0.42714285714285716,Mid
2790,28,Female,Sweater,Clothing,85,North Carolina,L,Orange,Fall,5.0,No,Express,No,28,Credit Card,Bi-Weekly,Young Adult,14,Established,False,False,Express,Card,Frequent,0.7678571428571428,VIP
2791,34,Female,Socks,Clothing,63,Maine,M,Black,Spring,4.5,No,Free Shipping,No,24,Debit Card,Annually,Adult,365,Emerging,False,False,Standard,Card,Rare,0.5792857142857143,High
2792,43,Female,Gloves,Accessories,60,Iowa,M,Yellow,Fall,2.8,No,Express,No,14,Venmo,Fortnightly,Adult,14,Emerging,False,False,Express,Digital Wallet,Frequent,0.32285714285714284,Low
2793,54,Female,Shorts,Clothing,44,Kentucky,L,Violet,Winter,3.2,No,Express,No,11,Credit Card,Weekly,Middle-aged,7,Emerging,False,False,Express,Card,Very Frequent,0.26142857142857145,Low
2794,37,Female,Boots,Footwear,57,Massachusetts,M,Silver,Spring,3.1,No,Standard,No,27,Debit Card,Bi-Weekly,Adult,14,Established,False,False,Standard,Card,Frequent,0.43071428571428577,Mid
2795,33,Female,Jacket,Outerwear,24,New York,M,Gold,Fall,3.3,No,Standard,No,7,Cash,Fortnightly,Adult,14,New/Low,False,False,Standard,Cash,Frequent,0.14285714285714285,Low
2796,33,Female,Scarf,Accessories,35,Nebraska,M,Magenta,Winter,3.4,No,Store Pickup,No,49,PayPal,Annually,Adult,365,Heavy,False,False,Other,Digital Wallet,Rare,0.5078571428571428,High
2797,55,Female,Jacket,Outerwear,73,Oklahoma,M,Red,Winter,3.8,No,Store Pickup,No,21,Cash,Annually,Middle-aged,365,Emerging,False,False,Other,Cash,Rare,0.5378571428571428,High
2798,63,Female,Jewelry,Accessories,42,Oklahoma,M,Green,Winter,3.5,No,Express,No,10,Venmo,Every 3 Months,Senior,90,New/Low,False,False,Express,Digital Wallet,Occasional,0.2742857142857143,Low
2799,52,Female,Hoodie,Clothing,20,Rhode Island,XL,Red,Winter,4.8,No,Store Pickup,No,37,PayPal,Weekly,Middle-aged,7,Established,False,False,Other,Digital Wallet,Very Frequent,0.4871428571428571,High
2800,23,Female,T-shirt,Clothing,89,Maine,L,Pink,Spring,3.9,No,Free Shipping,No,9,Bank Transfer,Every 3 Months,Young Adult,90,New/Low,False,False,Standard,Other,Occasional,0.5421428571428571,High
2801,70,Female,Shirt,Clothing,76,Arkansas,L,Violet,Fall,3.4,No,Free Shipping,No,14,Cash,Bi-Weekly,Senior,14,Emerging,False,False,Standard,Cash,Frequent,0.46285714285714286,Mid
2802,64,Female,Shirt,Clothing,56,New Mexico,M,Indigo,Winter,2.6,No,Express,No,30,PayPal,Annually,Senior,365,Established,False,False,Express,Digital Wallet,Rare,0.39714285714285713,Mid
2803,22,Female,Coat,Outerwear,100,Hawaii,L,Red,Fall,3.1,No,Store Pickup,No,42,Credit Card,Fortnightly,Young Adult,14,Heavy,False,False,Other,Card,Frequent,0.7528571428571429,VIP
2804,46,Female,T-shirt,Clothing,44,Idaho,M,Violet,Winter,3.3,No,Free Shipping,No,31,Bank Transfer,Monthly,Middle-aged,30,Established,False,False,Standard,Other,Frequent,0.41428571428571426,Mid
2805,65,Female,Hoodie,Clothing,76,South Carolina,M,Cyan,Spring,2.8,No,Standard,No,48,Bank Transfer,Every 3 Months,Senior,90,Heavy,False,False,Standard,Other,Occasional,0.6457142857142857,VIP
2806,18,Female,Sunglasses,Accessories,97,Nevada,S,Black,Fall,4.3,No,Standard,No,48,Cash,Quarterly,Young Adult,90,Heavy,False,False,Standard,Cash,Occasional,0.9007142857142856,VIP
2807,45,Female,Blouse,Clothing,39,South Carolina,L,Purple,Spring,2.7,No,Standard,No,50,Credit Card,Annually,Middle-aged,365,Heavy,False,False,Standard,Card,Rare,0.46499999999999997,Mid
2808,56,Female,Hoodie,Clothing,100,Maryland,M,Charcoal,Spring,4.4,No,2-Day Shipping,No,10,Debit Card,Fortnightly,Middle-aged,14,New/Low,False,False,Standard,Card,Frequent,0.6542857142857144,VIP
2809,49,Female,Skirt,Clothing,62,Tennessee,M,Beige,Spring,3.9,No,Free Shipping,No,45,PayPal,Every 3 Months,Middle-aged,90,Heavy,False,False,Standard,Digital Wallet,Occasional,0.6642857142857143,VIP
2810,66,Female,Shorts,Clothing,98,Arkansas,XL,Teal,Summer,3.0,No,Standard,No,27,Debit Card,Quarterly,Senior,90,Established,False,False,Standard,Card,Occasional,0.6257142857142858,VIP
2811,27,Female,Jeans,Clothing,31,Arizona,M,Purple,Summer,4.0,No,Standard,No,10,Debit Card,Fortnightly,Young Adult,14,New/Low,False,False,Standard,Card,Frequent,0.2692857142857143,Low
2812,69,Female,Jacket,Outerwear,89,Ohio,M,Blue,Fall,3.7,No,Store Pickup,No,19,Credit Card,Quarterly,Senior,90,Emerging,False,False,Other,Card,Occasional,0.5935714285714286,VIP
2813,66,Female,Hoodie,Clothing,91,North Dakota,XL,Magenta,Fall,3.8,No,Store Pickup,No,1,Credit Card,Every 3 Months,Senior,90,New/Low,False,False,Other,Card,Occasional,0.485,High
2814,45,Female,Shirt,Clothing,50,Vermont,S,Maroon,Summer,3.3,No,2-Day Shipping,No,39,Debit Card,Quarterly,Middle-aged,90,Established,False,False,Standard,Card,Occasional,0.5014285714285714,High
2815,31,Female,T-shirt,Clothing,32,Minnesota,L,Gold,Winter,3.6,No,Standard,No,14,Bank Transfer,Monthly,Young Adult,30,Emerging,False,False,Standard,Other,Frequent,0.2628571428571429,Low
2816,33,Female,Blouse,Clothing,67,Idaho,L,Black,Fall,3.9,No,Free Shipping,No,40,Venmo,Every 3 Months,Adult,90,Established,False,False,Standard,Digital Wallet,Occasional,0.6535714285714286,VIP
2817,43,Female,Skirt,Clothing,28,Maryland,M,Black,Spring,3.5,No,Free Shipping,No,45,Venmo,Weekly,Adult,7,Heavy,False,False,Standard,Digital Wallet,Very Frequent,0.4542857142857143,Mid
2818,25,Female,Backpack,Accessories,65,South Carolina,XL,Yellow,Winter,3.4,No,Standard,No,6,Venmo,Weekly,Young Adult,7,New/Low,False,False,Standard,Digital Wallet,Very Frequent,0.35071428571428576,Low
2819,46,Female,Shorts,Clothing,73,California,M,Turquoise,Fall,4.7,No,Next Day Air,No,12,Debit Card,Annually,Middle-aged,365,Emerging,False,False,Express,Card,Rare,0.5635714285714286,High
2820,67,Female,Shirt,Clothing,27,Georgia,L,Lavender,Spring,3.0,No,Free Shipping,No,19,Cash,Monthly,Senior,30,Emerging,False,False,Standard,Cash,Frequent,0.21357142857142858,Low
2821,26,Female,Backpack,Accessories,89,Vermont,L,Yellow,Summer,3.9,No,Free Shipping,No,5,Cash,Bi-Weekly,Young Adult,14,New/Low,False,False,Standard,Cash,Frequent,0.5135714285714286,High
2822,35,Female,Shoes,Footwear,72,Georgia,L,Olive,Summer,4.5,No,Standard,No,37,Venmo,Monthly,Adult,30,Established,False,False,Standard,Digital Wallet,Frequent,0.7171428571428571,VIP
2823,61,Female,Skirt,Clothing,37,New Jersey,S,Brown,Fall,4.1,No,Standard,No,33,PayPal,Quarterly,Senior,90,Established,False,False,Standard,Digital Wallet,Occasional,0.47357142857142853,High
2824,26,Female,Dress,Clothing,63,Utah,M,Olive,Summer,4.5,No,Standard,No,47,Debit Card,Bi-Weekly,Young Adult,14,Heavy,False,False,Standard,Card,Frequent,0.7435714285714285,VIP
2825,39,Female,Hat,Accessories,90,Utah,M,Purple,Fall,4.0,No,Free Shipping,No,49,Debit Card,Quarterly,Adult,90,Heavy,False,False,Standard,Card,Occasional,0.8428571428571429,VIP
2826,69,Female,Handbag,Accessories,62,North Carolina,M,Yellow,Winter,4.3,No,2-Day Shipping,No,28,Bank Transfer,Annually,Senior,365,Established,False,False,Standard,Other,Rare,0.5828571428571429,High
2827,32,Female,Handbag,Accessories,43,Florida,L,Brown,Fall,3.6,No,Express,No,23,Venmo,Annually,Adult,365,Emerging,False,False,Express,Digital Wallet,Rare,0.3821428571428571,Mid
2828,20,Female,Blouse,Clothing,96,Wisconsin,M,Magenta,Fall,3.1,No,Next Day Air,No,11,Bank Transfer,Bi-Weekly,Young Adult,14,Emerging,False,False,Express,Other,Frequent,0.5114285714285715,High
2829,25,Female,Scarf,Accessories,83,Tennessee,L,Lavender,Fall,2.6,No,Standard,No,33,PayPal,Quarterly,Young Adult,90,Established,False,False,Standard,Digital Wallet,Occasional,0.5535714285714286,High
2830,56,Female,Jewelry,Accessories,67,Arizona,XL,Teal,Fall,3.4,No,Next Day Air,No,47,Cash,Weekly,Middle-aged,7,Heavy,False,False,Express,Cash,Very Frequent,0.6535714285714286,VIP
2831,63,Female,Skirt,Clothing,90,Oregon,L,Cyan,Spring,2.9,No,Store Pickup,No,13,Venmo,Every 3 Months,Senior,90,Emerging,False,False,Other,Digital Wallet,Occasional,0.4757142857142857,High
2832,34,Female,Hoodie,Clothing,53,Virginia,L,Pink,Winter,5.0,No,Express,No,4,Credit Card,Weekly,Adult,7,New/Low,False,False,Express,Card,Very Frequent,0.43642857142857144,Mid
2833,29,Female,Scarf,Accessories,37,Maryland,M,Magenta,Summer,4.6,No,Standard,No,40,PayPal,Quarterly,Young Adult,90,Established,False,False,Standard,Digital Wallet,Occasional,0.5735714285714285,High
2834,43,Female,Jeans,Clothing,56,Arkansas,M,Teal,Fall,3.3,No,Free Shipping,No,19,Cash,Monthly,Adult,30,Emerging,False,False,Standard,Cash,Frequent,0.38857142857142857,Mid
2835,39,Female,Jacket,Outerwear,43,Texas,M,Indigo,Fall,2.9,No,2-Day Shipping,No,17,Credit Card,Weekly,Adult,7,Emerging,False,False,Standard,Card,Very Frequent,0.26928571428571424,Low
2836,33,Female,T-shirt,Clothing,84,Vermont,S,Pink,Winter,4.9,No,Free Shipping,No,7,Venmo,Annually,Adult,365,New/Low,False,False,Standard,Digital Wallet,Rare,0.602857142857143,VIP
2837,51,Female,Pants,Clothing,50,Wyoming,M,Charcoal,Winter,5.0,No,2-Day Shipping,No,21,Cash,Bi-Weekly,Middle-aged,14,Emerging,False,False,Standard,Cash,Frequent,0.5428571428571429,High
2838,65,Female,Shoes,Footwear,88,Alabama,M,Brown,Summer,4.5,No,Express,No,44,PayPal,Weekly,Senior,7,Heavy,False,False,Express,Digital Wallet,Very Frequent,0.8471428571428572,VIP
2839,51,Female,Jacket,Outerwear,50,Maine,M,Blue,Fall,3.7,No,Free Shipping,No,2,Bank Transfer,Weekly,Middle-aged,7,New/Low,False,False,Standard,Other,Very Frequent,0.2771428571428572,Low
2840,70,Female,Scarf,Accessories,80,South Dakota,L,Teal,Summer,2.8,No,Store Pickup,No,30,Bank Transfer,Monthly,Senior,30,Established,False,False,Other,Other,Frequent,0.5371428571428571,High
2841,40,Female,T-shirt,Clothing,47,West Virginia,L,Pink,Spring,3.5,No,Store Pickup,No,41,Cash,Annually,Adult,365,Heavy,False,False,Other,Cash,Rare,0.5207142857142857,High
2842,19,Female,Dress,Clothing,33,Ohio,XL,Magenta,Winter,3.0,No,2-Day Shipping,No,31,Cash,Weekly,Young Adult,7,Established,False,False,Standard,Cash,Very Frequent,0.32928571428571424,Low
2843,28,Female,Coat,Outerwear,100,Arizona,L,Green,Fall,4.3,No,Standard,No,48,Debit Card,Quarterly,Young Adult,90,Heavy,False,False,Standard,Card,Occasional,0.9157142857142857,VIP
2844,51,Female,Sweater,Clothing,26,Ohio,M,White,Summer,3.6,No,Store Pickup,No,41,Venmo,Weekly,Middle-aged,7,Heavy,False,False,Other,Digital Wallet,Very Frequent,0.4257142857142857,Mid
2845,32,Female,Hat,Accessories,79,New Mexico,M,Indigo,Summer,4.4,No,Standard,No,42,Venmo,Annually,Adult,365,Heavy,False,False,Standard,Digital Wallet,Rare,0.7778571428571429,VIP
2846,26,Female,Backpack,Accessories,77,South Dakota,L,Lavender,Summer,4.1,No,Express,No,39,Debit Card,Every 3 Months,Young Adult,90,Established,False,False,Express,Card,Occasional,0.7164285714285714,VIP
2847,50,Female,Socks,Clothing,36,Oklahoma,XL,Black,Fall,2.8,No,Next Day Air,No,15,PayPal,Bi-Weekly,Middle-aged,14,Emerging,False,False,Express,Digital Wallet,Frequent,0.20999999999999996,Low
2848,68,Female,Jewelry,Accessories,21,Connecticut,L,Charcoal,Winter,2.8,No,Free Shipping,No,3,PayPal,Every 3 Months,Senior,90,New/Low,False,False,Standard,Digital Wallet,Occasional,0.049285714285714266,Low
2849,33,Female,Boots,Footwear,72,Wisconsin,L,Gray,Fall,4.9,No,Store Pickup,No,28,Bank Transfer,Quarterly,Adult,90,Established,False,False,Other,Other,Occasional,0.6928571428571428,VIP
2850,56,Female,Coat,Outerwear,25,New Hampshire,M,Gold,Spring,4.1,No,Express,No,27,PayPal,Bi-Weekly,Middle-aged,14,Established,False,False,Express,Digital Wallet,Frequent,0.37071428571428566,Mid
2851,57,Female,Sweater,Clothing,79,Nebraska,M,Silver,Spring,3.0,No,Store Pickup,No,36,Debit Card,Annually,Middle-aged,365,Established,False,False,Other,Card,Rare,0.5950000000000001,VIP
2852,58,Female,Blouse,Clothing,73,Nevada,L,Teal,Summer,3.0,No,Store Pickup,No,42,Debit Card,Monthly,Senior,30,Heavy,False,False,Other,Card,Frequent,0.6078571428571429,VIP
2853,40,Female,Belt,Accessories,71,New York,M,Magenta,Spring,3.0,No,Store Pickup,No,30,Venmo,Weekly,Adult,7,Established,False,False,Other,Digital Wallet,Very Frequent,0.5121428571428571,High
2854,37,Female,Hat,Accessories,48,Pennsylvania,M,Magenta,Winter,3.2,No,Next Day Air,No,9,PayPal,Weekly,Adult,7,New/Low,False,False,Express,Digital Wallet,Very Frequent,0.2671428571428571,Low
2855,36,Female,Sandals,Footwear,28,Delaware,M,Beige,Fall,2.7,No,Store Pickup,No,25,Venmo,Monthly,Adult,30,Emerging,False,False,Other,Digital Wallet,Frequent,0.23142857142857143,Low
2856,29,Female,Boots,Footwear,95,Mississippi,S,Maroon,Winter,3.8,No,2-Day Shipping,No,33,PayPal,Quarterly,Young Adult,90,Established,False,False,Standard,Digital Wallet,Occasional,0.7335714285714285,VIP
2857,65,Female,Jacket,Outerwear,48,Iowa,M,Indigo,Winter,3.5,No,2-Day Shipping,No,31,Credit Card,Monthly,Senior,30,Established,False,False,Standard,Card,Frequent,0.4542857142857143,Mid
2858,44,Female,Dress,Clothing,93,Utah,S,Maroon,Spring,3.8,No,Next Day Air,No,35,Debit Card,Monthly,Adult,30,Established,False,False,Express,Card,Frequent,0.7378571428571429,VIP
2859,34,Female,Jeans,Clothing,87,Maryland,L,Teal,Summer,3.8,No,2-Day Shipping,No,46,Bank Transfer,Monthly,Adult,30,Heavy,False,False,Standard,Other,Frequent,0.7864285714285714,VIP
2860,31,Female,Shorts,Clothing,32,Utah,L,Yellow,Fall,3.4,No,Express,No,29,Bank Transfer,Annually,Young Adult,365,Established,False,False,Express,Other,Rare,0.35,Low
2861,28,Female,Shirt,Clothing,38,Rhode Island,M,Gold,Spring,2.9,No,Next Day Air,No,49,Bank Transfer,Weekly,Young Adult,7,Heavy,False,False,Express,Other,Very Frequent,0.4728571428571428,High
2862,66,Female,Coat,Outerwear,54,Maryland,M,Teal,Fall,3.4,No,Free Shipping,No,27,Credit Card,Monthly,Senior,30,Established,False,False,Standard,Card,Frequent,0.44571428571428573,Mid
2863,68,Female,Coat,Outerwear,75,Hawaii,S,Violet,Summer,4.7,No,Store Pickup,No,5,Bank Transfer,Every 3 Months,Senior,90,New/Low,False,False,Other,Other,Occasional,0.5235714285714286,High
2864,37,Female,T-shirt,Clothing,56,Connecticut,M,Yellow,Fall,3.9,No,2-Day Shipping,No,18,Venmo,Monthly,Adult,30,Emerging,False,False,Standard,Digital Wallet,Frequent,0.4414285714285714,Mid
2865,58,Female,Sweater,Clothing,43,Illinois,S,Maroon,Fall,3.6,No,Store Pickup,No,31,Venmo,Weekly,Senior,7,Established,False,False,Other,Digital Wallet,Very Frequent,0.4392857142857143,Mid
2866,28,Female,Skirt,Clothing,97,California,M,Silver,Fall,3.7,No,Free Shipping,No,27,Cash,Fortnightly,Young Adult,14,Established,False,False,Standard,Cash,Frequent,0.6907142857142857,VIP
2867,54,Female,Blouse,Clothing,75,Connecticut,S,Violet,Summer,3.1,No,Free Shipping,No,19,Cash,Annually,Middle-aged,365,Emerging,False,False,Standard,Cash,Rare,0.4635714285714286,Mid
2868,21,Female,Sneakers,Footwear,55,Colorado,L,White,Summer,4.9,No,Next Day Air,No,33,Cash,Fortnightly,Young Adult,14,Established,False,False,Express,Cash,Frequent,0.6435714285714287,VIP
2869,45,Female,Backpack,Accessories,49,Colorado,M,Black,Winter,2.6,No,Next Day Air,No,42,PayPal,Every 3 Months,Middle-aged,90,Heavy,False,False,Express,Digital Wallet,Occasional,0.44785714285714284,Mid
2870,57,Female,Socks,Clothing,58,Georgia,M,White,Summer,4.2,No,Standard,No,16,Bank Transfer,Weekly,Middle-aged,7,Emerging,False,False,Standard,Other,Very Frequent,0.4671428571428572,Mid
2871,47,Female,Jewelry,Accessories,34,North Dakota,M,Blue,Winter,4.8,No,Free Shipping,No,49,Debit Card,Every 3 Months,Middle-aged,90,Heavy,False,False,Standard,Card,Occasional,0.6428571428571428,VIP
2872,46,Female,Shorts,Clothing,43,Idaho,S,Black,Summer,2.7,No,2-Day Shipping,No,40,Venmo,Bi-Weekly,Middle-aged,14,Established,False,False,Standard,Digital Wallet,Frequent,0.41357142857142853,Mid
2873,63,Female,Jewelry,Accessories,48,Connecticut,L,Olive,Fall,2.6,No,Next Day Air,No,5,Cash,Annually,Senior,365,New/Low,False,False,Express,Cash,Rare,0.17857142857142855,Low
2874,44,Female,Sweater,Clothing,40,Montana,M,Teal,Spring,2.6,No,Free Shipping,No,8,Bank Transfer,Monthly,Adult,30,New/Low,False,False,Standard,Other,Frequent,0.16,Low
2875,36,Female,Shirt,Clothing,29,Colorado,L,Silver,Summer,3.1,No,Standard,No,2,Debit Card,Annually,Adult,365,New/Low,False,False,Standard,Card,Rare,0.11214285714285716,Low
2876,24,Female,Pants,Clothing,81,Kentucky,M,Pink,Fall,2.6,No,Free Shipping,No,14,Debit Card,Weekly,Young Adult,7,Emerging,False,False,Standard,Card,Very Frequent,0.40785714285714286,Mid
2877,65,Female,Hoodie,Clothing,84,New Mexico,M,Charcoal,Spring,3.4,No,2-Day Shipping,No,5,Bank Transfer,Fortnightly,Senior,14,New/Low,False,False,Standard,Other,Frequent,0.4385714285714286,Mid
2878,32,Female,Socks,Clothing,46,New Jersey,M,Silver,Summer,3.6,No,Standard,No,34,Venmo,Monthly,Adult,30,Established,False,False,Standard,Digital Wallet,Frequent,0.47571428571428565,High
2879,63,Female,Dress,Clothing,86,California,L,Turquoise,Summer,4.3,No,Next Day Air,No,13,Bank Transfer,Annually,Senior,365,Emerging,False,False,Express,Other,Rare,0.5957142857142856,VIP
2880,62,Female,Blouse,Clothing,57,North Dakota,XL,Turquoise,Winter,4.9,No,Free Shipping,No,31,Venmo,Annually,Senior,365,Established,False,False,Standard,Digital Wallet,Rare,0.6392857142857143,VIP
2881,19,Female,Skirt,Clothing,61,Florida,L,Beige,Winter,4.8,No,Store Pickup,No,43,PayPal,Quarterly,Young Adult,90,Heavy,False,False,Other,Digital Wallet,Occasional,0.735,VIP
2882,38,Female,Backpack,Accessories,90,Texas,M,Cyan,Winter,4.2,No,Free Shipping,No,6,Bank Transfer,Annually,Adult,365,New/Low,False,False,Standard,Other,Rare,0.5557142857142857,High
2883,59,Female,Blouse,Clothing,51,Oklahoma,L,Gold,Winter,2.6,No,Store Pickup,No,23,Credit Card,Bi-Weekly,Senior,14,Emerging,False,False,Other,Card,Frequent,0.3221428571428572,Low
2884,22,Female,Socks,Clothing,48,Rhode Island,XL,Silver,Spring,3.2,No,Standard,No,10,PayPal,Weekly,Young Adult,7,New/Low,False,False,Standard,Digital Wallet,Very Frequent,0.2742857142857143,Low
2885,55,Female,Boots,Footwear,50,Arkansas,M,Purple,Summer,3.4,No,2-Day Shipping,No,47,Credit Card,Every 3 Months,Middle-aged,90,Heavy,False,False,Standard,Card,Occasional,0.5685714285714286,High
2886,29,Female,Backpack,Accessories,82,Nevada,M,Yellow,Summer,3.5,No,Next Day Air,No,14,Credit Card,Bi-Weekly,Young Adult,14,Emerging,False,False,Express,Card,Frequent,0.5028571428571429,High
2887,42,Female,Hat,Accessories,33,Utah,L,Blue,Spring,4.2,No,Free Shipping,No,29,PayPal,Weekly,Adult,7,Established,False,False,Standard,Digital Wallet,Very Frequent,0.43500000000000005,Mid
2888,23,Female,Sandals,Footwear,28,Kentucky,L,Blue,Winter,2.8,No,Express,No,12,Cash,Bi-Weekly,Young Adult,14,Emerging,False,False,Express,Cash,Frequent,0.14857142857142855,Low
2889,70,Female,Hoodie,Clothing,42,Wisconsin,L,Green,Spring,5.0,No,2-Day Shipping,No,25,Debit Card,Quarterly,Senior,90,Emerging,False,False,Standard,Card,Occasional,0.5314285714285714,High
2890,64,Female,Sunglasses,Accessories,43,Minnesota,M,Charcoal,Fall,3.3,No,Store Pickup,No,21,Venmo,Annually,Senior,365,Emerging,False,False,Other,Digital Wallet,Rare,0.33785714285714286,Low
2891,39,Female,Jeans,Clothing,55,North Dakota,M,Violet,Winter,3.7,No,Free Shipping,No,23,Credit Card,Monthly,Adult,30,Emerging,False,False,Standard,Card,Frequent,0.4521428571428572,Mid
2892,47,Female,T-shirt,Clothing,73,Ohio,XL,Black,Winter,2.5,No,Free Shipping,No,10,PayPal,Monthly,Middle-aged,30,New/Low,False,False,Standard,Digital Wallet,Frequent,0.3292857142857143,Low
2893,22,Female,Dress,Clothing,39,Nevada,M,Teal,Spring,3.2,No,Standard,No,47,Credit Card,Monthly,Young Adult,30,Heavy,False,False,Standard,Card,Frequent,0.4935714285714286,High
2894,69,Female,Belt,Accessories,20,Kentucky,S,Orange,Spring,3.1,No,Free Shipping,No,44,Debit Card,Every 3 Months,Senior,90,Heavy,False,False,Standard,Card,Occasional,0.3671428571428571,Mid
2895,35,Female,Jewelry,Accessories,32,Kentucky,S,Brown,Spring,3.5,No,Standard,No,41,Venmo,Annually,Adult,365,Heavy,False,False,Standard,Digital Wallet,Rare,0.44571428571428573,Mid
2896,56,Female,Hoodie,Clothing,86,Montana,L,Green,Summer,4.6,No,Standard,No,29,Bank Transfer,Monthly,Middle-aged,30,Established,False,False,Standard,Other,Frequent,0.74,VIP
2897,30,Female,Blouse,Clothing,91,Delaware,M,Silver,Summer,3.3,No,Free Shipping,No,2,Venmo,Every 3 Months,Young Adult,90,New/Low,False,False,Standard,Digital Wallet,Occasional,0.44214285714285706,Mid
2898,43,Female,Jacket,Outerwear,59,Montana,L,Violet,Fall,2.5,No,Free Shipping,No,2,Cash,Fortnightly,Adult,14,New/Low,False,False,Standard,Cash,Frequent,0.20214285714285715,Low
2899,23,Female,Sneakers,Footwear,33,New Jersey,XL,Peach,Summer,4.6,No,Express,No,29,Credit Card,Annually,Young Adult,365,Established,False,False,Express,Card,Rare,0.475,High
2900,50,Female,Boots,Footwear,64,Nebraska,M,Gold,Spring,4.2,No,2-Day Shipping,No,22,Bank Transfer,Fortnightly,Middle-aged,14,Emerging,False,False,Standard,Other,Frequent,0.54,High
2901,41,Female,Blouse,Clothing,67,Maryland,XL,Violet,Winter,4.0,No,Standard,No,23,Cash,Bi-Weekly,Adult,14,Emerging,False,False,Standard,Cash,Frequent,0.5421428571428571,High
2902,41,Female,Blouse,Clothing,43,Alabama,L,Olive,Winter,2.6,No,Free Shipping,No,46,Credit Card,Quarterly,Adult,90,Heavy,False,False,Standard,Card,Occasional,0.4464285714285714,Mid
2903,27,Female,Boots,Footwear,32,North Carolina,S,Orange,Spring,4.6,No,Standard,No,19,PayPal,Bi-Weekly,Young Adult,14,Emerging,False,False,Standard,Digital Wallet,Frequent,0.3985714285714285,Mid
2904,38,Female,Scarf,Accessories,39,Delaware,S,Teal,Spring,3.5,No,2-Day Shipping,No,24,Credit Card,Every 3 Months,Adult,90,Emerging,False,False,Standard,Card,Occasional,0.3592857142857143,Mid
2905,41,Female,Sandals,Footwear,41,Iowa,M,Gray,Spring,4.0,No,2-Day Shipping,No,43,Venmo,Monthly,Adult,30,Heavy,False,False,Standard,Digital Wallet,Frequent,0.555,High
2906,58,Female,Sunglasses,Accessories,53,New York,L,Black,Winter,4.8,No,Standard,No,14,Debit Card,Fortnightly,Senior,14,Emerging,False,False,Standard,Card,Frequent,0.4878571428571429,High
2907,58,Female,Coat,Outerwear,27,Virginia,M,Indigo,Spring,3.9,No,Standard,No,7,Venmo,Annually,Senior,365,New/Low,False,False,Standard,Digital Wallet,Rare,0.21785714285714283,Low
2908,19,Female,Sunglasses,Accessories,82,Maryland,XL,Lavender,Summer,3.7,No,Next Day Air,No,50,PayPal,Bi-Weekly,Young Adult,14,Heavy,False,False,Express,Digital Wallet,Frequent,0.78,VIP
2909,43,Female,Blouse,Clothing,87,Texas,M,Beige,Winter,3.1,No,Store Pickup,No,15,Debit Card,Every 3 Months,Adult,90,Emerging,False,False,Other,Card,Occasional,0.495,High
2910,27,Female,Backpack,Accessories,78,Louisiana,M,Indigo,Winter,3.0,No,Next Day Air,No,40,Credit Card,Every 3 Months,Young Adult,90,Established,False,False,Express,Card,Occasional,0.6185714285714285,VIP
2911,32,Female,Belt,Accessories,32,Mississippi,M,Blue,Summer,2.9,No,Store Pickup,No,41,Credit Card,Monthly,Adult,30,Heavy,False,False,Other,Card,Frequent,0.3857142857142857,Mid
2912,28,Female,Socks,Clothing,38,Ohio,XL,Orange,Fall,2.9,No,Next Day Air,No,34,Venmo,Quarterly,Young Adult,90,Established,False,False,Express,Digital Wallet,Occasional,0.36571428571428566,Mid
2913,48,Female,Shoes,Footwear,37,Oregon,M,Yellow,Winter,4.0,No,Standard,No,27,Cash,Bi-Weekly,Middle-aged,14,Established,False,False,Standard,Cash,Frequent,0.4207142857142857,Mid
2914,43,Female,Coat,Outerwear,83,Wyoming,L,Cyan,Winter,3.5,No,Express,No,12,Cash,Every 3 Months,Adult,90,Emerging,False,False,Express,Cash,Occasional,0.49357142857142855,High
2915,45,Female,Sweater,Clothing,72,Pennsylvania,M,Yellow,Fall,3.8,No,Express,No,1,Debit Card,Bi-Weekly,Middle-aged,14,New/Low,False,False,Express,Card,Frequent,0.39,Mid
2916,26,Female,Shirt,Clothing,30,Oregon,M,Cyan,Fall,4.5,No,Express,No,39,Debit Card,Bi-Weekly,Young Adult,14,Established,False,False,Express,Card,Frequent,0.5214285714285714,High
2917,62,Female,Shorts,Clothing,66,Oklahoma,M,Green,Winter,2.7,No,Express,No,13,Credit Card,Bi-Weekly,Senior,14,Emerging,False,False,Express,Card,Frequent,0.3357142857142857,Low
2918,58,Female,Shirt,Clothing,45,Colorado,XL,White,Winter,2.9,No,Store Pickup,No,50,Venmo,Annually,Senior,365,Heavy,False,False,Other,Digital Wallet,Rare,0.515,High
2919,19,Female,Sunglasses,Accessories,73,New York,S,Black,Fall,4.9,No,Free Shipping,No,36,Cash,Weekly,Young Adult,7,Established,False,False,Standard,Cash,Very Frequent,0.7550000000000001,VIP
2920,64,Female,Shoes,Footwear,67,Minnesota,L,Charcoal,Winter,3.8,No,Standard,No,31,Debit Card,Monthly,Senior,30,Established,False,False,Standard,Card,Frequent,0.5792857142857143,High
2921,33,Female,Sunglasses,Accessories,72,Texas,XL,Brown,Spring,4.9,No,Free Shipping,No,3,Debit Card,Bi-Weekly,Adult,14,New/Low,False,False,Standard,Card,Frequent,0.5142857142857143,High
2922,20,Female,Handbag,Accessories,24,Wisconsin,M,Cyan,Fall,4.6,No,Standard,No,11,Cash,Fortnightly,Young Adult,14,Emerging,False,False,Standard,Cash,Frequent,0.3014285714285714,Low
2923,45,Female,Sunglasses,Accessories,68,Kentucky,L,Beige,Winter,3.5,No,Express,No,16,PayPal,Quarterly,Middle-aged,90,Emerging,False,False,Express,Digital Wallet,Occasional,0.4471428571428572,Mid
2924,28,Female,Shirt,Clothing,70,Pennsylvania,M,Magenta,Spring,4.2,No,2-Day Shipping,No,12,Cash,Quarterly,Young Adult,90,Emerging,False,False,Standard,Cash,Occasional,0.49857142857142855,High
2925,47,Female,Shirt,Clothing,64,Rhode Island,L,Indigo,Winter,3.7,No,Free Shipping,No,37,Debit Card,Every 3 Months,Middle-aged,90,Established,False,False,Standard,Card,Occasional,0.5971428571428572,VIP
2926,54,Female,Sweater,Clothing,91,Illinois,M,Maroon,Spring,2.8,No,Store Pickup,No,43,Credit Card,Every 3 Months,Middle-aged,90,Heavy,False,False,Other,Card,Occasional,0.685,VIP
2927,64,Female,Handbag,Accessories,82,Maryland,M,Gray,Winter,4.8,No,2-Day Shipping,No,9,Cash,Weekly,Senior,7,New/Low,False,False,Standard,Cash,Very Frequent,0.5971428571428572,VIP
2928,45,Female,Shirt,Clothing,24,Missouri,M,Black,Summer,2.7,No,Express,No,15,Venmo,Bi-Weekly,Middle-aged,14,Emerging,False,False,Express,Digital Wallet,Frequent,0.14,Low
2929,40,Female,Jewelry,Accessories,80,Alabama,L,Yellow,Spring,3.6,No,Store Pickup,No,17,Credit Card,Weekly,Adult,7,Emerging,False,False,Other,Card,Very Frequent,0.5242857142857144,High
2930,31,Female,Socks,Clothing,53,Maine,XL,White,Winter,4.5,No,Next Day Air,No,42,Venmo,Fortnightly,Young Adult,14,Heavy,False,False,Express,Digital Wallet,Frequent,0.6578571428571429,VIP
2931,38,Female,T-shirt,Clothing,50,Mississippi,M,Orange,Spring,4.0,No,Free Shipping,No,14,Venmo,Monthly,Adult,30,Emerging,False,False,Standard,Digital Wallet,Frequent,0.3928571428571429,Mid
2932,36,Female,Jewelry,Accessories,31,Alabama,M,Magenta,Fall,4.5,No,2-Day Shipping,No,49,Credit Card,Bi-Weekly,Adult,14,Heavy,False,False,Standard,Card,Frequent,0.5978571428571429,VIP
2933,65,Female,Backpack,Accessories,88,Alaska,L,Black,Spring,3.9,No,Express,No,3,PayPal,Quarterly,Senior,90,New/Low,False,False,Express,Digital Wallet,Occasional,0.49428571428571433,High
2934,27,Female,Hat,Accessories,52,Illinois,M,Brown,Summer,3.8,No,Standard,No,28,Venmo,Monthly,Young Adult,30,Established,False,False,Standard,Digital Wallet,Frequent,0.4828571428571429,High
2935,38,Female,Gloves,Accessories,22,Idaho,M,Orange,Fall,4.7,No,Next Day Air,No,41,Bank Transfer,Quarterly,Adult,90,Heavy,False,False,Express,Other,Occasional,0.5157142857142858,High
2936,58,Female,Sneakers,Footwear,27,North Carolina,XL,Gray,Spring,4.6,No,Standard,No,11,Venmo,Weekly,Senior,7,Emerging,False,False,Standard,Digital Wallet,Very Frequent,0.3164285714285714,Low
2937,31,Female,Skirt,Clothing,34,Washington,M,White,Spring,3.6,No,Express,No,46,PayPal,Weekly,Young Adult,7,Heavy,False,False,Express,Digital Wallet,Very Frequent,0.5014285714285714,High
2938,28,Female,Handbag,Accessories,39,West Virginia,M,White,Spring,4.3,No,2-Day Shipping,No,15,Credit Card,Weekly,Young Adult,7,Emerging,False,False,Standard,Card,Very Frequent,0.375,Mid
2939,28,Female,Sunglasses,Accessories,53,Maine,M,Violet,Fall,3.0,No,Standard,No,15,Cash,Monthly,Young Adult,30,Emerging,False,False,Standard,Cash,Frequent,0.315,Low
2940,32,Female,Sweater,Clothing,46,Kentucky,M,Beige,Winter,4.3,No,Express,No,34,Venmo,Weekly,Adult,7,Established,False,False,Express,Digital Wallet,Very Frequent,0.5457142857142856,High
2941,61,Female,Handbag,Accessories,85,Massachusetts,L,Beige,Summer,4.8,No,Next Day Air,No,13,Cash,Monthly,Senior,30,Emerging,False,False,Express,Cash,Frequent,0.6407142857142857,VIP
2942,38,Female,Skirt,Clothing,86,Pennsylvania,L,Purple,Spring,3.7,No,Free Shipping,No,27,PayPal,Monthly,Adult,30,Established,False,False,Standard,Digital Wallet,Frequent,0.6357142857142858,VIP
2943,54,Female,Socks,Clothing,63,Hawaii,M,Brown,Summer,2.6,No,Free Shipping,No,37,Bank Transfer,Weekly,Middle-aged,7,Established,False,False,Standard,Other,Very Frequent,0.4821428571428571,High
2944,29,Female,Shirt,Clothing,44,Virginia,M,Orange,Spring,3.4,No,Standard,No,37,Credit Card,Monthly,Young Adult,30,Established,False,False,Standard,Card,Frequent,0.4671428571428571,Mid
2945,50,Female,Sneakers,Footwear,95,New York,XL,Cyan,Summer,3.9,No,Free Shipping,No,4,Venmo,Every 3 Months,Middle-aged,90,New/Low,False,False,Standard,Digital Wallet,Occasional,0.5364285714285714,High
2946,32,Female,Belt,Accessories,49,Delaware,M,Charcoal,Summer,4.8,No,Free Shipping,No,1,Credit Card,Every 3 Months,Adult,90,New/Low,False,False,Standard,Card,Occasional,0.375,Mid
2947,38,Female,Pants,Clothing,77,Hawaii,L,Purple,Spring,2.8,No,Free Shipping,No,29,Bank Transfer,Quarterly,Adult,90,Established,False,False,Standard,Other,Occasional,0.515,High
2948,52,Female,Jewelry,Accessories,63,Nebraska,L,Peach,Spring,4.4,No,Standard,No,50,Venmo,Annually,Middle-aged,365,Heavy,False,False,Standard,Digital Wallet,Rare,0.755,VIP
2949,61,Female,Pants,Clothing,83,Vermont,M,Violet,Winter,3.1,No,Standard,No,38,Debit Card,Bi-Weekly,Senior,14,Established,False,False,Standard,Card,Frequent,0.6392857142857142,VIP
2950,25,Female,Jewelry,Accessories,93,Iowa,M,Peach,Spring,3.8,No,Store Pickup,No,15,PayPal,Annually,Young Adult,365,Emerging,False,False,Other,Digital Wallet,Rare,0.595,VIP
2951,22,Female,Jeans,Clothing,91,Iowa,S,Maroon,Winter,4.1,No,2-Day Shipping,No,44,Debit Card,Every 3 Months,Young Adult,90,Heavy,False,False,Standard,Card,Occasional,0.8221428571428571,VIP
2952,47,Female,Scarf,Accessories,99,Arkansas,L,Maroon,Fall,4.6,No,Free Shipping,No,14,Cash,Weekly,Middle-aged,7,Emerging,False,False,Standard,Cash,Very Frequent,0.6978571428571428,VIP
2953,50,Female,Belt,Accessories,24,Alabama,M,Peach,Spring,4.9,No,Next Day Air,No,5,Debit Card,Monthly,Middle-aged,30,New/Low,False,False,Express,Card,Frequent,0.2885714285714286,Low
2954,45,Female,Dress,Clothing,82,Maryland,M,Silver,Summer,4.8,No,Next Day Air,No,11,Credit Card,Annually,Middle-aged,365,Emerging,False,False,Express,Card,Rare,0.6114285714285714,VIP
2955,33,Female,T-shirt,Clothing,28,South Dakota,M,Indigo,Winter,3.9,No,Express,No,15,Credit Card,Annually,Adult,365,Emerging,False,False,Express,Card,Rare,0.28,Low
2956,42,Female,Boots,Footwear,67,Vermont,M,Silver,Winter,2.6,No,Free Shipping,No,46,Credit Card,Annually,Adult,365,Heavy,False,False,Standard,Card,Rare,0.5664285714285714,High
2957,52,Female,Dress,Clothing,88,Montana,M,Olive,Fall,3.7,No,Standard,No,30,Venmo,Monthly,Middle-aged,30,Established,False,False,Standard,Digital Wallet,Frequent,0.6671428571428571,VIP
2958,69,Female,Jewelry,Accessories,70,South Dakota,S,Gray,Fall,4.7,No,Standard,No,2,Cash,Annually,Senior,365,New/Low,False,False,Standard,Cash,Rare,0.47714285714285715,High
2959,55,Female,Skirt,Clothing,100,Ohio,M,Black,Summer,4.5,No,Standard,No,28,PayPal,Monthly,Middle-aged,30,Established,False,False,Standard,Digital Wallet,Frequent,0.7928571428571429,VIP
2960,38,Female,Handbag,Accessories,28,Texas,L,Maroon,Summer,4.7,No,Free Shipping,No,9,PayPal,Quarterly,Adult,90,New/Low,False,False,Standard,Digital Wallet,Occasional,0.31714285714285717,Low
2961,57,Female,Coat,Outerwear,48,Indiana,S,Olive,Spring,3.6,No,Standard,No,47,Credit Card,Weekly,Middle-aged,7,Heavy,False,False,Standard,Card,Very Frequent,0.5785714285714285,High
2962,33,Female,Hoodie,Clothing,43,New Hampshire,S,Gold,Fall,2.8,No,Free Shipping,No,21,Debit Card,Bi-Weekly,Adult,14,Emerging,False,False,Standard,Card,Frequent,0.2878571428571428,Low
2963,57,Female,Pants,Clothing,40,California,L,Pink,Fall,4.0,No,Express,No,42,Credit Card,Every 3 Months,Middle-aged,90,Heavy,False,False,Express,Card,Occasional,0.5428571428571429,High
2964,52,Female,Boots,Footwear,97,Maine,M,Brown,Spring,3.6,No,Free Shipping,No,28,Credit Card,Weekly,Middle-aged,7,Established,False,False,Standard,Card,Very Frequent,0.6878571428571428,VIP
2965,44,Female,Coat,Outerwear,25,Ohio,S,White,Fall,3.8,No,2-Day Shipping,No,13,Venmo,Fortnightly,Adult,14,Emerging,False,False,Standard,Digital Wallet,Frequent,0.2407142857142857,Low
2966,48,Female,Scarf,Accessories,45,Delaware,M,Blue,Summer,4.4,No,Standard,No,25,PayPal,Fortnightly,Middle-aged,14,Emerging,False,False,Standard,Digital Wallet,Frequent,0.48642857142857143,High
2967,52,Female,Boots,Footwear,49,Oklahoma,L,Orange,Fall,2.8,No,Store Pickup,No,38,Debit Card,Every 3 Months,Middle-aged,90,Established,False,False,Other,Card,Occasional,0.4392857142857142,Mid
2968,34,Female,Sneakers,Footwear,36,Indiana,L,Silver,Summer,3.4,No,Free Shipping,No,40,Venmo,Annually,Adult,365,Established,False,False,Standard,Digital Wallet,Rare,0.4485714285714285,Mid
2969,26,Female,Sweater,Clothing,48,South Carolina,S,Gray,Fall,4.9,No,Express,No,25,Cash,Every 3 Months,Young Adult,90,Emerging,False,False,Express,Cash,Occasional,0.5514285714285714,High
2970,36,Female,Belt,Accessories,62,Vermont,S,Blue,Fall,4.3,No,Next Day Air,No,20,Cash,Every 3 Months,Adult,90,Emerging,False,False,Express,Cash,Occasional,0.5257142857142858,High
2971,24,Female,Jewelry,Accessories,74,Kansas,M,White,Winter,3.4,No,Free Shipping,No,44,Credit Card,Bi-Weekly,Young Adult,14,Heavy,False,False,Standard,Card,Frequent,0.6671428571428571,VIP
2972,30,Female,Handbag,Accessories,100,Utah,L,Yellow,Fall,3.9,No,Next Day Air,No,9,PayPal,Every 3 Months,Young Adult,90,New/Low,False,False,Express,Digital Wallet,Occasional,0.5971428571428572,VIP
2973,31,Female,Jacket,Outerwear,39,New York,S,Indigo,Fall,4.2,No,Free Shipping,No,11,Venmo,Every 3 Months,Young Adult,90,Emerging,False,False,Standard,Digital Wallet,Occasional,0.3364285714285714,Low
2974,25,Female,Boots,Footwear,65,Indiana,M,Blue,Summer,2.7,No,Store Pickup,No,3,Bank Transfer,Fortnightly,Young Adult,14,New/Low,False,False,Other,Other,Frequent,0.25928571428571434,Low
2975,57,Female,Sneakers,Footwear,99,Tennessee,XL,Peach,Summer,4.1,No,Store Pickup,No,34,Credit Card,Weekly,Middle-aged,7,Established,False,False,Other,Card,Very Frequent,0.7907142857142857,VIP
2976,61,Female,Scarf,Accessories,68,Georgia,XL,Lavender,Winter,4.5,No,2-Day Shipping,No,48,Cash,Every 3 Months,Senior,90,Heavy,False,False,Standard,Cash,Occasional,0.7757142857142856,VIP
2977,30,Female,Coat,Outerwear,97,Nebraska,M,Silver,Summer,2.8,No,Express,No,28,Cash,Fortnightly,Young Adult,14,Established,False,False,Express,Cash,Frequent,0.6078571428571429,VIP
2978,38,Female,Shorts,Clothing,47,Washington,L,Gold,Winter,3.4,No,Standard,No,20,Venmo,Annually,Adult,365,Emerging,False,False,Standard,Digital Wallet,Rare,0.36071428571428565,Mid
2979,53,Female,Shorts,Clothing,56,Idaho,S,Cyan,Spring,3.9,No,Free Shipping,No,49,Bank Transfer,Fortnightly,Middle-aged,14,Heavy,False,False,Standard,Other,Frequent,0.6628571428571428,VIP
2980,31,Female,Jeans,Clothing,91,Louisiana,L,Olive,Fall,2.6,No,Next Day Air,No,14,PayPal,Weekly,Young Adult,7,Emerging,False,False,Express,Digital Wallet,Very Frequent,0.45785714285714285,Mid
2981,70,Female,Gloves,Accessories,93,New Jersey,L,Teal,Fall,4.4,No,2-Day Shipping,No,9,Bank Transfer,Monthly,Senior,30,New/Low,False,False,Standard,Other,Frequent,0.6121428571428572,VIP
2982,21,Female,Pants,Clothing,36,Delaware,L,Pink,Winter,4.9,No,Standard,No,37,Venmo,Annually,Young Adult,365,Established,False,False,Standard,Digital Wallet,Rare,0.5771428571428572,High
2983,33,Female,Dress,Clothing,45,Wisconsin,M,Orange,Summer,3.6,No,Store Pickup,No,4,Credit Card,Weekly,Adult,7,New/Low,False,False,Other,Card,Very Frequent,0.25642857142857145,Low
2984,60,Female,Pants,Clothing,44,West Virginia,M,Charcoal,Winter,2.8,No,2-Day Shipping,No,1,Credit Card,Quarterly,Senior,90,New/Low,False,False,Standard,Card,Occasional,0.14999999999999997,Low
2985,45,Female,Gloves,Accessories,32,Texas,L,Red,Spring,4.3,No,2-Day Shipping,No,36,Debit Card,Bi-Weekly,Middle-aged,14,Established,False,False,Standard,Card,Frequent,0.49,High
2986,46,Female,Belt,Accessories,36,Hawaii,S,Teal,Summer,3.0,No,Express,No,21,Cash,Bi-Weekly,Middle-aged,14,Emerging,False,False,Express,Cash,Frequent,0.27285714285714285,Low
2987,62,Female,Belt,Accessories,85,Arizona,S,Silver,Summer,3.3,No,2-Day Shipping,No,16,Credit Card,Monthly,Senior,30,Emerging,False,False,Standard,Card,Frequent,0.5121428571428571,High
2988,63,Female,Skirt,Clothing,36,Louisiana,L,Black,Winter,2.5,No,Store Pickup,No,42,Cash,Monthly,Senior,30,Heavy,False,False,Other,Cash,Frequent,0.3728571428571429,Mid
2989,69,Female,Socks,Clothing,55,Nevada,S,Pink,Spring,5.0,No,2-Day Shipping,No,31,Debit Card,Monthly,Senior,30,Established,False,False,Standard,Card,Frequent,0.6392857142857142,VIP
2990,46,Female,Belt,Accessories,20,Rhode Island,XL,Teal,Summer,4.3,No,2-Day Shipping,No,6,Credit Card,Weekly,Middle-aged,7,New/Low,False,False,Standard,Card,Very Frequent,0.2157142857142857,Low
2991,69,Female,Shirt,Clothing,91,Illinois,M,Teal,Fall,4.2,No,Free Shipping,No,24,Venmo,Monthly,Senior,30,Emerging,False,False,Standard,Digital Wallet,Frequent,0.6892857142857143,VIP
2992,66,Female,Dress,Clothing,71,Utah,L,Green,Summer,3.9,No,Standard,No,7,PayPal,Bi-Weekly,Senior,14,New/Low,False,False,Standard,Digital Wallet,Frequent,0.43785714285714283,Mid
2993,41,Female,Socks,Clothing,64,North Dakota,M,Charcoal,Spring,3.9,No,Store Pickup,No,25,Venmo,Weekly,Adult,7,Emerging,False,False,Other,Digital Wallet,Very Frequent,0.5314285714285715,High
2994,32,Female,Jacket,Outerwear,21,Kansas,L,Indigo,Spring,4.2,No,Free Shipping,No,18,Cash,Bi-Weekly,Adult,14,Emerging,False,False,Standard,Cash,Frequent,0.29642857142857143,Low
2995,69,Female,Sweater,Clothing,100,Nevada,S,White,Winter,3.5,No,Store Pickup,No,14,Bank Transfer,Quarterly,Senior,90,Emerging,False,False,Other,Other,Occasional,0.5928571428571429,High
2996,29,Female,Jeans,Clothing,96,Virginia,M,Orange,Summer,2.5,No,Standard,No,42,Debit Card,Bi-Weekly,Young Adult,14,Heavy,False,False,Standard,Card,Frequent,0.6728571428571428,VIP
2997,70,Female,Jewelry,Accessories,91,Utah,M,White,Spring,2.9,No,Express,No,6,Venmo,Every 3 Months,Senior,90,New/Low,False,False,Express,Digital Wallet,Occasional,0.43071428571428566,Mid
2998,41,Female,Sweater,Clothing,40,Idaho,S,Yellow,Spring,2.7,No,Next Day Air,No,14,Venmo,Every 3 Months,Adult,90,Emerging,False,False,Express,Digital Wallet,Occasional,0.21285714285714288,Low
2999,31,Female,Hoodie,Clothing,53,Alaska,M,Red,Summer,4.7,No,Express,No,30,Debit Card,Quarterly,Young Adult,90,Established,False,False,Express,Card,Occasional,0.5921428571428571,High
3000,31,Female,Sunglasses,Accessories,48,New Hampshire,S,Charcoal,Winter,3.8,No,Standard,No,10,Cash,Monthly,Young Adult,30,New/Low,False,False,Standard,Cash,Frequent,0.33428571428571424,Low
3001,57,Female,Sandals,Footwear,70,Ohio,M,Lavender,Winter,3.7,No,Express,No,7,PayPal,Weekly,Middle-aged,7,New/Low,False,False,Express,Digital Wallet,Very Frequent,0.4128571428571429,Mid
3002,29,Female,Coat,Outerwear,29,Montana,L,Charcoal,Summer,4.7,No,Express,No,28,Credit Card,Quarterly,Young Adult,90,Established,False,False,Express,Card,Occasional,0.45785714285714285,Mid
3003,70,Female,Belt,Accessories,29,Louisiana,M,Maroon,Fall,3.6,No,Next Day Air,No,19,Bank Transfer,Quarterly,Senior,90,Emerging,False,False,Express,Other,Occasional,0.2835714285714286,Low
3004,51,Female,Blouse,Clothing,53,Oregon,M,Brown,Fall,2.8,No,Express,No,13,Credit Card,Every 3 Months,Middle-aged,90,Emerging,False,False,Express,Card,Occasional,0.2807142857142857,Low
3005,45,Female,Skirt,Clothing,79,Arizona,M,Lavender,Winter,3.7,No,Store Pickup,No,23,Venmo,Fortnightly,Middle-aged,14,Emerging,False,False,Other,Digital Wallet,Frequent,0.5721428571428572,High
3006,18,Female,Shorts,Clothing,65,Alaska,XL,Brown,Spring,3.5,No,Express,No,5,Venmo,Weekly,Young Adult,7,New/Low,False,False,Express,Digital Wallet,Very Frequent,0.35357142857142854,Low
3007,37,Female,Dress,Clothing,99,Utah,M,Olive,Summer,3.7,No,Store Pickup,No,17,Venmo,Bi-Weekly,Adult,14,Emerging,False,False,Other,Digital Wallet,Frequent,0.6292857142857143,VIP
3008,23,Female,Sunglasses,Accessories,60,New York,L,Lavender,Winter,3.0,No,Next Day Air,No,31,Venmo,Weekly,Young Adult,7,Established,False,False,Express,Digital Wallet,Very Frequent,0.46428571428571425,Mid
3009,39,Female,Shoes,Footwear,86,New Mexico,M,Gold,Winter,4.9,No,Free Shipping,No,19,PayPal,Weekly,Adult,7,Emerging,False,False,Standard,Digital Wallet,Very Frequent,0.6985714285714286,VIP
3010,62,Female,Belt,Accessories,73,Louisiana,M,Silver,Winter,4.6,No,Free Shipping,No,8,Venmo,Fortnightly,Senior,14,New/Low,False,False,Standard,Digital Wallet,Frequent,0.5249999999999999,High
3011,70,Female,Belt,Accessories,45,Ohio,M,Violet,Winter,3.3,No,Free Shipping,No,15,Credit Card,Annually,Senior,365,Emerging,False,False,Standard,Card,Rare,0.30499999999999994,Low
3012,20,Female,Belt,Accessories,70,Nevada,S,Brown,Summer,3.0,No,Next Day Air,No,18,Credit Card,Every 3 Months,Young Adult,90,Emerging,False,False,Express,Card,Occasional,0.42142857142857143,Mid
3013,42,Female,Belt,Accessories,65,Idaho,M,Teal,Fall,3.5,No,Standard,No,16,PayPal,Annually,Adult,365,Emerging,False,False,Standard,Digital Wallet,Rare,0.43214285714285716,Mid
3014,41,Female,Skirt,Clothing,55,Arizona,L,Peach,Summer,4.2,No,Store Pickup,No,13,Cash,Monthly,Adult,30,Emerging,False,False,Other,Cash,Frequent,0.4307142857142857,Mid
3015,24,Female,T-shirt,Clothing,65,Utah,M,Maroon,Spring,4.5,No,Express,No,38,PayPal,Every 3 Months,Young Adult,90,Established,False,False,Express,Digital Wallet,Occasional,0.6892857142857143,VIP
3016,37,Female,Scarf,Accessories,21,Wyoming,XL,Lavender,Spring,2.8,No,Express,No,27,Bank Transfer,Bi-Weekly,Adult,14,Established,False,False,Express,Other,Frequent,0.2207142857142857,Low
3017,30,Female,Blouse,Clothing,26,Indiana,L,Lavender,Summer,4.9,No,Store Pickup,No,31,Bank Transfer,Quarterly,Young Adult,90,Established,False,False,Other,Other,Occasional,0.4842857142857143,High
3018,58,Female,Sunglasses,Accessories,71,Wisconsin,S,Purple,Summer,3.3,No,Next Day Air,No,24,Cash,Bi-Weekly,Senior,14,Emerging,False,False,Express,Cash,Frequent,0.4992857142857142,High
3019,43,Female,Boots,Footwear,41,Texas,M,Green,Summer,3.0,No,Free Shipping,No,21,Debit Card,Bi-Weekly,Adult,14,Emerging,False,False,Standard,Card,Frequent,0.2978571428571429,Low
3020,19,Female,Jacket,Outerwear,44,Utah,M,Yellow,Winter,3.9,No,2-Day Shipping,No,15,PayPal,Annually,Young Adult,365,Emerging,False,False,Standard,Digital Wallet,Rare,0.36,Mid
3021,23,Female,Jeans,Clothing,81,Arkansas,S,Charcoal,Fall,2.8,No,Store Pickup,No,48,Venmo,Every 3 Months,Young Adult,90,Heavy,False,False,Other,Digital Wallet,Occasional,0.6707142857142857,VIP
3022,65,Female,Sunglasses,Accessories,77,Pennsylvania,S,Blue,Summer,4.5,No,2-Day Shipping,No,47,Cash,Quarterly,Senior,90,Heavy,False,False,Standard,Cash,Occasional,0.8135714285714286,VIP
3023,58,Female,Sandals,Footwear,26,Georgia,M,Lavender,Fall,4.0,No,Free Shipping,No,23,PayPal,Weekly,Senior,7,Emerging,False,False,Standard,Digital Wallet,Very Frequent,0.33714285714285713,Low
3024,50,Female,Backpack,Accessories,31,Indiana,M,Brown,Summer,2.9,No,Express,No,4,PayPal,Quarterly,Middle-aged,90,New/Low,False,False,Express,Digital Wallet,Occasional,0.11642857142857142,Low
3025,67,Female,Blouse,Clothing,82,Idaho,S,White,Spring,4.0,No,Free Shipping,No,47,Credit Card,Every 3 Months,Senior,90,Heavy,False,False,Standard,Card,Occasional,0.7885714285714286,VIP
3026,40,Female,Shoes,Footwear,60,Montana,XL,Green,Summer,3.4,No,Store Pickup,No,7,PayPal,Monthly,Adult,30,New/Low,False,False,Other,Digital Wallet,Frequent,0.33285714285714285,Low
3027,55,Female,Shirt,Clothing,70,Tennessee,L,Magenta,Fall,2.5,No,Free Shipping,No,6,Credit Card,Annually,Middle-aged,365,New/Low,False,False,Standard,Card,Rare,0.2857142857142857,Low
3028,52,Female,Hoodie,Clothing,26,West Virginia,XL,Peach,Winter,2.8,No,2-Day Shipping,No,47,Credit Card,Quarterly,Middle-aged,90,Heavy,False,False,Standard,Card,Occasional,0.3885714285714285,Mid
3029,62,Female,Dress,Clothing,100,California,L,Charcoal,Summer,3.0,No,Free Shipping,No,7,PayPal,Every 3 Months,Senior,90,New/Low,False,False,Standard,Digital Wallet,Occasional,0.4928571428571429,High
3030,64,Female,Dress,Clothing,82,Georgia,M,Gold,Summer,3.1,No,Free Shipping,No,1,Debit Card,Quarterly,Senior,90,New/Low,False,False,Standard,Card,Occasional,0.37000000000000005,Mid
3031,43,Female,Sneakers,Footwear,24,Maryland,XL,Purple,Spring,2.6,No,2-Day Shipping,No,23,Credit Card,Weekly,Adult,7,Emerging,False,False,Standard,Card,Very Frequent,0.18714285714285717,Low
3032,61,Female,Blouse,Clothing,74,Idaho,L,Teal,Summer,4.9,No,2-Day Shipping,No,30,Credit Card,Monthly,Senior,30,Established,False,False,Standard,Card,Frequent,0.7171428571428572,VIP
3033,26,Female,Backpack,Accessories,58,California,XL,Green,Summer,3.5,No,Next Day Air,No,24,Credit Card,Quarterly,Young Adult,90,Emerging,False,False,Express,Card,Occasional,0.4542857142857143,Mid
3034,22,Female,Sweater,Clothing,56,Alabama,L,Orange,Spring,2.6,No,Store Pickup,No,9,PayPal,Weekly,Young Adult,7,New/Low,False,False,Other,Digital Wallet,Very Frequent,0.24714285714285716,Low
3035,51,Female,Boots,Footwear,37,Utah,L,Peach,Spring,3.5,No,2-Day Shipping,No,25,Credit Card,Quarterly,Middle-aged,90,Emerging,False,False,Standard,Card,Occasional,0.35642857142857143,Mid
3036,69,Female,Handbag,Accessories,64,Kentucky,M,Gold,Spring,4.5,No,Free Shipping,No,18,Cash,Bi-Weekly,Senior,14,Emerging,False,False,Standard,Cash,Frequent,0.5414285714285714,High
3037,50,Female,Hoodie,Clothing,58,Vermont,S,Violet,Spring,4.3,No,Next Day Air,No,7,Venmo,Fortnightly,Middle-aged,14,New/Low,False,False,Express,Digital Wallet,Frequent,0.4128571428571428,Mid
3038,51,Female,Belt,Accessories,44,Iowa,L,Charcoal,Summer,4.8,No,Next Day Air,No,2,Cash,Annually,Middle-aged,365,New/Low,False,False,Express,Cash,Rare,0.3571428571428571,Mid
3039,56,Female,Jewelry,Accessories,39,Georgia,M,Brown,Summer,4.2,No,Free Shipping,No,36,Debit Card,Annually,Middle-aged,365,Established,False,False,Standard,Card,Rare,0.515,High
3040,59,Female,Blouse,Clothing,48,Alabama,L,Blue,Spring,3.2,No,Next Day Air,No,31,PayPal,Bi-Weekly,Senior,14,Established,False,False,Express,Digital Wallet,Frequent,0.42428571428571427,Mid
3041,18,Female,Handbag,Accessories,32,Nebraska,M,Gold,Fall,4.1,No,Express,No,10,Cash,Fortnightly,Young Adult,14,New/Low,False,False,Express,Cash,Frequent,0.28428571428571425,Low
3042,48,Female,Handbag,Accessories,79,Rhode Island,M,Orange,Winter,4.0,No,Express,No,27,PayPal,Monthly,Middle-aged,30,Established,False,False,Express,Digital Wallet,Frequent,0.6307142857142858,VIP
3043,53,Female,Coat,Outerwear,27,South Dakota,L,Turquoise,Winter,2.9,No,Next Day Air,No,14,PayPal,Every 3 Months,Middle-aged,90,Emerging,False,False,Express,Digital Wallet,Occasional,0.16785714285714287,Low
3044,45,Female,Belt,Accessories,98,Illinois,S,Peach,Fall,2.6,No,Store Pickup,No,17,Credit Card,Monthly,Middle-aged,30,Emerging,False,False,Other,Card,Frequent,0.5142857142857142,High
3045,21,Female,Boots,Footwear,67,North Carolina,M,Magenta,Winter,2.7,No,Free Shipping,No,10,Bank Transfer,Quarterly,Young Adult,90,New/Low,False,False,Standard,Other,Occasional,0.3192857142857143,Low
3046,42,Female,Socks,Clothing,37,Florida,L,Black,Winter,4.6,No,2-Day Shipping,No,4,PayPal,Bi-Weekly,Adult,14,New/Low,False,False,Standard,Digital Wallet,Frequent,0.3164285714285714,Low
3047,60,Female,Shoes,Footwear,49,Pennsylvania,M,White,Spring,3.2,No,Store Pickup,No,25,Cash,Every 3 Months,Senior,90,Emerging,False,False,Other,Cash,Occasional,0.3864285714285714,Mid
3048,21,Female,Sneakers,Footwear,74,Vermont,M,Violet,Fall,4.1,No,2-Day Shipping,No,3,PayPal,Bi-Weekly,Young Adult,14,New/Low,False,False,Standard,Digital Wallet,Frequent,0.4442857142857143,Mid
3049,69,Female,Jewelry,Accessories,93,Colorado,M,Olive,Summer,3.9,No,Standard,No,47,Venmo,Fortnightly,Senior,14,Heavy,False,False,Standard,Digital Wallet,Frequent,0.8335714285714285,VIP
3050,40,Female,Handbag,Accessories,60,Utah,L,Red,Summer,3.0,No,Next Day Air,No,41,Bank Transfer,Bi-Weekly,Adult,14,Heavy,False,False,Express,Other,Frequent,0.5357142857142857,High
3051,31,Female,Coat,Outerwear,76,Kentucky,S,Green,Spring,3.6,No,Standard,No,28,Venmo,Every 3 Months,Young Adult,90,Established,False,False,Standard,Digital Wallet,Occasional,0.5828571428571429,High
3052,44,Female,Sunglasses,Accessories,64,Wyoming,L,Gold,Summer,4.6,No,Express,No,49,Debit Card,Every 3 Months,Adult,90,Heavy,False,False,Express,Card,Occasional,0.7728571428571428,VIP
3053,48,Female,Shoes,Footwear,38,Maine,XL,Olive,Spring,4.5,No,Store Pickup,No,7,Bank Transfer,Fortnightly,Middle-aged,14,New/Low,False,False,Other,Other,Frequent,0.33285714285714285,Low
3054,32,Female,Shoes,Footwear,91,Maine,L,Brown,Winter,3.2,No,Next Day Air,No,22,Bank Transfer,Monthly,Adult,30,Emerging,False,False,Express,Other,Frequent,0.5750000000000001,High
3055,42,Female,Boots,Footwear,70,New Hampshire,S,Magenta,Summer,4.9,No,2-Day Shipping,No,34,Venmo,Monthly,Adult,30,Established,False,False,Standard,Digital Wallet,Frequent,0.7257142857142858,VIP
3056,27,Female,Sandals,Footwear,22,Kansas,M,Violet,Fall,5.0,No,Standard,No,5,Debit Card,Bi-Weekly,Young Adult,14,New/Low,False,False,Standard,Card,Frequent,0.2885714285714286,Low
3057,69,Female,Gloves,Accessories,59,New Jersey,M,Beige,Spring,3.8,No,Standard,No,15,Cash,Bi-Weekly,Senior,14,Emerging,False,False,Standard,Cash,Frequent,0.42499999999999993,Mid
3058,67,Female,Backpack,Accessories,22,North Carolina,M,Blue,Spring,3.4,No,Next Day Air,No,26,Bank Transfer,Weekly,Senior,7,Established,False,False,Express,Other,Very Frequent,0.2785714285714286,Low
3059,41,Female,Handbag,Accessories,74,West Virginia,S,Orange,Winter,3.8,No,Store Pickup,No,3,Bank Transfer,Fortnightly,Adult,14,New/Low,False,False,Other,Other,Frequent,0.41428571428571426,Mid
3060,46,Female,Sweater,Clothing,71,Kentucky,L,Maroon,Spring,3.2,No,Express,No,42,Credit Card,Quarterly,Middle-aged,90,Heavy,False,False,Express,Card,Occasional,0.6178571428571429,VIP
3061,47,Female,Coat,Outerwear,80,California,S,Charcoal,Summer,4.7,No,Store Pickup,No,1,Venmo,Monthly,Middle-aged,30,New/Low,False,False,Other,Digital Wallet,Frequent,0.52,High
3062,33,Female,T-shirt,Clothing,59,South Dakota,L,Olive,Fall,4.5,No,Express,No,20,PayPal,Every 3 Months,Adult,90,Emerging,False,False,Express,Digital Wallet,Occasional,0.5307142857142857,High
3063,51,Female,Backpack,Accessories,96,California,L,Green,Fall,3.3,No,Standard,No,39,PayPal,Monthly,Middle-aged,30,Established,False,False,Standard,Digital Wallet,Frequent,0.7314285714285714,VIP
3064,26,Female,Sunglasses,Accessories,43,Connecticut,L,Brown,Winter,3.9,No,Store Pickup,No,24,Credit Card,Fortnightly,Young Adult,14,Emerging,False,False,Other,Card,Frequent,0.41928571428571426,Mid
3065,22,Female,Belt,Accessories,76,Idaho,S,Cyan,Winter,3.6,No,Express,No,49,Bank Transfer,Quarterly,Young Adult,90,Heavy,False,False,Express,Other,Occasional,0.7328571428571428,VIP
3066,49,Female,Jacket,Outerwear,59,North Dakota,M,Beige,Fall,2.8,No,Store Pickup,No,7,Venmo,Bi-Weekly,Middle-aged,14,New/Low,False,False,Other,Digital Wallet,Frequent,0.26785714285714285,Low
3067,58,Female,Skirt,Clothing,48,Michigan,L,Teal,Summer,4.3,No,Free Shipping,No,13,Venmo,Every 3 Months,Senior,90,Emerging,False,False,Standard,Digital Wallet,Occasional,0.4057142857142857,Mid
3068,70,Female,Belt,Accessories,22,Missouri,S,Gray,Spring,3.5,No,Free Shipping,No,2,Cash,Weekly,Senior,7,New/Low,False,False,Standard,Cash,Very Frequent,0.11714285714285715,Low
3069,32,Female,Boots,Footwear,40,California,M,Indigo,Winter,4.2,No,Express,No,4,Debit Card,Weekly,Adult,7,New/Low,False,False,Express,Card,Very Frequent,0.2914285714285714,Low
3070,62,Female,Jeans,Clothing,73,Delaware,L,Magenta,Spring,4.6,No,Express,No,17,Debit Card,Quarterly,Senior,90,Emerging,False,False,Express,Card,Occasional,0.5892857142857142,High
3071,52,Female,Shoes,Footwear,26,Alabama,XL,Red,Fall,2.6,No,Free Shipping,No,43,PayPal,Bi-Weekly,Middle-aged,14,Heavy,False,False,Standard,Digital Wallet,Frequent,0.33999999999999997,Low
3072,23,Female,Sweater,Clothing,41,New Hampshire,L,Turquoise,Spring,3.4,No,Next Day Air,No,6,PayPal,Monthly,Young Adult,30,New/Low,False,False,Express,Digital Wallet,Frequent,0.23071428571428573,Low
3073,26,Female,Jewelry,Accessories,98,New York,L,Peach,Spring,3.1,No,Standard,No,46,PayPal,Quarterly,Young Adult,90,Heavy,False,False,Standard,Digital Wallet,Occasional,0.7714285714285715,VIP
3074,58,Female,Shirt,Clothing,63,Oregon,L,White,Winter,3.6,No,Free Shipping,No,7,Debit Card,Bi-Weekly,Senior,14,New/Low,False,False,Standard,Card,Frequent,0.3678571428571429,Mid
3075,26,Female,Boots,Footwear,55,Massachusetts,L,Maroon,Winter,4.2,No,Next Day Air,No,34,Debit Card,Fortnightly,Young Adult,14,Established,False,False,Express,Card,Frequent,0.5807142857142857,High
3076,54,Female,Shorts,Clothing,90,Utah,XL,Beige,Winter,3.6,No,Standard,No,21,PayPal,Every 3 Months,Middle-aged,90,Emerging,False,False,Standard,Digital Wallet,Occasional,0.6028571428571429,VIP
3077,66,Female,Handbag,Accessories,46,New Hampshire,M,Blue,Summer,3.6,No,Express,No,13,Venmo,Bi-Weekly,Senior,14,Emerging,False,False,Express,Digital Wallet,Frequent,0.32571428571428573,Low
3078,60,Female,Sweater,Clothing,88,Illinois,S,Red,Spring,3.0,No,Store Pickup,No,33,Debit Card,Bi-Weekly,Senior,14,Established,False,False,Other,Card,Frequent,0.6185714285714285,VIP
3079,32,Female,Belt,Accessories,95,Alaska,M,Blue,Spring,2.5,No,2-Day Shipping,No,24,Bank Transfer,Bi-Weekly,Adult,14,Emerging,False,False,Standard,Other,Frequent,0.5392857142857143,High
3080,48,Female,Belt,Accessories,31,Wyoming,M,Maroon,Fall,4.0,No,Store Pickup,No,4,Bank Transfer,Annually,Middle-aged,365,New/Low,False,False,Other,Other,Rare,0.22642857142857142,Low
3081,69,Female,Hoodie,Clothing,42,Colorado,L,Yellow,Spring,4.1,No,Next Day Air,No,5,Cash,Bi-Weekly,Senior,14,New/Low,False,False,Express,Cash,Frequent,0.29857142857142854,Low
3082,64,Female,Sneakers,Footwear,44,Vermont,L,Pink,Winter,4.9,No,Next Day Air,No,11,Credit Card,Weekly,Senior,7,Emerging,False,False,Express,Card,Very Frequent,0.4314285714285715,Mid
3083,56,Female,T-shirt,Clothing,99,Utah,M,Maroon,Spring,4.0,No,Next Day Air,No,20,Bank Transfer,Annually,Middle-aged,365,Emerging,False,False,Express,Other,Rare,0.6807142857142857,VIP
3084,22,Female,Pants,Clothing,20,Illinois,S,Purple,Summer,3.5,No,Store Pickup,No,28,PayPal,Quarterly,Young Adult,90,Established,False,False,Other,Digital Wallet,Occasional,0.2928571428571428,Low
3085,46,Female,Scarf,Accessories,37,Idaho,S,Indigo,Spring,3.2,No,Store Pickup,No,43,PayPal,Monthly,Middle-aged,30,Heavy,False,False,Other,Digital Wallet,Frequent,0.455,Mid
3086,24,Female,Sweater,Clothing,50,Nevada,L,Gray,Winter,2.8,No,Store Pickup,No,10,Venmo,Every 3 Months,Young Adult,90,New/Low,False,False,Other,Digital Wallet,Occasional,0.24428571428571427,Low
3087,47,Female,Handbag,Accessories,73,Utah,M,Lavender,Summer,3.5,No,Next Day Air,No,26,Venmo,Every 3 Months,Middle-aged,90,Established,False,False,Express,Digital Wallet,Occasional,0.5435714285714286,High
3088,62,Female,Shirt,Clothing,84,North Carolina,M,Charcoal,Spring,3.1,No,Free Shipping,No,29,Bank Transfer,Monthly,Senior,30,Established,False,False,Standard,Other,Frequent,0.5800000000000001,High
3089,34,Female,Dress,Clothing,64,Arkansas,M,Teal,Spring,3.3,No,Store Pickup,No,35,Bank Transfer,Quarterly,Adult,90,Established,False,False,Other,Other,Occasional,0.5428571428571428,High
3090,50,Female,Sandals,Footwear,21,North Carolina,L,Blue,Fall,4.6,No,Free Shipping,No,23,Cash,Bi-Weekly,Middle-aged,14,Emerging,False,False,Standard,Cash,Frequent,0.3721428571428571,Mid
3091,29,Female,Shirt,Clothing,36,Texas,M,Peach,Summer,4.9,No,Store Pickup,No,15,Bank Transfer,Quarterly,Young Adult,90,Emerging,False,False,Other,Other,Occasional,0.42000000000000004,Mid
3092,68,Female,Dress,Clothing,81,Nevada,L,Orange,Winter,3.4,No,2-Day Shipping,No,46,Credit Card,Annually,Senior,365,Heavy,False,False,Standard,Card,Rare,0.7164285714285713,VIP
3093,52,Female,Sunglasses,Accessories,54,Utah,L,Silver,Fall,3.5,No,Next Day Air,No,14,Bank Transfer,Bi-Weekly,Middle-aged,14,Emerging,False,False,Express,Other,Frequent,0.3628571428571429,Mid
3094,29,Female,Socks,Clothing,63,Pennsylvania,L,Red,Summer,4.8,No,Store Pickup,No,17,Cash,Every 3 Months,Young Adult,90,Emerging,False,False,Other,Cash,Occasional,0.5592857142857143,High
3095,22,Female,Sandals,Footwear,59,Georgia,M,Gray,Summer,2.7,No,Store Pickup,No,9,Cash,Weekly,Young Adult,7,New/Low,False,False,Other,Cash,Very Frequent,0.27214285714285713,Low
3096,62,Female,Hat,Accessories,53,Minnesota,S,Beige,Fall,3.4,No,Standard,No,13,Venmo,Fortnightly,Senior,14,Emerging,False,False,Standard,Digital Wallet,Frequent,0.34071428571428575,Low
3097,69,Female,Shirt,Clothing,63,Kansas,L,White,Winter,3.5,No,Next Day Air,No,20,Bank Transfer,Monthly,Senior,30,Emerging,False,False,Express,Other,Frequent,0.45071428571428573,Mid
3098,48,Female,Shoes,Footwear,33,Delaware,M,Silver,Fall,3.7,No,Free Shipping,No,39,Bank Transfer,Quarterly,Middle-aged,90,Established,False,False,Standard,Other,Occasional,0.4564285714285714,Mid
3099,66,Female,Pants,Clothing,64,New Mexico,L,Cyan,Summer,3.3,No,Next Day Air,No,50,Bank Transfer,Quarterly,Senior,90,Heavy,False,False,Express,Other,Occasional,0.65,VIP
3100,42,Female,Shirt,Clothing,98,Michigan,S,Maroon,Fall,2.9,No,Free Shipping,No,21,Bank Transfer,Bi-Weekly,Adult,14,Emerging,False,False,Standard,Other,Frequent,0.572857142857143,High
3101,50,Female,Hat,Accessories,85,Vermont,L,Purple,Winter,3.9,No,Express,No,3,Bank Transfer,Weekly,Middle-aged,7,New/Low,False,False,Express,Other,Very Frequent,0.4792857142857143,High
3102,32,Female,Jewelry,Accessories,82,Idaho,S,Brown,Summer,2.7,No,Express,No,9,PayPal,Fortnightly,Adult,14,New/Low,False,False,Express,Digital Wallet,Frequent,0.38714285714285723,Mid
3103,51,Female,Jacket,Outerwear,85,South Dakota,M,Green,Summer,4.3,No,Standard,No,29,Cash,Bi-Weekly,Middle-aged,14,Established,False,False,Standard,Cash,Frequent,0.7050000000000001,VIP
3104,27,Female,Shirt,Clothing,37,Illinois,S,Peach,Winter,3.0,No,2-Day Shipping,No,42,Bank Transfer,Weekly,Young Adult,7,Heavy,False,False,Standard,Other,Very Frequent,0.4278571428571429,Mid
3105,43,Female,Pants,Clothing,56,Georgia,S,Turquoise,Summer,5.0,No,2-Day Shipping,No,41,Debit Card,Fortnightly,Adult,14,Heavy,False,False,Standard,Card,Frequent,0.7157142857142857,VIP
3106,48,Female,Skirt,Clothing,33,Oregon,M,Olive,Fall,2.7,No,Express,No,17,Debit Card,Monthly,Middle-aged,30,Emerging,False,False,Express,Card,Frequent,0.1992857142857143,Low
3107,62,Female,Sandals,Footwear,57,Alabama,M,Yellow,Winter,4.7,No,Next Day Air,No,20,PayPal,Annually,Senior,365,Emerging,False,False,Express,Digital Wallet,Rare,0.5407142857142857,High
3108,65,Female,Blouse,Clothing,31,Hawaii,L,Gray,Winter,4.6,No,Standard,No,18,Credit Card,Bi-Weekly,Senior,14,Emerging,False,False,Standard,Card,Frequent,0.3864285714285714,Mid
3109,50,Female,Socks,Clothing,69,Oregon,M,Purple,Fall,3.2,No,2-Day Shipping,No,7,PayPal,Monthly,Middle-aged,30,New/Low,False,False,Standard,Digital Wallet,Frequent,0.3578571428571429,Mid
3110,60,Female,Jacket,Outerwear,92,Illinois,M,Gray,Winter,4.3,No,Free Shipping,No,47,Bank Transfer,Fortnightly,Senior,14,Heavy,False,False,Standard,Other,Frequent,0.8685714285714285,VIP
3111,19,Female,Handbag,Accessories,46,Texas,L,Lavender,Fall,4.6,No,Next Day Air,No,2,Bank Transfer,Bi-Weekly,Young Adult,14,New/Low,False,False,Express,Other,Frequent,0.3471428571428571,Low
3112,21,Female,Belt,Accessories,81,Kansas,XL,Indigo,Spring,4.9,No,Free Shipping,No,25,Debit Card,Quarterly,Young Adult,90,Emerging,False,False,Standard,Card,Occasional,0.7164285714285714,VIP
3113,19,Female,Blouse,Clothing,97,Texas,S,Green,Fall,3.8,No,Express,No,26,Venmo,Annually,Young Adult,365,Established,False,False,Express,Digital Wallet,Rare,0.6935714285714286,VIP
3114,46,Female,Shirt,Clothing,93,Nebraska,L,Green,Summer,2.6,No,Express,No,2,Debit Card,Weekly,Middle-aged,7,New/Low,False,False,Express,Card,Very Frequent,0.3821428571428571,Mid
3115,21,Female,Handbag,Accessories,56,Arkansas,M,Olive,Spring,4.7,No,Store Pickup,No,45,Venmo,Bi-Weekly,Young Adult,14,Heavy,False,False,Other,Digital Wallet,Frequent,0.7142857142857144,VIP
3116,26,Female,Scarf,Accessories,53,South Dakota,M,Charcoal,Fall,4.1,No,Free Shipping,No,9,Bank Transfer,Bi-Weekly,Young Adult,14,New/Low,False,False,Standard,Other,Frequent,0.3821428571428571,Mid
3117,50,Female,Coat,Outerwear,66,Montana,L,Gray,Spring,3.7,No,Store Pickup,No,1,Venmo,Weekly,Middle-aged,7,New/Low,False,False,Other,Digital Wallet,Very Frequent,0.35,Low
3118,43,Female,Hoodie,Clothing,50,Florida,M,Olive,Fall,3.0,No,Free Shipping,No,4,PayPal,Bi-Weekly,Adult,14,New/Low,False,False,Standard,Digital Wallet,Frequent,0.22142857142857147,Low
3119,61,Female,Shorts,Clothing,97,Virginia,L,Blue,Summer,4.7,No,Standard,No,31,Debit Card,Quarterly,Senior,90,Established,False,False,Standard,Card,Occasional,0.8192857142857144,VIP
3120,63,Female,Sandals,Footwear,79,Louisiana,XL,Silver,Winter,4.7,No,2-Day Shipping,No,21,Credit Card,Every 3 Months,Senior,90,Emerging,False,False,Standard,Card,Occasional,0.6578571428571429,VIP
3121,46,Female,Shirt,Clothing,76,Louisiana,M,Magenta,Fall,4.0,No,Store Pickup,No,32,Debit Card,Fortnightly,Middle-aged,14,Established,False,False,Other,Card,Frequent,0.6514285714285714,VIP
3122,63,Female,Hoodie,Clothing,38,Louisiana,L,Black,Fall,2.6,No,Standard,No,16,Venmo,Weekly,Senior,7,Emerging,False,False,Standard,Digital Wallet,Very Frequent,0.20714285714285716,Low
3123,23,Female,Socks,Clothing,45,Georgia,M,Pink,Fall,3.0,No,Express,No,34,Credit Card,Fortnightly,Young Adult,14,Established,False,False,Express,Card,Frequent,0.41071428571428564,Mid
3124,57,Female,Handbag,Accessories,77,Iowa,XL,Red,Fall,3.3,No,Next Day Air,No,40,Venmo,Bi-Weekly,Middle-aged,14,Established,False,False,Express,Digital Wallet,Frequent,0.6435714285714286,VIP
3125,57,Female,Jewelry,Accessories,51,California,M,Peach,Summer,3.4,No,Standard,No,4,Cash,Every 3 Months,Middle-aged,90,New/Low,False,False,Standard,Cash,Occasional,0.26642857142857146,Low
3126,33,Female,Coat,Outerwear,26,Oregon,L,Lavender,Spring,4.0,No,Standard,No,3,Cash,Quarterly,Adult,90,New/Low,False,False,Standard,Cash,Occasional,0.19428571428571428,Low
3127,57,Female,Sunglasses,Accessories,76,Maine,L,Lavender,Winter,2.6,No,Store Pickup,No,28,Bank Transfer,Bi-Weekly,Middle-aged,14,Established,False,False,Other,Other,Frequent,0.4828571428571428,High
3128,55,Female,Gloves,Accessories,94,Louisiana,M,Beige,Winter,3.4,No,Free Shipping,No,43,Credit Card,Every 3 Months,Middle-aged,90,Heavy,False,False,Standard,Card,Occasional,0.76,VIP
3129,65,Female,Jacket,Outerwear,32,Arkansas,S,Indigo,Fall,4.4,No,Standard,No,20,Cash,Annually,Senior,365,Emerging,False,False,Standard,Cash,Rare,0.38571428571428573,Mid
3130,60,Female,Sandals,Footwear,20,Maryland,S,Cyan,Summer,4.7,No,Express,No,40,Venmo,Every 3 Months,Senior,90,Established,False,False,Express,Digital Wallet,Occasional,0.49857142857142855,High
3131,52,Female,Pants,Clothing,20,Vermont,M,Yellow,Summer,4.5,No,Store Pickup,No,34,Venmo,Every 3 Months,Middle-aged,90,Established,False,False,Other,Digital Wallet,Occasional,0.4357142857142857,Mid
3132,34,Female,Jacket,Outerwear,59,North Dakota,M,Peach,Fall,2.9,No,Store Pickup,No,11,Bank Transfer,Every 3 Months,Adult,90,Emerging,False,False,Other,Other,Occasional,0.30642857142857144,Low
3133,33,Female,Sweater,Clothing,97,Michigan,M,Yellow,Summer,4.2,No,Express,No,26,Cash,Quarterly,Adult,90,Established,False,False,Express,Cash,Occasional,0.7335714285714287,VIP
3134,58,Female,T-shirt,Clothing,68,Arkansas,M,Orange,Spring,4.1,No,Next Day Air,No,29,Cash,Bi-Weekly,Senior,14,Established,False,False,Express,Cash,Frequent,0.5999999999999999,VIP
3135,35,Female,Boots,Footwear,66,Kentucky,L,Gray,Spring,4.4,No,Store Pickup,No,47,Bank Transfer,Weekly,Adult,7,Heavy,False,False,Other,Other,Very Frequent,0.7485714285714286,VIP
3136,68,Female,Shoes,Footwear,85,Indiana,L,Yellow,Spring,4.7,No,Free Shipping,No,48,Venmo,Fortnightly,Senior,14,Heavy,False,False,Standard,Digital Wallet,Frequent,0.8807142857142858,VIP
3137,58,Female,Skirt,Clothing,32,Minnesota,M,Gray,Fall,3.1,No,Next Day Air,No,29,Cash,Bi-Weekly,Senior,14,Established,False,False,Express,Cash,Frequent,0.32,Low
3138,34,Female,Coat,Outerwear,44,Louisiana,M,Turquoise,Spring,2.7,No,2-Day Shipping,No,14,Bank Transfer,Monthly,Adult,30,Emerging,False,False,Standard,Other,Frequent,0.23285714285714287,Low
3139,47,Female,Blouse,Clothing,95,Kentucky,L,Gray,Fall,4.6,No,Next Day Air,No,40,Cash,Every 3 Months,Middle-aged,90,Established,False,False,Express,Cash,Occasional,0.8635714285714284,VIP
3140,35,Female,Sunglasses,Accessories,85,Georgia,M,Olive,Winter,4.4,No,Next Day Air,No,4,Venmo,Weekly,Adult,7,New/Low,False,False,Express,Digital Wallet,Very Frequent,0.5364285714285715,High
3141,34,Female,Gloves,Accessories,44,Alaska,XL,Peach,Summer,4.6,No,Free Shipping,No,37,Bank Transfer,Weekly,Adult,7,Established,False,False,Standard,Other,Very Frequent,0.5871428571428571,High
3142,36,Female,Sunglasses,Accessories,30,Mississippi,S,Peach,Winter,4.9,No,Express,No,47,Credit Card,Bi-Weekly,Adult,14,Heavy,False,False,Express,Card,Frequent,0.6185714285714285,VIP
3143,23,Female,Sneakers,Footwear,21,Kansas,L,Magenta,Winter,4.0,No,2-Day Shipping,No,1,Venmo,Quarterly,Young Adult,90,New/Low,False,False,Standard,Digital Wallet,Occasional,0.155,Low
3144,68,Female,Hoodie,Clothing,22,Arizona,M,Purple,Summer,2.9,No,Store Pickup,No,26,Cash,Quarterly,Senior,90,Established,False,False,Other,Cash,Occasional,0.2285714285714286,Low
3145,23,Female,Boots,Footwear,70,Maine,L,Beige,Spring,2.6,No,Free Shipping,No,12,Debit Card,Quarterly,Young Adult,90,Emerging,False,False,Standard,Card,Occasional,0.3385714285714286,Low
3146,57,Female,Handbag,Accessories,29,Texas,XL,Purple,Spring,4.6,No,Standard,No,16,PayPal,Fortnightly,Middle-aged,14,Emerging,False,False,Standard,Digital Wallet,Frequent,0.3621428571428571,Mid
3147,21,Female,Shirt,Clothing,83,Virginia,S,Yellow,Winter,4.9,No,Free Shipping,No,19,PayPal,Annually,Young Adult,365,Emerging,False,False,Standard,Digital Wallet,Rare,0.6835714285714286,VIP
3148,45,Female,Sweater,Clothing,99,North Dakota,M,Pink,Winter,4.3,No,Express,No,21,Credit Card,Weekly,Middle-aged,7,Emerging,False,False,Express,Card,Very Frequent,0.7178571428571427,VIP
3149,37,Female,Shorts,Clothing,35,West Virginia,L,Purple,Fall,4.3,No,Free Shipping,No,15,Venmo,Weekly,Adult,7,Emerging,False,False,Standard,Digital Wallet,Very Frequent,0.355,Low
3150,18,Female,Belt,Accessories,40,North Carolina,M,Lavender,Winter,4.6,No,Free Shipping,No,9,Venmo,Annually,Young Adult,365,New/Low,False,False,Standard,Digital Wallet,Rare,0.3671428571428571,Mid
3151,55,Female,Blouse,Clothing,25,Georgia,M,Peach,Spring,2.6,No,Express,No,7,Bank Transfer,Bi-Weekly,Middle-aged,14,New/Low,False,False,Express,Other,Frequent,0.07785714285714286,Low
3152,52,Female,T-shirt,Clothing,64,New Mexico,L,Orange,Fall,3.1,No,2-Day Shipping,No,47,Bank Transfer,Quarterly,Middle-aged,90,Heavy,False,False,Standard,Other,Occasional,0.6085714285714287,VIP
3153,49,Female,Belt,Accessories,90,North Carolina,M,Red,Fall,3.1,No,Store Pickup,No,17,PayPal,Monthly,Middle-aged,30,Emerging,False,False,Other,Digital Wallet,Frequent,0.5242857142857144,High
3154,56,Female,Socks,Clothing,88,Alabama,L,Red,Fall,3.1,No,Next Day Air,No,46,Venmo,Fortnightly,Middle-aged,14,Heavy,False,False,Express,Digital Wallet,Frequent,0.7214285714285715,VIP
3155,27,Female,Belt,Accessories,55,Connecticut,M,Gold,Winter,4.4,No,Standard,No,32,Cash,Quarterly,Young Adult,90,Established,False,False,Standard,Cash,Occasional,0.5864285714285715,High
3156,22,Female,Handbag,Accessories,90,Montana,M,Brown,Fall,4.3,No,Free Shipping,No,34,Cash,Annually,Young Adult,365,Established,False,False,Standard,Cash,Rare,0.7657142857142858,VIP
3157,18,Female,Shirt,Clothing,50,Montana,M,Black,Winter,3.1,No,2-Day Shipping,No,18,Cash,Monthly,Young Adult,30,Emerging,False,False,Standard,Cash,Frequent,0.33142857142857146,Low
3158,21,Female,Belt,Accessories,34,Maine,L,Red,Fall,3.1,No,Store Pickup,No,5,Debit Card,Fortnightly,Young Adult,14,New/Low,False,False,Other,Card,Frequent,0.15857142857142859,Low
3159,30,Female,Jewelry,Accessories,77,Mississippi,M,Gray,Winter,4.9,No,2-Day Shipping,No,44,Credit Card,Monthly,Young Adult,30,Heavy,False,False,Standard,Card,Frequent,0.8321428571428571,VIP
3160,62,Female,Hat,Accessories,89,Louisiana,L,Pink,Winter,2.9,No,Store Pickup,No,4,Bank Transfer,Quarterly,Senior,90,New/Low,False,False,Other,Other,Occasional,0.4064285714285714,Mid
3161,28,Female,Backpack,Accessories,87,Nebraska,XL,Turquoise,Fall,3.8,No,Next Day Air,No,37,Cash,Fortnightly,Young Adult,14,Established,False,False,Express,Cash,Frequent,0.7221428571428571,VIP
3162,66,Female,Dress,Clothing,77,Massachusetts,S,Charcoal,Winter,4.2,No,2-Day Shipping,No,43,Cash,Monthly,Senior,30,Heavy,False,False,Standard,Cash,Frequent,0.755,VIP
3163,66,Female,Shoes,Footwear,85,Wisconsin,L,Blue,Winter,3.9,No,Standard,No,28,Bank Transfer,Quarterly,Senior,90,Established,False,False,Standard,Other,Occasional,0.6578571428571428,VIP
3164,49,Female,Pants,Clothing,66,Nebraska,XL,Turquoise,Summer,2.8,No,Express,No,36,Cash,Monthly,Middle-aged,30,Established,False,False,Express,Cash,Frequent,0.51,High
3165,40,Female,Dress,Clothing,32,Arizona,L,Silver,Winter,2.6,No,Standard,No,16,Credit Card,Annually,Adult,365,Emerging,False,False,Standard,Card,Rare,0.17714285714285716,Low
3166,49,Female,Jacket,Outerwear,92,Hawaii,M,Lavender,Spring,3.0,No,Store Pickup,No,38,Bank Transfer,Every 3 Months,Middle-aged,90,Established,False,False,Other,Other,Occasional,0.6742857142857144,VIP
3167,19,Female,Shirt,Clothing,80,Georgia,M,Gold,Winter,2.7,No,Next Day Air,No,37,Bank Transfer,Fortnightly,Young Adult,14,Established,False,False,Express,Other,Frequent,0.5771428571428572,High
3168,24,Female,Dress,Clothing,78,Oregon,M,Blue,Fall,2.8,No,2-Day Shipping,No,9,Cash,Bi-Weekly,Young Adult,14,New/Low,False,False,Standard,Cash,Frequent,0.37714285714285706,Mid
3169,31,Female,Jeans,Clothing,24,Montana,M,Orange,Spring,2.9,No,2-Day Shipping,No,14,PayPal,Fortnightly,Young Adult,14,Emerging,False,False,Standard,Digital Wallet,Frequent,0.15285714285714286,Low
3170,35,Female,T-shirt,Clothing,59,Georgia,M,White,Fall,3.8,No,Free Shipping,No,3,Venmo,Weekly,Adult,7,New/Low,False,False,Standard,Digital Wallet,Very Frequent,0.3392857142857143,Low
3171,65,Female,Sunglasses,Accessories,41,Rhode Island,XL,Charcoal,Spring,4.4,No,Express,No,10,Credit Card,Fortnightly,Senior,14,New/Low,False,False,Express,Card,Frequent,0.3592857142857143,Mid
3172,68,Female,Jewelry,Accessories,26,Tennessee,M,Maroon,Spring,3.1,No,Express,No,26,Bank Transfer,Bi-Weekly,Senior,14,Established,False,False,Express,Other,Frequent,0.26857142857142857,Low
3173,57,Female,Socks,Clothing,52,Missouri,M,Olive,Fall,3.7,No,Standard,No,30,Debit Card,Bi-Weekly,Middle-aged,14,Established,False,False,Standard,Card,Frequent,0.4871428571428572,High
3174,69,Female,Skirt,Clothing,46,Washington,L,Teal,Summer,4.9,No,Next Day Air,No,32,PayPal,Fortnightly,Senior,14,Established,False,False,Express,Digital Wallet,Frequent,0.5914285714285714,High
3175,45,Female,Pants,Clothing,52,Oklahoma,L,Orange,Winter,3.8,No,Store Pickup,No,35,PayPal,Monthly,Middle-aged,30,Established,False,False,Other,Digital Wallet,Frequent,0.5328571428571428,High
3176,35,Female,Socks,Clothing,42,Connecticut,M,Maroon,Fall,3.4,No,Store Pickup,No,26,Debit Card,Every 3 Months,Adult,90,Established,False,False,Other,Card,Occasional,0.37857142857142856,Mid
3177,36,Female,Sandals,Footwear,37,Arkansas,XL,Turquoise,Spring,4.6,No,2-Day Shipping,No,39,Credit Card,Monthly,Adult,30,Established,False,False,Standard,Card,Frequent,0.5664285714285714,High
3178,55,Female,Belt,Accessories,52,Missouri,L,Beige,Fall,3.2,No,Standard,No,31,Credit Card,Monthly,Middle-aged,30,Established,False,False,Standard,Card,Frequent,0.44428571428571434,Mid
3179,66,Female,Sandals,Footwear,34,Washington,L,Beige,Spring,2.7,No,Free Shipping,No,28,Credit Card,Annually,Senior,365,Established,False,False,Standard,Card,Rare,0.28285714285714286,Low
3180,57,Female,Shorts,Clothing,88,Idaho,M,Olive,Spring,4.3,No,Free Shipping,No,12,Debit Card,Bi-Weekly,Middle-aged,14,Emerging,False,False,Standard,Card,Frequent,0.5985714285714285,VIP
3181,18,Female,Handbag,Accessories,88,Montana,L,Turquoise,Fall,3.8,No,Standard,No,46,PayPal,Weekly,Young Adult,7,Heavy,False,False,Standard,Digital Wallet,Very Frequent,0.7914285714285715,VIP
3182,31,Female,Jacket,Outerwear,51,Montana,M,Charcoal,Summer,4.4,No,Free Shipping,No,27,PayPal,Every 3 Months,Young Adult,90,Established,False,False,Standard,Digital Wallet,Occasional,0.5307142857142858,High
3183,50,Female,Sunglasses,Accessories,97,Georgia,L,Green,Fall,3.6,No,Free Shipping,No,4,Credit Card,Annually,Middle-aged,365,New/Low,False,False,Standard,Card,Rare,0.5164285714285715,High
3184,50,Female,Sneakers,Footwear,56,Mississippi,M,Green,Winter,3.5,No,Standard,No,14,Cash,Every 3 Months,Middle-aged,90,Emerging,False,False,Standard,Cash,Occasional,0.3728571428571429,Mid
3185,61,Female,Sweater,Clothing,53,Hawaii,L,Green,Spring,4.2,No,2-Day Shipping,No,30,Venmo,Quarterly,Senior,90,Established,False,False,Standard,Digital Wallet,Occasional,0.5421428571428571,High
3186,52,Female,Skirt,Clothing,71,Ohio,L,Gold,Fall,4.7,No,Express,No,6,PayPal,Annually,Middle-aged,365,New/Low,False,False,Express,Digital Wallet,Rare,0.5107142857142857,High
3187,38,Female,Jewelry,Accessories,93,Virginia,S,Cyan,Winter,4.8,No,Store Pickup,No,43,Venmo,Annually,Adult,365,Heavy,False,False,Other,Digital Wallet,Rare,0.895,VIP
3188,67,Female,Blouse,Clothing,72,Texas,L,Indigo,Winter,3.2,No,Free Shipping,No,28,Debit Card,Weekly,Senior,7,Established,False,False,Standard,Card,Very Frequent,0.5228571428571429,High
3189,42,Female,Blouse,Clothing,59,Vermont,M,Lavender,Winter,3.5,No,Standard,No,39,Bank Transfer,Monthly,Adult,30,Established,False,False,Standard,Other,Frequent,0.5664285714285714,High
3190,25,Female,Boots,Footwear,87,Kansas,M,Beige,Summer,4.2,No,Store Pickup,No,30,PayPal,Bi-Weekly,Young Adult,14,Established,False,False,Other,Digital Wallet,Frequent,0.7121428571428572,VIP
3191,41,Female,Jeans,Clothing,78,California,S,Purple,Fall,3.4,No,Free Shipping,No,5,Credit Card,Fortnightly,Adult,14,New/Low,False,False,Standard,Card,Frequent,0.4085714285714286,Mid
3192,62,Female,Hoodie,Clothing,68,Mississippi,XL,Maroon,Winter,4.7,No,Store Pickup,No,42,Credit Card,Every 3 Months,Senior,90,Heavy,False,False,Other,Card,Occasional,0.7528571428571429,VIP
3193,19,Female,Sweater,Clothing,76,Iowa,S,Maroon,Fall,3.0,No,Free Shipping,No,20,Cash,Fortnightly,Young Adult,14,Emerging,False,False,Standard,Cash,Frequent,0.4657142857142857,Mid
3194,63,Female,Gloves,Accessories,99,Virginia,L,Teal,Winter,4.0,No,Express,No,35,Credit Card,Fortnightly,Senior,14,Established,False,False,Express,Card,Frequent,0.7878571428571429,VIP
3195,43,Female,Sneakers,Footwear,52,Maryland,L,Gold,Summer,4.6,No,Standard,No,10,Credit Card,Bi-Weekly,Adult,14,New/Low,False,False,Standard,Card,Frequent,0.4342857142857143,Mid
3196,68,Female,Sunglasses,Accessories,58,Missouri,S,Red,Spring,4.9,No,Next Day Air,No,36,Credit Card,Quarterly,Senior,90,Established,False,False,Express,Card,Occasional,0.68,VIP
3197,24,Female,Belt,Accessories,59,Wisconsin,L,Maroon,Winter,2.8,No,Express,No,21,Debit Card,Fortnightly,Young Adult,14,Emerging,False,False,Express,Card,Frequent,0.3678571428571428,Mid
3198,27,Female,Sweater,Clothing,71,Maine,M,Teal,Spring,3.2,No,Free Shipping,No,29,Credit Card,Every 3 Months,Young Adult,90,Established,False,False,Standard,Card,Occasional,0.525,High
3199,61,Female,Gloves,Accessories,94,Pennsylvania,L,Peach,Winter,2.8,No,Free Shipping,No,39,Debit Card,Weekly,Senior,7,Established,False,False,Standard,Card,Very Frequent,0.6714285714285715,VIP
3200,59,Female,Handbag,Accessories,40,Maine,XL,Pink,Winter,4.2,No,Express,No,16,PayPal,Monthly,Senior,30,Emerging,False,False,Express,Digital Wallet,Frequent,0.3771428571428571,Mid
3201,67,Female,Socks,Clothing,24,Missouri,L,Black,Spring,4.8,No,Free Shipping,No,32,Credit Card,Monthly,Senior,30,Established,False,False,Standard,Card,Frequent,0.4714285714285714,Mid
3202,46,Female,Pants,Clothing,38,Vermont,S,Indigo,Fall,2.8,No,2-Day Shipping,No,34,Cash,Monthly,Middle-aged,30,Established,False,False,Standard,Cash,Frequent,0.35571428571428565,Mid
3203,65,Female,Scarf,Accessories,37,Wisconsin,L,Green,Fall,4.5,No,Standard,No,38,Venmo,Annually,Senior,365,Established,False,False,Standard,Digital Wallet,Rare,0.5492857142857143,High
3204,63,Female,Coat,Outerwear,29,New Jersey,L,Teal,Spring,4.1,No,Express,No,14,Venmo,Annually,Senior,365,Emerging,False,False,Express,Digital Wallet,Rare,0.2978571428571428,Low
3205,57,Female,Jacket,Outerwear,92,New Mexico,XL,Lavender,Fall,4.3,No,Free Shipping,No,23,Debit Card,Bi-Weekly,Middle-aged,14,Emerging,False,False,Standard,Card,Frequent,0.6971428571428571,VIP
3206,40,Female,Hoodie,Clothing,24,Colorado,XL,Magenta,Fall,4.4,No,2-Day Shipping,No,50,Bank Transfer,Every 3 Months,Adult,90,Heavy,False,False,Standard,Other,Occasional,0.56,High
3207,36,Female,Boots,Footwear,52,California,M,Brown,Winter,3.0,No,Free Shipping,No,49,PayPal,Monthly,Adult,30,Heavy,False,False,Standard,Digital Wallet,Frequent,0.5528571428571429,High
3208,67,Female,Socks,Clothing,29,Arizona,XL,Beige,Summer,2.7,No,Next Day Air,No,14,PayPal,Annually,Senior,365,Emerging,False,False,Express,Digital Wallet,Rare,0.1578571428571429,Low
3209,61,Female,Jewelry,Accessories,30,Indiana,L,Indigo,Winter,3.3,No,2-Day Shipping,No,42,PayPal,Weekly,Senior,7,Heavy,False,False,Standard,Digital Wallet,Very Frequent,0.4228571428571428,Mid
3210,64,Female,Shoes,Footwear,31,Arkansas,L,Peach,Fall,4.3,No,Standard,No,39,Debit Card,Annually,Senior,365,Established,False,False,Standard,Card,Rare,0.5064285714285715,High
3211,30,Female,Socks,Clothing,67,Nevada,M,Magenta,Summer,2.9,No,Express,No,43,Venmo,Bi-Weekly,Young Adult,14,Heavy,False,False,Express,Digital Wallet,Frequent,0.5750000000000001,High
3212,53,Female,Pants,Clothing,65,Rhode Island,L,Turquoise,Winter,4.9,No,Standard,No,12,Cash,Monthly,Middle-aged,30,Emerging,False,False,Standard,Cash,Frequent,0.5435714285714286,High
3213,27,Female,Sneakers,Footwear,22,Wyoming,M,Indigo,Winter,3.6,No,2-Day Shipping,No,21,Debit Card,Weekly,Young Adult,7,Emerging,False,False,Standard,Card,Very Frequent,0.2628571428571429,Low
3214,27,Female,Sunglasses,Accessories,56,Texas,M,Brown,Winter,3.3,No,Standard,No,33,Credit Card,Monthly,Young Adult,30,Established,False,False,Standard,Card,Frequent,0.48857142857142855,High
3215,53,Female,Skirt,Clothing,78,Washington,M,Yellow,Spring,3.1,No,Free Shipping,No,6,Debit Card,Annually,Middle-aged,365,New/Low,False,False,Standard,Card,Rare,0.3857142857142857,Mid
3216,34,Female,Coat,Outerwear,90,Rhode Island,M,Magenta,Summer,2.7,No,Free Shipping,No,10,PayPal,Every 3 Months,Adult,90,New/Low,False,False,Standard,Digital Wallet,Occasional,0.43428571428571433,Mid
3217,39,Female,Hoodie,Clothing,85,Illinois,S,Olive,Winter,3.4,No,Next Day Air,No,18,Cash,Weekly,Adult,7,Emerging,False,False,Express,Cash,Very Frequent,0.5364285714285714,High
3218,44,Female,Sunglasses,Accessories,58,Oregon,M,Silver,Fall,3.4,No,Express,No,46,Venmo,Weekly,Adult,7,Heavy,False,False,Express,Digital Wallet,Very Frequent,0.6014285714285713,VIP
3219,37,Female,Skirt,Clothing,34,Florida,M,Teal,Fall,3.9,No,Express,No,49,PayPal,Monthly,Adult,30,Heavy,False,False,Express,Digital Wallet,Frequent,0.5528571428571428,High
3220,57,Female,Coat,Outerwear,40,Kansas,L,White,Summer,3.5,No,2-Day Shipping,No,39,Credit Card,Weekly,Middle-aged,7,Established,False,False,Standard,Card,Very Frequent,0.4714285714285714,Mid
3221,38,Female,Handbag,Accessories,29,North Dakota,M,Blue,Fall,4.1,No,Free Shipping,No,16,Cash,Monthly,Adult,30,Emerging,False,False,Standard,Cash,Frequent,0.3121428571428571,Low
3222,21,Female,T-shirt,Clothing,76,New Hampshire,M,Yellow,Winter,3.2,No,Standard,No,28,Cash,Annually,Young Adult,365,Established,False,False,Standard,Cash,Rare,0.5428571428571428,High
3223,45,Female,Sunglasses,Accessories,84,Texas,S,Maroon,Fall,4.6,No,Store Pickup,No,22,PayPal,Quarterly,Middle-aged,90,Emerging,False,False,Other,Digital Wallet,Occasional,0.68,VIP
3224,68,Female,Shirt,Clothing,65,Montana,S,Gray,Spring,3.9,No,Standard,No,36,Venmo,Bi-Weekly,Senior,14,Established,False,False,Standard,Digital Wallet,Frequent,0.615,VIP
3225,37,Female,Hoodie,Clothing,80,Delaware,L,Indigo,Winter,2.7,No,Free Shipping,No,18,PayPal,Monthly,Adult,30,Emerging,False,False,Standard,Digital Wallet,Frequent,0.4414285714285715,Mid
3226,53,Female,Blouse,Clothing,98,New Hampshire,M,Pink,Fall,3.0,No,Store Pickup,No,31,Credit Card,Weekly,Middle-aged,7,Established,False,False,Other,Card,Very Frequent,0.6542857142857144,VIP
3227,57,Female,Sneakers,Footwear,71,Minnesota,XL,Beige,Spring,3.3,No,Next Day Air,No,38,Bank Transfer,Fortnightly,Middle-aged,14,Established,False,False,Express,Other,Frequent,0.5992857142857142,VIP
3228,28,Female,Scarf,Accessories,69,Alaska,XL,White,Fall,2.7,No,Free Shipping,No,42,Debit Card,Quarterly,Young Adult,90,Heavy,False,False,Standard,Card,Occasional,0.5578571428571429,High
3229,37,Female,Jewelry,Accessories,95,Connecticut,M,Yellow,Spring,4.6,No,2-Day Shipping,No,27,PayPal,Annually,Adult,365,Established,False,False,Standard,Digital Wallet,Rare,0.7707142857142857,VIP
3230,54,Female,Pants,Clothing,67,Connecticut,M,Teal,Fall,2.7,No,Express,No,24,Cash,Monthly,Middle-aged,30,Emerging,False,False,Express,Cash,Frequent,0.4192857142857143,Mid
3231,49,Female,Sneakers,Footwear,49,Kansas,M,Olive,Summer,2.5,No,Next Day Air,No,38,Debit Card,Annually,Middle-aged,365,Established,False,False,Express,Card,Rare,0.40928571428571425,Mid
3232,62,Female,Shoes,Footwear,97,Nevada,M,Maroon,Winter,4.4,No,Free Shipping,No,9,Credit Card,Annually,Senior,365,New/Low,False,False,Standard,Card,Rare,0.6321428571428572,VIP
3233,45,Female,T-shirt,Clothing,34,Massachusetts,M,White,Spring,4.0,No,Next Day Air,No,19,Bank Transfer,Monthly,Middle-aged,30,Emerging,False,False,Express,Other,Frequent,0.34857142857142853,Low
3234,45,Female,Belt,Accessories,74,Indiana,M,Lavender,Fall,3.8,No,Express,No,11,Debit Card,Bi-Weekly,Middle-aged,14,Emerging,False,False,Express,Card,Frequent,0.4714285714285714,Mid
3235,49,Female,Jewelry,Accessories,96,Washington,M,Black,Winter,2.5,No,2-Day Shipping,No,16,Debit Card,Quarterly,Middle-aged,90,Emerging,False,False,Standard,Card,Occasional,0.48714285714285716,High
3236,27,Female,Belt,Accessories,68,Kansas,M,Green,Summer,4.0,No,Free Shipping,No,18,Venmo,Monthly,Young Adult,30,Emerging,False,False,Standard,Digital Wallet,Frequent,0.5114285714285715,High
3237,63,Female,Belt,Accessories,84,South Carolina,L,Olive,Fall,4.1,No,Next Day Air,No,8,Cash,Monthly,Senior,30,New/Low,False,False,Express,Cash,Frequent,0.53,High
3238,61,Female,T-shirt,Clothing,57,Vermont,M,Gray,Summer,2.8,No,Express,No,4,Cash,Weekly,Senior,7,New/Low,False,False,Express,Cash,Very Frequent,0.23642857142857143,Low
3239,25,Female,Sneakers,Footwear,84,Wyoming,XL,Teal,Fall,3.4,No,2-Day Shipping,No,37,Cash,Quarterly,Young Adult,90,Established,False,False,Standard,Cash,Occasional,0.6671428571428571,VIP
3240,33,Female,Sunglasses,Accessories,32,Colorado,M,Charcoal,Fall,2.7,No,2-Day Shipping,No,30,Cash,Monthly,Adult,30,Established,False,False,Standard,Cash,Frequent,0.28714285714285714,Low
3241,56,Female,Sandals,Footwear,37,West Virginia,M,Violet,Fall,3.8,No,2-Day Shipping,No,37,Bank Transfer,Monthly,Middle-aged,30,Established,False,False,Standard,Other,Frequent,0.4721428571428571,High
3242,50,Female,Handbag,Accessories,58,Connecticut,M,Lavender,Summer,4.4,No,Store Pickup,No,30,PayPal,Quarterly,Middle-aged,90,Established,False,False,Other,Digital Wallet,Occasional,0.5871428571428572,High
3243,45,Female,Socks,Clothing,74,Oregon,S,Beige,Fall,2.8,No,Express,No,17,Venmo,Weekly,Middle-aged,7,Emerging,False,False,Express,Digital Wallet,Very Frequent,0.41428571428571426,Mid
3244,45,Female,Hoodie,Clothing,99,Idaho,L,Black,Summer,5.0,No,Store Pickup,No,11,Bank Transfer,Every 3 Months,Middle-aged,90,Emerging,False,False,Other,Other,Occasional,0.7164285714285714,VIP
3245,65,Female,Sweater,Clothing,81,Arkansas,M,Black,Fall,4.7,No,Express,No,42,Credit Card,Annually,Senior,365,Heavy,False,False,Express,Card,Rare,0.8178571428571428,VIP
3246,63,Female,Pants,Clothing,76,Kansas,M,Purple,Fall,3.2,No,Next Day Air,No,20,Cash,Weekly,Senior,7,Emerging,False,False,Express,Cash,Very Frequent,0.4857142857142857,High
3247,70,Female,Sneakers,Footwear,98,Michigan,M,Magenta,Summer,2.9,No,Store Pickup,No,37,Cash,Monthly,Senior,30,Established,False,False,Other,Cash,Frequent,0.6871428571428572,VIP
3248,53,Female,Gloves,Accessories,91,Arkansas,M,Teal,Summer,3.7,No,Express,No,12,PayPal,Fortnightly,Middle-aged,14,Emerging,False,False,Express,Digital Wallet,Frequent,0.5535714285714286,High
3249,22,Female,T-shirt,Clothing,79,Pennsylvania,S,Teal,Summer,4.2,No,Free Shipping,No,41,Bank Transfer,Quarterly,Young Adult,90,Heavy,False,False,Standard,Other,Occasional,0.7507142857142858,VIP
3250,26,Female,Backpack,Accessories,83,Virginia,M,Pink,Summer,3.4,No,Express,No,32,Credit Card,Quarterly,Young Adult,90,Established,False,False,Express,Card,Occasional,0.6264285714285714,VIP
3251,23,Female,Coat,Outerwear,90,Minnesota,M,Teal,Spring,2.9,No,2-Day Shipping,No,15,Venmo,Weekly,Young Adult,7,Emerging,False,False,Standard,Digital Wallet,Very Frequent,0.49,High
3252,25,Female,Coat,Outerwear,20,Nevada,M,Gold,Winter,3.7,No,Standard,No,39,Venmo,Quarterly,Young Adult,90,Established,False,False,Standard,Digital Wallet,Occasional,0.39142857142857146,Mid
3253,69,Female,Sandals,Footwear,21,Montana,L,Brown,Spring,2.7,No,Store Pickup,No,48,Credit Card,Fortnightly,Senior,14,Heavy,False,False,Other,Card,Frequent,0.3607142857142857,Mid
3254,36,Female,Backpack,Accessories,60,Nebraska,M,Brown,Fall,3.2,No,2-Day Shipping,No,8,Venmo,Fortnightly,Adult,14,New/Low,False,False,Standard,Digital Wallet,Frequent,0.32,Low
3255,21,Female,Sweater,Clothing,31,Indiana,S,Magenta,Winter,4.9,No,Store Pickup,No,11,Bank Transfer,Every 3 Months,Young Adult,90,Emerging,False,False,Other,Other,Occasional,0.3664285714285715,Mid
3256,57,Female,Shorts,Clothing,40,New Jersey,M,Black,Fall,2.8,No,Next Day Air,No,36,Bank Transfer,Monthly,Middle-aged,30,Established,False,False,Express,Other,Frequent,0.37999999999999995,Mid
3257,60,Female,Sunglasses,Accessories,26,Wisconsin,L,Teal,Winter,4.7,No,Free Shipping,No,50,Venmo,Every 3 Months,Senior,90,Heavy,False,False,Standard,Digital Wallet,Occasional,0.6000000000000001,VIP
3258,44,Female,Shirt,Clothing,98,Minnesota,M,Brown,Fall,3.3,No,Express,No,39,Venmo,Every 3 Months,Adult,90,Established,False,False,Express,Digital Wallet,Occasional,0.7414285714285714,VIP
3259,31,Female,Shoes,Footwear,51,New Jersey,M,Magenta,Spring,4.3,No,Express,No,11,Credit Card,Bi-Weekly,Young Adult,14,Emerging,False,False,Express,Card,Frequent,0.4064285714285715,Mid
3260,57,Female,Hat,Accessories,95,Oklahoma,XL,Indigo,Fall,3.7,No,2-Day Shipping,No,5,Debit Card,Every 3 Months,Middle-aged,90,New/Low,False,False,Standard,Card,Occasional,0.5235714285714286,High
3261,39,Female,Scarf,Accessories,36,Wisconsin,M,Violet,Summer,4.5,No,2-Day Shipping,No,7,Credit Card,Annually,Adult,365,New/Low,False,False,Standard,Card,Rare,0.32285714285714284,Low
3262,48,Female,Belt,Accessories,52,Rhode Island,L,Cyan,Winter,3.4,No,Store Pickup,No,50,Debit Card,Weekly,Middle-aged,7,Heavy,False,False,Other,Card,Very Frequent,0.6,VIP
3263,42,Female,T-shirt,Clothing,35,Indiana,M,Violet,Spring,2.7,No,Standard,No,21,Cash,Every 3 Months,Adult,90,Emerging,False,False,Standard,Cash,Occasional,0.23785714285714288,Low
3264,56,Female,Shorts,Clothing,68,Vermont,S,Black,Fall,4.4,No,Express,No,31,Debit Card,Fortnightly,Middle-aged,14,Established,False,False,Express,Card,Frequent,0.6442857142857144,VIP
3265,28,Female,Pants,Clothing,50,Maine,S,Charcoal,Winter,4.0,No,Express,No,39,Cash,Bi-Weekly,Young Adult,14,Established,False,False,Express,Cash,Frequent,0.5714285714285714,High
3266,40,Female,Sunglasses,Accessories,100,Alabama,M,White,Winter,3.2,No,Express,No,28,Credit Card,Fortnightly,Adult,14,Established,False,False,Express,Card,Frequent,0.6628571428571429,VIP
3267,49,Female,Coat,Outerwear,74,Alabama,S,Gray,Winter,4.2,No,Next Day Air,No,33,Bank Transfer,Weekly,Middle-aged,7,Established,False,False,Express,Other,Very Frequent,0.6685714285714286,VIP
3268,37,Female,Hoodie,Clothing,45,Idaho,L,Pink,Winter,3.0,No,Store Pickup,No,42,Credit Card,Quarterly,Adult,90,Heavy,False,False,Other,Card,Occasional,0.46785714285714286,Mid
3269,22,Female,Dress,Clothing,97,Arkansas,M,Cyan,Fall,2.8,No,Free Shipping,No,5,Bank Transfer,Every 3 Months,Young Adult,90,New/Low,False,False,Standard,Other,Occasional,0.44357142857142856,Mid
3270,27,Female,Blouse,Clothing,60,Ohio,M,Blue,Winter,4.9,No,Express,No,25,Cash,Monthly,Young Adult,30,Emerging,False,False,Express,Cash,Frequent,0.6114285714285714,VIP
3271,59,Female,Socks,Clothing,25,Illinois,M,Indigo,Winter,4.7,No,Express,No,48,PayPal,Annually,Senior,365,Heavy,False,False,Express,Digital Wallet,Rare,0.5807142857142857,High
3272,35,Female,Socks,Clothing,55,Nevada,XL,Magenta,Spring,4.4,No,Standard,No,30,Credit Card,Weekly,Adult,7,Established,False,False,Standard,Card,Very Frequent,0.5721428571428572,High
3273,58,Female,Shoes,Footwear,99,Texas,M,Lavender,Winter,3.1,No,Next Day Air,No,34,PayPal,Quarterly,Senior,90,Established,False,False,Express,Digital Wallet,Occasional,0.6907142857142857,VIP
3274,58,Female,Belt,Accessories,45,Nevada,S,Orange,Summer,2.6,No,Free Shipping,No,34,PayPal,Every 3 Months,Senior,90,Established,False,False,Standard,Digital Wallet,Occasional,0.37071428571428566,Mid
3275,46,Female,Sweater,Clothing,20,Oklahoma,M,Cyan,Spring,3.9,No,Store Pickup,No,14,Cash,Fortnightly,Middle-aged,14,Emerging,False,False,Other,Cash,Frequent,0.23285714285714285,Low
3276,43,Female,Pants,Clothing,88,Alabama,XL,Green,Summer,2.6,No,2-Day Shipping,No,2,Debit Card,Weekly,Adult,7,New/Low,False,False,Standard,Card,Very Frequent,0.35714285714285715,Mid
3277,39,Female,Scarf,Accessories,99,South Dakota,M,White,Summer,4.0,No,Store Pickup,No,41,PayPal,Every 3 Months,Adult,90,Heavy,False,False,Other,Digital Wallet,Occasional,0.8307142857142857,VIP
3278,59,Female,Skirt,Clothing,86,Texas,M,Blue,Spring,4.9,No,Store Pickup,No,3,Credit Card,Monthly,Senior,30,New/Low,False,False,Other,Card,Frequent,0.5842857142857143,High
3279,59,Female,Dress,Clothing,70,Montana,M,Black,Summer,3.3,No,2-Day Shipping,No,18,Bank Transfer,Weekly,Senior,7,Emerging,False,False,Standard,Other,Very Frequent,0.4514285714285714,Mid
3280,59,Female,Hat,Accessories,50,Wyoming,S,Red,Fall,3.0,No,Express,No,1,Debit Card,Fortnightly,Senior,14,New/Low,False,False,Express,Card,Frequent,0.2,Low
3281,45,Female,Handbag,Accessories,57,New York,L,Red,Winter,2.7,No,Next Day Air,No,5,PayPal,Monthly,Middle-aged,30,New/Low,False,False,Express,Digital Wallet,Frequent,0.2335714285714286,Low
3282,27,Female,Pants,Clothing,69,Oregon,L,Gold,Winter,3.1,No,Free Shipping,No,41,Bank Transfer,Annually,Young Adult,365,Heavy,False,False,Standard,Other,Rare,0.5907142857142857,High
3283,24,Female,T-shirt,Clothing,94,California,M,Red,Fall,4.8,No,Next Day Air,No,5,Credit Card,Monthly,Young Adult,30,New/Low,False,False,Express,Card,Frequent,0.6285714285714286,VIP
3284,47,Female,Jacket,Outerwear,24,North Carolina,L,Purple,Spring,2.9,No,Express,No,10,Debit Card,Every 3 Months,Middle-aged,90,New/Low,False,False,Express,Card,Occasional,0.12428571428571428,Low
3285,70,Female,Scarf,Accessories,79,Kentucky,L,White,Spring,4.5,No,2-Day Shipping,No,20,Venmo,Annually,Senior,365,Emerging,False,False,Standard,Digital Wallet,Rare,0.6307142857142858,VIP
3286,58,Female,Hat,Accessories,31,Hawaii,XL,Magenta,Fall,4.6,No,Free Shipping,No,11,Cash,Weekly,Senior,7,Emerging,False,False,Standard,Cash,Very Frequent,0.3364285714285714,Low
3287,45,Female,Jacket,Outerwear,67,Illinois,L,Pink,Winter,5.0,No,Express,No,4,Venmo,Fortnightly,Middle-aged,14,New/Low,False,False,Express,Digital Wallet,Frequent,0.5064285714285715,High
3288,24,Female,Skirt,Clothing,63,West Virginia,L,Black,Spring,4.3,No,2-Day Shipping,No,38,Credit Card,Weekly,Young Adult,7,Established,False,False,Standard,Card,Very Frequent,0.6592857142857143,VIP
3289,67,Female,Handbag,Accessories,61,South Carolina,XL,White,Spring,4.9,No,Next Day Air,No,19,Credit Card,Bi-Weekly,Senior,14,Emerging,False,False,Express,Card,Frequent,0.5735714285714286,High
3290,31,Female,Backpack,Accessories,50,Montana,M,Maroon,Summer,4.0,No,2-Day Shipping,No,16,Venmo,Every 3 Months,Young Adult,90,Emerging,False,False,Standard,Digital Wallet,Occasional,0.40714285714285714,Mid
3291,52,Female,Coat,Outerwear,82,North Dakota,L,Black,Spring,3.1,No,Free Shipping,No,2,PayPal,Monthly,Middle-aged,30,New/Low,False,False,Standard,Digital Wallet,Frequent,0.37714285714285717,Mid
3292,29,Female,Belt,Accessories,51,New Mexico,L,Olive,Fall,2.6,No,2-Day Shipping,No,11,Cash,Monthly,Young Adult,30,Emerging,False,False,Standard,Cash,Frequent,0.23642857142857146,Low
3293,62,Female,Handbag,Accessories,23,Missouri,L,Gray,Spring,4.9,No,Standard,No,18,Bank Transfer,Fortnightly,Senior,14,Emerging,False,False,Standard,Other,Frequent,0.37642857142857145,Mid
3294,19,Female,Coat,Outerwear,91,West Virginia,M,Gold,Spring,3.5,No,2-Day Shipping,No,47,Credit Card,Fortnightly,Young Adult,14,Heavy,False,False,Standard,Card,Frequent,0.7835714285714285,VIP
3295,62,Female,Sweater,Clothing,60,South Carolina,S,Magenta,Spring,4.5,No,Store Pickup,No,15,Bank Transfer,Bi-Weekly,Senior,14,Emerging,False,False,Other,Other,Frequent,0.5,High
3296,70,Female,Blouse,Clothing,34,West Virginia,S,Lavender,Summer,2.8,No,Next Day Air,No,15,Cash,Weekly,Senior,7,Emerging,False,False,Express,Cash,Very Frequent,0.19999999999999996,Low
3297,20,Female,Blouse,Clothing,23,Alaska,M,Green,Spring,4.2,No,Next Day Air,No,47,Venmo,Quarterly,Young Adult,90,Heavy,False,False,Express,Digital Wallet,Occasional,0.5135714285714286,High
3298,67,Female,Belt,Accessories,82,West Virginia,M,Violet,Fall,4.1,No,Free Shipping,No,47,PayPal,Monthly,Senior,30,Heavy,False,False,Standard,Digital Wallet,Frequent,0.7985714285714285,VIP
3299,65,Female,Jacket,Outerwear,73,New Mexico,M,Brown,Fall,3.5,No,Express,No,6,Bank Transfer,Every 3 Months,Senior,90,New/Low,False,False,Express,Other,Occasional,0.4007142857142857,Mid
3300,45,Female,Shorts,Clothing,32,South Dakota,L,Teal,Spring,4.0,No,2-Day Shipping,No,18,Venmo,Monthly,Middle-aged,30,Emerging,False,False,Standard,Digital Wallet,Frequent,0.3314285714285714,Low
3301,26,Female,Hat,Accessories,80,Oklahoma,M,Charcoal,Spring,4.0,No,Express,No,40,Bank Transfer,Bi-Weekly,Young Adult,14,Established,False,False,Express,Other,Frequent,0.7285714285714285,VIP
3302,36,Female,Pants,Clothing,58,Oklahoma,XL,Charcoal,Summer,2.5,No,Free Shipping,No,31,Credit Card,Fortnightly,Adult,14,Established,False,False,Standard,Card,Frequent,0.40428571428571425,Mid
3303,36,Female,Blouse,Clothing,82,Alabama,XL,Beige,Winter,4.2,No,Standard,No,31,Venmo,Bi-Weekly,Adult,14,Established,False,False,Standard,Digital Wallet,Frequent,0.6942857142857144,VIP
3304,20,Female,Belt,Accessories,60,Mississippi,S,Turquoise,Summer,3.4,No,Next Day Air,No,4,Credit Card,Fortnightly,Young Adult,14,New/Low,False,False,Express,Card,Frequent,0.31142857142857144,Low
3305,30,Female,Handbag,Accessories,79,Mississippi,XL,Orange,Fall,4.8,No,Next Day Air,No,36,Bank Transfer,Every 3 Months,Young Adult,90,Established,False,False,Express,Other,Occasional,0.775,VIP
3306,34,Female,Hoodie,Clothing,41,Nebraska,L,Cyan,Summer,4.9,No,Standard,No,31,PayPal,Bi-Weekly,Adult,14,Established,False,False,Standard,Digital Wallet,Frequent,0.5592857142857144,High
3307,63,Female,Jacket,Outerwear,39,Colorado,L,Orange,Summer,3.6,No,Store Pickup,No,6,Venmo,Fortnightly,Senior,14,New/Low,False,False,Other,Digital Wallet,Frequent,0.24071428571428574,Low
3308,18,Female,Scarf,Accessories,36,Pennsylvania,S,Green,Winter,4.0,No,Store Pickup,No,1,Cash,Monthly,Young Adult,30,New/Low,False,False,Other,Cash,Frequent,0.23,Low
3309,55,Female,Jeans,Clothing,70,Utah,M,Pink,Fall,2.6,No,Express,No,29,Cash,Monthly,Middle-aged,30,Established,False,False,Express,Cash,Frequent,0.45999999999999996,Mid
3310,48,Female,Handbag,Accessories,47,Massachusetts,M,Blue,Summer,3.1,No,Store Pickup,No,19,PayPal,Monthly,Middle-aged,30,Emerging,False,False,Other,Digital Wallet,Frequent,0.32357142857142857,Low
3311,45,Female,Jacket,Outerwear,27,Iowa,M,Pink,Winter,3.6,No,Free Shipping,No,12,PayPal,Fortnightly,Middle-aged,14,Emerging,False,False,Standard,Digital Wallet,Frequent,0.2235714285714286,Low
3312,29,Female,Hat,Accessories,52,Florida,L,Blue,Summer,4.0,No,Express,No,18,Bank Transfer,Annually,Young Adult,365,Emerging,False,False,Express,Other,Rare,0.4314285714285715,Mid
3313,55,Female,Sneakers,Footwear,75,Louisiana,L,Black,Summer,3.9,No,Next Day Air,No,45,Cash,Quarterly,Middle-aged,90,Heavy,False,False,Express,Cash,Occasional,0.7292857142857143,VIP
3314,55,Female,Hat,Accessories,30,Kansas,XL,Black,Fall,3.9,No,Express,No,45,Credit Card,Monthly,Middle-aged,30,Heavy,False,False,Express,Card,Frequent,0.5042857142857142,High
3315,55,Female,Socks,Clothing,94,Kansas,M,Violet,Spring,3.3,No,Standard,No,8,Credit Card,Quarterly,Middle-aged,90,New/Low,False,False,Standard,Card,Occasional,0.5,High
3316,48,Female,Scarf,Accessories,68,Kentucky,S,Gold,Summer,2.9,No,Standard,No,4,PayPal,Every 3 Months,Middle-aged,90,New/Low,False,False,Standard,Digital Wallet,Occasional,0.3014285714285714,Low
3317,42,Female,Socks,Clothing,45,New Mexico,M,Olive,Summer,3.1,No,Free Shipping,No,5,Debit Card,Fortnightly,Adult,14,New/Low,False,False,Standard,Card,Frequent,0.21357142857142858,Low
3318,21,Female,Hat,Accessories,67,North Carolina,XL,Pink,Summer,4.7,No,Standard,No,30,Cash,Quarterly,Young Adult,90,Established,False,False,Standard,Cash,Occasional,0.6621428571428571,VIP
3319,45,Female,Jacket,Outerwear,46,North Dakota,M,Olive,Summer,3.9,No,Free Shipping,No,15,PayPal,Monthly,Middle-aged,30,Emerging,False,False,Standard,Digital Wallet,Frequent,0.37,Mid
3320,23,Female,Shorts,Clothing,31,North Dakota,M,Indigo,Summer,4.3,No,Next Day Air,No,17,Credit Card,Every 3 Months,Young Adult,90,Emerging,False,False,Express,Card,Occasional,0.34928571428571425,Low
3321,66,Female,Blouse,Clothing,44,Illinois,XL,Silver,Fall,4.2,No,2-Day Shipping,No,45,Cash,Every 3 Months,Senior,90,Heavy,False,False,Standard,Cash,Occasional,0.6042857142857143,VIP
3322,32,Female,Coat,Outerwear,100,Maine,S,Charcoal,Winter,4.3,No,Next Day Air,No,3,Venmo,Annually,Adult,365,New/Low,False,False,Express,Digital Wallet,Rare,0.5942857142857143,VIP
3323,52,Female,Sweater,Clothing,92,Indiana,XL,Orange,Winter,4.6,No,Next Day Air,No,43,PayPal,Weekly,Middle-aged,7,Heavy,False,False,Express,Digital Wallet,Very Frequent,0.87,VIP
3324,54,Female,Handbag,Accessories,78,North Dakota,M,Yellow,Winter,3.8,No,Free Shipping,No,4,Credit Card,Monthly,Middle-aged,30,New/Low,False,False,Standard,Card,Frequent,0.4414285714285714,Mid
3325,37,Female,T-shirt,Clothing,32,Missouri,S,Red,Fall,3.3,No,Standard,No,41,Venmo,Weekly,Adult,7,Heavy,False,False,Standard,Digital Wallet,Very Frequent,0.4257142857142857,Mid
3326,29,Female,Sandals,Footwear,97,Alaska,M,Maroon,Fall,3.7,No,2-Day Shipping,No,16,Venmo,Monthly,Young Adult,30,Emerging,False,False,Standard,Digital Wallet,Frequent,0.6121428571428572,VIP
3327,47,Female,Gloves,Accessories,95,North Dakota,M,Magenta,Summer,4.3,No,Standard,No,10,Debit Card,Annually,Middle-aged,365,New/Low,False,False,Standard,Card,Rare,0.6192857142857142,VIP
3328,47,Female,Shorts,Clothing,64,Connecticut,M,Black,Spring,4.1,No,Express,No,2,Debit Card,Quarterly,Middle-aged,90,New/Low,False,False,Express,Card,Occasional,0.3871428571428571,Mid
3329,42,Female,Sandals,Footwear,35,Wisconsin,M,Violet,Spring,3.2,No,Free Shipping,No,11,Cash,Bi-Weekly,Adult,14,Emerging,False,False,Standard,Cash,Frequent,0.21642857142857147,Low
3330,34,Female,Backpack,Accessories,54,New Jersey,M,Gray,Winter,3.8,No,Express,No,1,Debit Card,Bi-Weekly,Adult,14,New/Low,False,False,Express,Card,Frequent,0.3,Low
3331,38,Female,Sneakers,Footwear,96,Missouri,M,Black,Spring,3.2,No,2-Day Shipping,No,41,Bank Transfer,Quarterly,Adult,90,Heavy,False,False,Standard,Other,Occasional,0.7357142857142858,VIP
3332,55,Female,Sunglasses,Accessories,58,California,M,Pink,Summer,3.5,No,Free Shipping,No,39,PayPal,Quarterly,Middle-aged,90,Established,False,False,Standard,Digital Wallet,Occasional,0.5614285714285714,High
3333,27,Female,T-shirt,Clothing,23,Washington,M,Silver,Summer,3.1,No,2-Day Shipping,No,1,PayPal,Bi-Weekly,Young Adult,14,New/Low,False,False,Standard,Digital Wallet,Frequent,0.07500000000000001,Low
3334,55,Female,Jeans,Clothing,35,Minnesota,M,Violet,Spring,4.2,No,Express,No,3,PayPal,Monthly,Middle-aged,30,New/Low,False,False,Express,Digital Wallet,Frequent,0.25928571428571434,Low
3335,66,Female,Shirt,Clothing,23,California,M,Beige,Summer,3.4,No,Free Shipping,No,21,Credit Card,Annually,Senior,365,Emerging,False,False,Standard,Card,Rare,0.24785714285714286,Low
3336,44,Female,Hat,Accessories,94,Texas,XL,Cyan,Winter,3.5,No,Express,No,48,Bank Transfer,Quarterly,Adult,90,Heavy,False,False,Express,Other,Occasional,0.8057142857142857,VIP
3337,39,Female,Blouse,Clothing,45,Montana,M,Brown,Fall,4.0,No,Free Shipping,No,24,Debit Card,Annually,Adult,365,Emerging,False,False,Standard,Card,Rare,0.4392857142857143,Mid
3338,23,Female,Jacket,Outerwear,23,Arizona,L,Blue,Winter,4.4,No,2-Day Shipping,No,45,Bank Transfer,Bi-Weekly,Young Adult,14,Heavy,False,False,Standard,Other,Frequent,0.5192857142857144,High
3339,29,Female,Skirt,Clothing,94,Minnesota,L,White,Winter,2.9,No,2-Day Shipping,No,46,Credit Card,Monthly,Young Adult,30,Heavy,False,False,Standard,Card,Frequent,0.7314285714285715,VIP
3340,20,Female,Gloves,Accessories,99,Nebraska,M,Cyan,Fall,3.6,No,Store Pickup,No,35,Cash,Fortnightly,Young Adult,14,Established,False,False,Other,Cash,Frequent,0.7478571428571429,VIP
3341,42,Female,T-shirt,Clothing,36,Virginia,XL,Maroon,Fall,4.4,No,Free Shipping,No,47,Credit Card,Fortnightly,Adult,14,Heavy,False,False,Standard,Card,Frequent,0.5985714285714286,VIP
3342,55,Female,Jacket,Outerwear,50,Connecticut,XL,Olive,Summer,4.5,No,Standard,No,35,Credit Card,Monthly,Middle-aged,30,Established,False,False,Standard,Card,Frequent,0.5928571428571429,High
3343,66,Female,Jacket,Outerwear,81,New Jersey,M,Violet,Spring,3.8,No,Free Shipping,No,45,Credit Card,Weekly,Senior,7,Heavy,False,False,Standard,Card,Very Frequent,0.7492857142857142,VIP
3344,24,Female,Shorts,Clothing,31,Kentucky,XL,Green,Winter,3.6,No,2-Day Shipping,No,6,Cash,Bi-Weekly,Young Adult,14,New/Low,False,False,Standard,Cash,Frequent,0.20071428571428573,Low
3345,62,Female,Hat,Accessories,48,Washington,XL,Magenta,Fall,4.3,No,Free Shipping,No,20,Cash,Annually,Senior,365,Emerging,False,False,Standard,Cash,Rare,0.4557142857142857,Mid
3346,28,Female,Handbag,Accessories,91,Florida,M,Turquoise,Summer,4.0,No,2-Day Shipping,No,3,Venmo,Bi-Weekly,Young Adult,14,New/Low,False,False,Standard,Digital Wallet,Frequent,0.5192857142857142,High
3347,30,Female,Jeans,Clothing,99,Oklahoma,M,Black,Summer,3.4,No,Express,No,30,Venmo,Quarterly,Young Adult,90,Established,False,False,Express,Digital Wallet,Occasional,0.6921428571428571,VIP
3348,22,Female,Shoes,Footwear,70,Iowa,XL,Cyan,Summer,4.4,No,Standard,No,28,PayPal,Bi-Weekly,Young Adult,14,Established,False,False,Standard,Digital Wallet,Frequent,0.6328571428571429,VIP
3349,28,Female,T-shirt,Clothing,74,New Hampshire,L,Gray,Winter,2.8,No,Standard,No,15,Cash,Every 3 Months,Young Adult,90,Emerging,False,False,Standard,Cash,Occasional,0.39999999999999997,Mid
3350,35,Female,Jewelry,Accessories,79,Georgia,M,Red,Fall,2.8,No,Store Pickup,No,29,PayPal,Quarterly,Adult,90,Established,False,False,Other,Digital Wallet,Occasional,0.525,High
3351,45,Female,Handbag,Accessories,33,Mississippi,S,Olive,Fall,4.9,No,2-Day Shipping,No,15,Cash,Bi-Weekly,Middle-aged,14,Emerging,False,False,Standard,Cash,Frequent,0.405,Mid
3352,43,Female,Shirt,Clothing,49,New Hampshire,L,Cyan,Spring,4.2,No,2-Day Shipping,No,18,Bank Transfer,Fortnightly,Adult,14,Emerging,False,False,Standard,Other,Frequent,0.4364285714285714,Mid
3353,55,Female,Belt,Accessories,96,Washington,M,Teal,Summer,2.9,No,Next Day Air,No,7,Bank Transfer,Bi-Weekly,Middle-aged,14,New/Low,False,False,Express,Other,Frequent,0.46285714285714286,Mid
3354,31,Female,Dress,Clothing,66,Ohio,L,Teal,Fall,4.6,No,Free Shipping,No,19,Credit Card,Every 3 Months,Young Adult,90,Emerging,False,False,Standard,Card,Occasional,0.5685714285714285,High
3355,42,Female,Skirt,Clothing,45,Maryland,M,Orange,Fall,2.8,No,Next Day Air,No,15,PayPal,Weekly,Adult,7,Emerging,False,False,Express,Digital Wallet,Very Frequent,0.25499999999999995,Low
3356,40,Female,Blouse,Clothing,28,Delaware,M,Peach,Spring,2.6,No,Store Pickup,No,3,Bank Transfer,Bi-Weekly,Adult,14,New/Low,False,False,Other,Other,Frequent,0.06428571428571431,Low
3357,39,Female,Jeans,Clothing,48,Tennessee,M,Silver,Summer,3.5,No,Store Pickup,No,13,PayPal,Bi-Weekly,Adult,14,Emerging,False,False,Other,Digital Wallet,Frequent,0.32571428571428573,Low
3358,41,Female,Hoodie,Clothing,67,Arkansas,M,Pink,Winter,3.5,No,Free Shipping,No,37,Credit Card,Monthly,Adult,30,Established,False,False,Standard,Card,Frequent,0.5921428571428571,High
3359,56,Female,T-shirt,Clothing,59,Tennessee,M,Magenta,Fall,3.4,No,2-Day Shipping,No,26,Cash,Annually,Middle-aged,365,Established,False,False,Standard,Cash,Rare,0.4635714285714285,Mid
3360,43,Female,Sunglasses,Accessories,74,New Hampshire,L,Red,Fall,3.9,No,Next Day Air,No,29,Debit Card,Monthly,Adult,30,Established,False,False,Express,Card,Frequent,0.61,VIP
3361,22,Female,Jacket,Outerwear,81,Minnesota,M,Maroon,Spring,3.3,No,2-Day Shipping,No,47,Cash,Every 3 Months,Young Adult,90,Heavy,False,False,Standard,Cash,Occasional,0.7135714285714285,VIP
3362,47,Female,Shoes,Footwear,26,Florida,M,Silver,Spring,4.1,No,Free Shipping,No,47,Credit Card,Bi-Weekly,Middle-aged,14,Heavy,False,False,Standard,Card,Frequent,0.5185714285714285,High
3363,50,Female,Handbag,Accessories,61,Tennessee,M,Gray,Summer,3.0,No,Next Day Air,No,48,Venmo,Fortnightly,Middle-aged,14,Heavy,False,False,Express,Digital Wallet,Frequent,0.5907142857142857,High
3364,58,Female,Sweater,Clothing,23,California,M,Turquoise,Winter,3.0,No,Next Day Air,No,46,Bank Transfer,Bi-Weekly,Senior,14,Heavy,False,False,Express,Other,Frequent,0.3864285714285714,Mid
3365,50,Female,Scarf,Accessories,33,Oregon,M,Peach,Fall,3.2,No,Standard,No,7,Credit Card,Monthly,Middle-aged,30,New/Low,False,False,Standard,Card,Frequent,0.17785714285714288,Low
3366,43,Female,Skirt,Clothing,58,Tennessee,L,Teal,Fall,3.9,No,Express,No,45,Credit Card,Every 3 Months,Adult,90,Heavy,False,False,Express,Card,Occasional,0.6442857142857142,VIP
3367,38,Female,Gloves,Accessories,65,North Carolina,M,Red,Spring,3.6,No,2-Day Shipping,No,47,Debit Card,Quarterly,Adult,90,Heavy,False,False,Standard,Card,Occasional,0.6635714285714286,VIP
3368,44,Female,T-shirt,Clothing,48,Tennessee,M,Blue,Summer,3.1,No,Store Pickup,No,6,Venmo,Fortnightly,Adult,14,New/Low,False,False,Other,Digital Wallet,Frequent,0.2357142857142857,Low
3369,30,Female,Sandals,Footwear,25,Nebraska,M,Blue,Spring,4.8,No,Express,No,29,Bank Transfer,Every 3 Months,Young Adult,90,Established,False,False,Express,Other,Occasional,0.45499999999999996,Mid
3370,47,Female,Sweater,Clothing,51,Maine,M,Indigo,Winter,3.8,No,2-Day Shipping,No,42,Cash,Monthly,Middle-aged,30,Heavy,False,False,Standard,Cash,Frequent,0.5778571428571428,High
3371,30,Female,Belt,Accessories,31,Illinois,M,Charcoal,Summer,2.8,No,Store Pickup,No,46,Cash,Fortnightly,Young Adult,14,Heavy,False,False,Other,Cash,Frequent,0.40642857142857136,Mid
3372,49,Female,Hoodie,Clothing,99,Colorado,S,Turquoise,Winter,4.0,No,Next Day Air,No,28,PayPal,Annually,Middle-aged,365,Established,False,False,Express,Digital Wallet,Rare,0.7378571428571429,VIP
3373,56,Female,Socks,Clothing,25,Pennsylvania,M,Maroon,Winter,4.6,No,Free Shipping,No,14,Credit Card,Every 3 Months,Middle-aged,90,Emerging,False,False,Standard,Card,Occasional,0.32785714285714285,Low
3374,70,Female,Sandals,Footwear,52,Minnesota,M,Purple,Spring,3.5,No,Store Pickup,No,12,Debit Card,Every 3 Months,Senior,90,Emerging,False,False,Other,Card,Occasional,0.33857142857142863,Low
3375,22,Female,Blouse,Clothing,47,Nevada,S,Lavender,Spring,3.7,No,2-Day Shipping,No,41,Debit Card,Annually,Young Adult,365,Heavy,False,False,Standard,Card,Rare,0.5407142857142857,High
3376,51,Female,Boots,Footwear,98,Connecticut,XL,Yellow,Fall,4.9,No,Express,No,8,Credit Card,Annually,Middle-aged,365,New/Low,False,False,Express,Card,Rare,0.68,VIP
3377,22,Female,Hat,Accessories,46,Ohio,M,Green,Winter,4.1,No,Store Pickup,No,24,Cash,Quarterly,Young Adult,90,Emerging,False,False,Other,Cash,Occasional,0.45428571428571424,Mid
3378,37,Female,Shirt,Clothing,32,Kentucky,M,Yellow,Winter,4.6,No,Next Day Air,No,18,PayPal,Fortnightly,Adult,14,Emerging,False,False,Express,Digital Wallet,Frequent,0.39142857142857135,Mid
3379,49,Female,Shorts,Clothing,75,Minnesota,L,Gold,Fall,4.5,No,Next Day Air,No,6,Cash,Quarterly,Middle-aged,90,New/Low,False,False,Express,Cash,Occasional,0.5107142857142857,High
3380,61,Female,Handbag,Accessories,51,Tennessee,L,Turquoise,Summer,5.0,No,Store Pickup,No,40,Cash,Weekly,Senior,7,Established,False,False,Other,Cash,Very Frequent,0.6835714285714285,VIP
3381,41,Female,Dress,Clothing,52,North Dakota,L,Blue,Summer,3.8,No,Standard,No,6,PayPal,Every 3 Months,Adult,90,New/Low,False,False,Standard,Digital Wallet,Occasional,0.32571428571428573,Low
3382,57,Female,Hat,Accessories,66,Minnesota,L,Turquoise,Winter,4.7,No,Standard,No,27,Credit Card,Quarterly,Middle-aged,90,Established,False,False,Standard,Card,Occasional,0.6357142857142857,VIP
3383,34,Female,Sweater,Clothing,35,Nebraska,M,Maroon,Spring,2.8,No,Express,No,2,Bank Transfer,Weekly,Adult,7,New/Low,False,False,Express,Other,Very Frequent,0.11214285714285714,Low
3384,27,Female,Coat,Outerwear,43,Delaware,M,Pink,Fall,2.6,No,Next Day Air,No,39,Venmo,Bi-Weekly,Young Adult,14,Established,False,False,Express,Digital Wallet,Frequent,0.3964285714285714,Mid
3385,39,Female,Hoodie,Clothing,24,Minnesota,L,Maroon,Summer,3.8,No,Free Shipping,No,9,Venmo,Quarterly,Adult,90,New/Low,False,False,Standard,Digital Wallet,Occasional,0.20714285714285713,Low
3386,62,Female,Jewelry,Accessories,83,Rhode Island,M,Olive,Winter,2.8,No,Standard,No,16,Credit Card,Every 3 Months,Senior,90,Emerging,False,False,Standard,Card,Occasional,0.4521428571428571,Mid
3387,34,Female,T-shirt,Clothing,62,Michigan,M,Lavender,Fall,2.6,No,2-Day Shipping,No,36,Cash,Quarterly,Adult,90,Established,False,False,Standard,Cash,Occasional,0.47000000000000003,Mid
3388,53,Female,Pants,Clothing,78,New Jersey,S,Pink,Spring,3.4,No,2-Day Shipping,No,2,Credit Card,Bi-Weekly,Middle-aged,14,New/Low,False,False,Standard,Card,Frequent,0.3871428571428571,Mid
3389,35,Female,Sweater,Clothing,61,South Dakota,M,Cyan,Spring,4.5,No,Store Pickup,No,21,Credit Card,Weekly,Adult,7,Emerging,False,False,Other,Card,Very Frequent,0.5478571428571428,High
3390,38,Female,Pants,Clothing,57,North Carolina,L,Maroon,Fall,3.8,No,Free Shipping,No,39,Venmo,Annually,Adult,365,Established,False,False,Standard,Digital Wallet,Rare,0.5864285714285714,High
3391,32,Female,Socks,Clothing,70,Oregon,S,Red,Summer,3.0,No,Next Day Air,No,38,PayPal,Annually,Adult,365,Established,False,False,Express,Digital Wallet,Rare,0.5642857142857143,High
3392,47,Female,Hoodie,Clothing,57,Montana,M,Silver,Fall,3.7,No,2-Day Shipping,No,6,Debit Card,Every 3 Months,Middle-aged,90,New/Low,False,False,Standard,Card,Occasional,0.34071428571428575,Low
3393,53,Female,Scarf,Accessories,74,New Jersey,XL,Blue,Winter,4.4,No,Free Shipping,No,6,Venmo,Bi-Weekly,Middle-aged,14,New/Low,False,False,Standard,Digital Wallet,Frequent,0.4957142857142858,High
3394,60,Female,Dress,Clothing,90,Arizona,M,Gold,Fall,3.1,No,Next Day Air,No,50,Debit Card,Monthly,Senior,30,Heavy,False,False,Express,Card,Frequent,0.76,VIP
3395,31,Female,Sandals,Footwear,98,Vermont,S,Yellow,Spring,4.2,No,Store Pickup,No,9,PayPal,Annually,Young Adult,365,New/Low,False,False,Other,Digital Wallet,Rare,0.6171428571428572,VIP
3396,44,Female,Dress,Clothing,43,Colorado,M,Silver,Winter,3.1,No,Free Shipping,No,15,Debit Card,Every 3 Months,Adult,90,Emerging,False,False,Standard,Card,Occasional,0.27499999999999997,Low
3397,29,Female,Pants,Clothing,37,Tennessee,XL,Black,Winter,5.0,No,Next Day Air,No,5,PayPal,Quarterly,Young Adult,90,New/Low,False,False,Express,Digital Wallet,Occasional,0.36357142857142855,Mid
3398,19,Female,Blouse,Clothing,38,New Jersey,L,Yellow,Summer,2.7,No,Standard,No,13,Bank Transfer,Bi-Weekly,Young Adult,14,Emerging,False,False,Standard,Other,Frequent,0.19571428571428573,Low
3399,54,Female,Jeans,Clothing,60,Montana,L,Pink,Winter,3.8,No,Standard,No,44,Cash,Fortnightly,Middle-aged,14,Heavy,False,False,Standard,Cash,Frequent,0.6371428571428571,VIP
3400,40,Female,Pants,Clothing,55,Montana,XL,Yellow,Winter,3.3,No,Standard,No,36,Debit Card,Annually,Adult,365,Established,False,False,Standard,Card,Rare,0.505,High
3401,39,Female,Sunglasses,Accessories,51,Nevada,M,Lavender,Fall,4.8,No,Free Shipping,No,18,Venmo,Fortnightly,Adult,14,Emerging,False,False,Standard,Digital Wallet,Frequent,0.5064285714285715,High
3402,44,Female,Backpack,Accessories,71,Nevada,L,Peach,Winter,3.4,No,Standard,No,39,Credit Card,Weekly,Adult,7,Established,False,False,Standard,Card,Very Frequent,0.6164285714285714,VIP
3403,22,Female,Hoodie,Clothing,61,Louisiana,M,Black,Spring,4.4,No,2-Day Shipping,No,11,PayPal,Every 3 Months,Young Adult,90,Emerging,False,False,Standard,Digital Wallet,Occasional,0.4664285714285714,Mid
3404,30,Female,Boots,Footwear,65,Illinois,M,Olive,Summer,3.9,No,Standard,No,1,Cash,Bi-Weekly,Young Adult,14,New/Low,False,False,Standard,Cash,Frequent,0.365,Mid
3405,69,Female,Gloves,Accessories,34,South Carolina,L,Olive,Fall,3.9,No,2-Day Shipping,No,34,Credit Card,Annually,Senior,365,Established,False,False,Standard,Card,Rare,0.4457142857142856,Mid
3406,28,Female,Blouse,Clothing,87,Washington,M,White,Summer,4.2,No,Store Pickup,No,47,Bank Transfer,Bi-Weekly,Young Adult,14,Heavy,False,False,Other,Other,Frequent,0.8335714285714286,VIP
3407,57,Female,Sweater,Clothing,79,Nebraska,M,Red,Spring,4.0,No,Store Pickup,No,24,Venmo,Quarterly,Middle-aged,90,Emerging,False,False,Other,Digital Wallet,Occasional,0.6092857142857143,VIP
3408,46,Female,Dress,Clothing,46,Alabama,S,Purple,Spring,2.6,No,Store Pickup,No,20,Cash,Quarterly,Middle-aged,90,Emerging,False,False,Other,Cash,Occasional,0.2757142857142857,Low
3409,48,Female,Socks,Clothing,72,Montana,L,Purple,Summer,4.4,No,Standard,No,11,Bank Transfer,Annually,Middle-aged,365,Emerging,False,False,Standard,Other,Rare,0.5214285714285715,High
3410,24,Female,Shirt,Clothing,93,Minnesota,M,Teal,Summer,3.2,No,Next Day Air,No,3,Credit Card,Every 3 Months,Young Adult,90,New/Low,False,False,Express,Card,Occasional,0.4492857142857143,Mid
3411,50,Female,Sandals,Footwear,76,Ohio,L,Teal,Summer,4.3,No,Free Shipping,No,38,Bank Transfer,Bi-Weekly,Middle-aged,14,Established,False,False,Standard,Other,Frequent,0.7242857142857142,VIP
3412,29,Female,Shoes,Footwear,56,New York,L,Gray,Winter,4.9,No,2-Day Shipping,No,45,Cash,Weekly,Young Adult,7,Heavy,False,False,Standard,Cash,Very Frequent,0.7342857142857144,VIP
3413,61,Female,Sandals,Footwear,83,Indiana,M,Magenta,Fall,3.8,No,Store Pickup,No,31,Venmo,Quarterly,Senior,90,Established,False,False,Other,Digital Wallet,Occasional,0.6592857142857143,VIP
3414,34,Female,Gloves,Accessories,90,Delaware,XL,Black,Winter,2.5,No,Express,No,16,PayPal,Bi-Weekly,Adult,14,Emerging,False,False,Express,Digital Wallet,Frequent,0.4571428571428572,Mid
3415,27,Female,Boots,Footwear,94,Connecticut,M,Maroon,Spring,4.9,No,Next Day Air,No,3,Bank Transfer,Quarterly,Young Adult,90,New/Low,False,False,Express,Other,Occasional,0.6242857142857143,VIP
3416,38,Female,Blouse,Clothing,68,New York,M,Gold,Fall,3.0,No,2-Day Shipping,No,15,Bank Transfer,Annually,Adult,365,Emerging,False,False,Standard,Other,Rare,0.38999999999999996,Mid
3417,25,Female,Sandals,Footwear,53,Alabama,M,Purple,Spring,3.2,No,Store Pickup,No,11,Bank Transfer,Every 3 Months,Young Adult,90,Emerging,False,False,Other,Other,Occasional,0.30642857142857144,Low
3418,54,Female,Coat,Outerwear,35,Massachusetts,M,Blue,Summer,2.9,No,2-Day Shipping,No,22,Debit Card,Fortnightly,Middle-aged,14,Emerging,False,False,Standard,Card,Frequent,0.265,Low
3419,53,Female,Jacket,Outerwear,30,South Carolina,M,Beige,Summer,2.8,No,Free Shipping,No,35,Debit Card,Annually,Middle-aged,365,Established,False,False,Standard,Card,Rare,0.3228571428571428,Low
3420,23,Female,Jewelry,Accessories,26,West Virginia,L,Indigo,Winter,3.1,No,Store Pickup,No,5,Venmo,Bi-Weekly,Young Adult,14,New/Low,False,False,Other,Digital Wallet,Frequent,0.11857142857142858,Low
3421,19,Female,Hat,Accessories,60,Kentucky,M,Purple,Winter,3.4,No,Express,No,35,PayPal,Bi-Weekly,Young Adult,14,Established,False,False,Express,Digital Wallet,Frequent,0.5328571428571428,High
3422,57,Female,Shoes,Footwear,30,New Jersey,M,Maroon,Summer,2.9,No,Free Shipping,No,27,PayPal,Weekly,Middle-aged,7,Established,False,False,Standard,Digital Wallet,Very Frequent,0.2757142857142857,Low
3423,19,Female,Coat,Outerwear,91,New York,L,Beige,Winter,3.2,No,Next Day Air,No,9,Venmo,Monthly,Young Adult,30,New/Low,False,False,Express,Digital Wallet,Frequent,0.48214285714285715,High
3424,33,Female,Boots,Footwear,71,Massachusetts,M,Brown,Spring,3.8,No,Next Day Air,No,21,PayPal,Bi-Weekly,Adult,14,Emerging,False,False,Express,Digital Wallet,Frequent,0.5278571428571428,High
3425,33,Female,Scarf,Accessories,64,Florida,L,Green,Summer,3.6,No,2-Day Shipping,No,23,Credit Card,Monthly,Adult,30,Emerging,False,False,Standard,Card,Frequent,0.4871428571428572,High
3426,38,Female,Hat,Accessories,54,Michigan,M,Blue,Summer,4.3,No,Next Day Air,No,3,Debit Card,Bi-Weekly,Adult,14,New/Low,False,False,Express,Card,Frequent,0.3642857142857143,Mid
3427,47,Female,Socks,Clothing,35,Oregon,XL,Magenta,Fall,4.8,No,2-Day Shipping,No,31,Credit Card,Annually,Middle-aged,365,Established,False,False,Standard,Card,Rare,0.5192857142857142,High
3428,39,Female,T-shirt,Clothing,38,Michigan,XL,Turquoise,Winter,2.5,No,Store Pickup,No,44,Cash,Annually,Adult,365,Heavy,False,False,Other,Cash,Rare,0.39714285714285713,Mid
3429,32,Female,Jewelry,Accessories,69,Washington,M,Gray,Fall,2.5,No,Next Day Air,No,20,Venmo,Monthly,Adult,30,Emerging,False,False,Express,Digital Wallet,Frequent,0.3807142857142857,Mid
3430,27,Female,Skirt,Clothing,96,Alaska,S,Purple,Winter,4.6,No,Express,No,34,Debit Card,Weekly,Young Adult,7,Established,False,False,Express,Card,Very Frequent,0.8257142857142856,VIP
3431,67,Female,Socks,Clothing,73,Montana,M,Lavender,Winter,4.2,No,Next Day Air,No,17,Bank Transfer,Every 3 Months,Senior,90,Emerging,False,False,Express,Other,Occasional,0.5492857142857143,High
3432,46,Female,Belt,Accessories,49,New Mexico,S,Green,Summer,4.2,No,Express,No,20,Venmo,Annually,Middle-aged,365,Emerging,False,False,Express,Digital Wallet,Rare,0.45071428571428573,Mid
3433,36,Female,Boots,Footwear,44,Connecticut,M,Gray,Summer,4.8,No,2-Day Shipping,No,46,PayPal,Every 3 Months,Adult,90,Heavy,False,False,Standard,Digital Wallet,Occasional,0.6714285714285714,VIP
3434,62,Female,Socks,Clothing,93,Alaska,M,Yellow,Spring,4.5,No,Free Shipping,No,28,PayPal,Annually,Senior,365,Established,False,False,Standard,Digital Wallet,Rare,0.7578571428571428,VIP
3435,31,Female,Pants,Clothing,72,Ohio,S,Orange,Summer,3.3,No,2-Day Shipping,No,6,Venmo,Fortnightly,Young Adult,14,New/Low,False,False,Standard,Digital Wallet,Frequent,0.37571428571428567,Mid
3436,68,Female,Socks,Clothing,91,Montana,M,Beige,Summer,2.7,No,2-Day Shipping,No,50,Debit Card,Bi-Weekly,Senior,14,Heavy,False,False,Standard,Card,Frequent,0.725,VIP
3437,57,Female,Belt,Accessories,83,Nebraska,L,Peach,Winter,2.8,No,2-Day Shipping,No,41,Bank Transfer,Monthly,Middle-aged,30,Heavy,False,False,Standard,Other,Frequent,0.6307142857142858,VIP
3438,22,Female,Jacket,Outerwear,62,Oklahoma,S,Green,Winter,3.5,No,2-Day Shipping,No,50,PayPal,Annually,Young Adult,365,Heavy,False,False,Standard,Digital Wallet,Rare,0.66,VIP
3439,26,Female,Shirt,Clothing,71,Kentucky,M,Violet,Fall,3.0,No,Store Pickup,No,33,Credit Card,Monthly,Young Adult,30,Established,False,False,Other,Card,Frequent,0.5335714285714286,High
3440,43,Female,Gloves,Accessories,93,Idaho,M,Gray,Summer,4.5,No,Express,No,25,Venmo,Quarterly,Adult,90,Emerging,False,False,Express,Digital Wallet,Occasional,0.7364285714285714,VIP
3441,45,Female,Handbag,Accessories,63,Maryland,L,Magenta,Fall,4.3,No,2-Day Shipping,No,2,PayPal,Weekly,Middle-aged,7,New/Low,False,False,Standard,Digital Wallet,Very Frequent,0.40214285714285714,Mid
3442,64,Female,Sweater,Clothing,96,Tennessee,XL,Charcoal,Fall,4.1,No,Standard,No,15,Credit Card,Annually,Senior,365,Emerging,False,False,Standard,Card,Rare,0.6399999999999999,VIP
3443,28,Female,Skirt,Clothing,78,Michigan,M,Violet,Spring,4.3,No,Next Day Air,No,12,PayPal,Weekly,Young Adult,7,Emerging,False,False,Express,Digital Wallet,Very Frequent,0.5485714285714285,High
3444,47,Female,Dress,Clothing,24,Tennessee,L,Silver,Summer,5.0,No,Free Shipping,No,28,Cash,Bi-Weekly,Middle-aged,14,Established,False,False,Standard,Cash,Frequent,0.46285714285714286,Mid
3445,53,Female,Pants,Clothing,63,Rhode Island,S,Green,Summer,3.8,No,2-Day Shipping,No,12,Bank Transfer,Bi-Weekly,Middle-aged,14,Emerging,False,False,Standard,Other,Frequent,0.4235714285714286,Mid
3446,42,Female,Hat,Accessories,58,Florida,M,Magenta,Fall,4.9,No,Standard,No,3,Debit Card,Annually,Adult,365,New/Low,False,False,Standard,Card,Rare,0.44428571428571434,Mid
3447,51,Female,Boots,Footwear,55,Louisiana,S,Purple,Spring,5.0,No,2-Day Shipping,No,20,Cash,Weekly,Middle-aged,7,Emerging,False,False,Standard,Cash,Very Frequent,0.5607142857142857,High
3448,62,Female,Sandals,Footwear,58,Arkansas,M,Blue,Fall,4.3,No,Express,No,3,Bank Transfer,Bi-Weekly,Senior,14,New/Low,False,False,Express,Other,Frequent,0.3842857142857143,Mid
3449,18,Female,Coat,Outerwear,28,Kentucky,S,Yellow,Winter,4.1,No,Express,No,32,Bank Transfer,Fortnightly,Young Adult,14,Established,False,False,Express,Other,Frequent,0.42142857142857143,Mid
3450,48,Female,Blouse,Clothing,37,Kansas,M,Brown,Spring,4.5,No,Standard,No,35,Cash,Monthly,Middle-aged,30,Established,False,False,Standard,Cash,Frequent,0.5278571428571428,High
3451,20,Female,Shorts,Clothing,78,Vermont,M,Pink,Spring,3.6,No,Store Pickup,No,31,PayPal,Monthly,Young Adult,30,Established,False,False,Other,Digital Wallet,Frequent,0.6142857142857142,VIP
3452,32,Female,Blouse,Clothing,73,Nevada,XL,Silver,Fall,3.0,No,Free Shipping,No,13,Credit Card,Annually,Adult,365,Emerging,False,False,Standard,Card,Rare,0.4007142857142857,Mid
3453,26,Female,Jacket,Outerwear,20,Oklahoma,M,Indigo,Spring,3.7,No,Next Day Air,No,3,Venmo,Fortnightly,Young Adult,14,New/Low,False,False,Express,Digital Wallet,Frequent,0.1342857142857143,Low
3454,31,Female,Shirt,Clothing,60,Alabama,L,Pink,Winter,4.3,No,Standard,No,48,Venmo,Bi-Weekly,Young Adult,14,Heavy,False,False,Standard,Digital Wallet,Frequent,0.7157142857142857,VIP
3455,55,Female,Handbag,Accessories,71,Louisiana,S,Lavender,Fall,4.6,No,Store Pickup,No,15,PayPal,Bi-Weekly,Middle-aged,14,Emerging,False,False,Other,Digital Wallet,Frequent,0.565,High
3456,49,Female,T-shirt,Clothing,89,Ohio,M,Orange,Fall,4.7,No,Standard,No,13,Venmo,Annually,Middle-aged,365,Emerging,False,False,Standard,Digital Wallet,Rare,0.6507142857142858,VIP
3457,42,Female,Hoodie,Clothing,53,Texas,M,Red,Fall,4.6,No,Express,No,21,Venmo,Monthly,Adult,30,Emerging,False,False,Express,Digital Wallet,Frequent,0.5178571428571428,High
3458,64,Female,Jewelry,Accessories,87,Maryland,M,Gray,Summer,3.0,No,Express,No,29,Cash,Fortnightly,Senior,14,Established,False,False,Express,Cash,Frequent,0.5850000000000001,High
3459,68,Female,Jewelry,Accessories,37,West Virginia,L,Violet,Spring,3.4,No,Standard,No,24,Venmo,Quarterly,Senior,90,Emerging,False,False,Standard,Digital Wallet,Occasional,0.3392857142857143,Low
3460,68,Female,Hoodie,Clothing,37,Ohio,L,Green,Fall,3.8,No,Express,No,21,PayPal,Annually,Senior,365,Emerging,False,False,Express,Digital Wallet,Rare,0.3578571428571429,Mid
3461,41,Female,Scarf,Accessories,78,Indiana,M,Gold,Spring,3.1,No,Express,No,5,Bank Transfer,Bi-Weekly,Adult,14,New/Low,False,False,Express,Other,Frequent,0.37857142857142856,Mid
3462,51,Female,Shoes,Footwear,23,Wyoming,S,Maroon,Spring,4.4,No,Standard,No,47,Cash,Quarterly,Middle-aged,90,Heavy,False,False,Standard,Cash,Occasional,0.5335714285714286,High
3463,44,Female,Jeans,Clothing,73,Michigan,L,Olive,Spring,4.5,No,Standard,No,34,Credit Card,Every 3 Months,Adult,90,Established,False,False,Standard,Card,Occasional,0.7007142857142856,VIP
3464,27,Female,Jewelry,Accessories,27,Maine,M,Yellow,Fall,2.8,No,2-Day Shipping,No,45,PayPal,Fortnightly,Young Adult,14,Heavy,False,False,Standard,Digital Wallet,Frequent,0.3792857142857142,Mid
3465,36,Female,Coat,Outerwear,59,Utah,S,Peach,Winter,2.7,No,Next Day Air,No,12,PayPal,Annually,Adult,365,Emerging,False,False,Express,Digital Wallet,Rare,0.2935714285714286,Low
3466,19,Female,Backpack,Accessories,53,Iowa,M,Gold,Spring,3.4,No,Standard,No,31,Debit Card,Weekly,Young Adult,7,Established,False,False,Standard,Card,Very Frequent,0.4692857142857143,Mid
3467,49,Female,Socks,Clothing,42,Maryland,S,Purple,Summer,4.6,No,Standard,No,43,Bank Transfer,Annually,Middle-aged,365,Heavy,False,False,Standard,Other,Rare,0.62,VIP
3468,18,Female,Scarf,Accessories,45,Texas,M,Charcoal,Fall,5.0,No,Next Day Air,No,5,Credit Card,Annually,Young Adult,365,New/Low,False,False,Express,Card,Rare,0.4035714285714286,Mid
3469,36,Female,Sunglasses,Accessories,89,Ohio,S,Indigo,Winter,3.5,No,Standard,No,36,Debit Card,Quarterly,Adult,90,Established,False,False,Standard,Card,Occasional,0.695,VIP
3470,36,Female,Socks,Clothing,85,North Dakota,L,Magenta,Fall,3.3,No,Store Pickup,No,12,Cash,Annually,Adult,365,Emerging,False,False,Other,Cash,Rare,0.48357142857142854,High
3471,19,Female,Coat,Outerwear,69,West Virginia,S,Olive,Summer,4.5,No,Free Shipping,No,31,Cash,Bi-Weekly,Young Adult,14,Established,False,False,Standard,Cash,Frequent,0.6592857142857143,VIP
3472,43,Female,Sandals,Footwear,66,North Carolina,S,Blue,Spring,3.1,No,Store Pickup,No,31,Cash,Bi-Weekly,Adult,14,Established,False,False,Other,Cash,Frequent,0.5042857142857143,High
3473,31,Female,Blouse,Clothing,42,Georgia,S,White,Summer,4.0,No,Free Shipping,No,15,Debit Card,Weekly,Young Adult,7,Emerging,False,False,Standard,Card,Very Frequent,0.36,Mid
3474,63,Female,Dress,Clothing,40,Kansas,M,Cyan,Spring,2.5,No,Express,No,11,Cash,Weekly,Senior,7,Emerging,False,False,Express,Cash,Very Frequent,0.17142857142857143,Low
3475,41,Female,Pants,Clothing,82,Maine,M,Cyan,Winter,4.4,No,Store Pickup,No,18,Venmo,Monthly,Adult,30,Emerging,False,False,Other,Digital Wallet,Frequent,0.6214285714285716,VIP
3476,48,Female,Sneakers,Footwear,88,South Carolina,M,Orange,Spring,4.4,No,Express,No,9,Cash,Quarterly,Middle-aged,90,New/Low,False,False,Express,Cash,Occasional,0.5871428571428572,High
3477,68,Female,Boots,Footwear,99,South Carolina,XL,Orange,Summer,3.2,No,Free Shipping,No,11,Cash,Weekly,Senior,7,Emerging,False,False,Standard,Cash,Very Frequent,0.5364285714285715,High
3478,53,Female,Handbag,Accessories,85,Kentucky,S,Teal,Spring,3.8,No,Store Pickup,No,38,Debit Card,Bi-Weekly,Middle-aged,14,Established,False,False,Other,Card,Frequent,0.7192857142857142,VIP
3479,36,Female,Handbag,Accessories,57,Arizona,M,Magenta,Fall,4.6,No,Store Pickup,No,42,PayPal,Quarterly,Adult,90,Heavy,False,False,Other,Digital Wallet,Occasional,0.6878571428571428,VIP
3480,46,Female,Sweater,Clothing,56,New York,S,Orange,Summer,4.9,No,Standard,No,41,Cash,Monthly,Middle-aged,30,Heavy,False,False,Standard,Cash,Frequent,0.7057142857142857,VIP
3481,21,Female,Sandals,Footwear,79,New Hampshire,L,Peach,Winter,3.5,No,Free Shipping,No,45,PayPal,Monthly,Young Adult,30,Heavy,False,False,Standard,Digital Wallet,Frequent,0.7092857142857143,VIP
3482,52,Female,Socks,Clothing,67,Ohio,S,Maroon,Summer,3.4,No,Store Pickup,No,41,Debit Card,Bi-Weekly,Middle-aged,14,Heavy,False,False,Other,Card,Frequent,0.6107142857142857,VIP
3483,66,Female,Gloves,Accessories,61,Hawaii,M,Gold,Winter,3.9,No,Next Day Air,No,35,Debit Card,Weekly,Senior,7,Established,False,False,Express,Card,Very Frequent,0.5878571428571429,High
3484,19,Female,Hoodie,Clothing,37,Texas,L,White,Winter,3.9,No,Express,No,21,Credit Card,Every 3 Months,Young Adult,90,Emerging,False,False,Express,Card,Occasional,0.3678571428571429,Mid
3485,44,Female,Dress,Clothing,75,Illinois,L,Gray,Fall,4.2,No,Free Shipping,No,13,Credit Card,Bi-Weekly,Adult,14,Emerging,False,False,Standard,Card,Frequent,0.5307142857142857,High
3486,50,Female,Shirt,Clothing,21,Massachusetts,XL,Brown,Winter,3.4,No,Standard,No,23,Debit Card,Fortnightly,Middle-aged,14,Emerging,False,False,Standard,Card,Frequent,0.2521428571428571,Low
3487,51,Female,Shorts,Clothing,89,North Carolina,L,Charcoal,Winter,4.9,No,Standard,No,6,PayPal,Weekly,Middle-aged,7,New/Low,False,False,Standard,Digital Wallet,Very Frequent,0.6207142857142858,VIP
3488,25,Female,Sandals,Footwear,24,West Virginia,L,Beige,Fall,2.9,No,Store Pickup,No,39,Bank Transfer,Annually,Young Adult,365,Established,False,False,Other,Other,Rare,0.3314285714285714,Low
3489,62,Female,Sweater,Clothing,27,Delaware,XL,Teal,Spring,4.9,No,Store Pickup,No,7,Cash,Quarterly,Senior,90,New/Low,False,False,Other,Cash,Occasional,0.3178571428571429,Low
3490,48,Female,Dress,Clothing,26,Idaho,L,Black,Summer,4.6,No,2-Day Shipping,No,32,PayPal,Every 3 Months,Middle-aged,90,Established,False,False,Standard,Digital Wallet,Occasional,0.4614285714285714,Mid
3491,62,Female,Boots,Footwear,82,Oregon,M,Violet,Spring,3.6,No,Store Pickup,No,43,Credit Card,Quarterly,Senior,90,Heavy,False,False,Other,Card,Occasional,0.7200000000000001,VIP
3492,22,Female,Pants,Clothing,28,Maine,M,Orange,Winter,4.3,No,Express,No,15,Cash,Monthly,Young Adult,30,Emerging,False,False,Express,Cash,Frequent,0.32,Low
3493,48,Female,Gloves,Accessories,65,South Dakota,M,Turquoise,Fall,4.6,No,Standard,No,48,Bank Transfer,Annually,Middle-aged,365,Heavy,False,False,Standard,Other,Rare,0.7707142857142857,VIP
3494,48,Female,Pants,Clothing,82,New Mexico,XL,Black,Winter,4.7,No,Store Pickup,No,35,Credit Card,Weekly,Middle-aged,7,Established,False,False,Other,Card,Very Frequent,0.7728571428571429,VIP
3495,62,Female,Scarf,Accessories,38,Washington,M,Silver,Winter,3.5,No,Free Shipping,No,41,PayPal,Quarterly,Senior,90,Heavy,False,False,Standard,Digital Wallet,Occasional,0.47571428571428576,High
3496,24,Female,Shorts,Clothing,33,Georgia,XL,Gray,Spring,2.8,No,Free Shipping,No,14,Cash,Weekly,Young Adult,7,Emerging,False,False,Standard,Cash,Very Frequent,0.18785714285714283,Low
3497,39,Female,Shoes,Footwear,38,Idaho,M,Pink,Summer,4.0,No,Free Shipping,No,22,PayPal,Monthly,Adult,30,Emerging,False,False,Standard,Digital Wallet,Frequent,0.39,Mid
3498,35,Female,Handbag,Accessories,48,Colorado,M,Red,Spring,4.3,No,Store Pickup,No,16,Venmo,Every 3 Months,Adult,90,Emerging,False,False,Other,Digital Wallet,Occasional,0.4271428571428571,Mid
3499,47,Female,Sandals,Footwear,35,Kentucky,M,Lavender,Summer,3.8,No,Standard,No,2,Bank Transfer,Bi-Weekly,Middle-aged,14,New/Low,False,False,Standard,Other,Frequent,0.21214285714285713,Low
3500,22,Female,Socks,Clothing,29,New Jersey,L,Indigo,Fall,3.0,No,Next Day Air,No,13,PayPal,Every 3 Months,Young Adult,90,Emerging,False,False,Express,Digital Wallet,Occasional,0.18071428571428572,Low
3501,38,Female,Shirt,Clothing,48,Oregon,S,Silver,Fall,4.6,No,Next Day Air,No,38,Debit Card,Fortnightly,Adult,14,Established,False,False,Express,Card,Frequent,0.6142857142857142,VIP
3502,53,Female,Shoes,Footwear,87,Nebraska,M,Silver,Fall,4.8,No,Standard,No,43,Bank Transfer,Weekly,Middle-aged,7,Heavy,False,False,Standard,Other,Very Frequent,0.865,VIP
3503,31,Female,Backpack,Accessories,62,Massachusetts,M,Green,Fall,4.7,No,Next Day Air,No,26,Bank Transfer,Quarterly,Young Adult,90,Established,False,False,Express,Other,Occasional,0.6085714285714285,VIP
3504,31,Female,Shirt,Clothing,96,Nebraska,M,Pink,Spring,3.9,No,Free Shipping,No,39,Cash,Weekly,Young Adult,7,Established,False,False,Standard,Cash,Very Frequent,0.7914285714285715,VIP
3505,65,Female,Handbag,Accessories,41,Hawaii,S,Violet,Fall,4.0,No,Next Day Air,No,50,Venmo,Monthly,Senior,30,Heavy,False,False,Express,Digital Wallet,Frequent,0.605,VIP
3506,48,Female,Jewelry,Accessories,42,Indiana,L,Red,Winter,3.7,No,2-Day Shipping,No,40,Bank Transfer,Every 3 Months,Middle-aged,90,Established,False,False,Standard,Other,Occasional,0.5085714285714286,High
3507,18,Female,Shirt,Clothing,57,Illinois,L,Olive,Winter,3.7,No,2-Day Shipping,No,12,Cash,Fortnightly,Young Adult,14,Emerging,False,False,Standard,Cash,Frequent,0.38357142857142856,Mid
3508,46,Female,Handbag,Accessories,65,Colorado,S,Purple,Spring,4.2,No,Store Pickup,No,33,Credit Card,Every 3 Months,Middle-aged,90,Established,False,False,Other,Card,Occasional,0.6235714285714286,VIP
3509,52,Female,Pants,Clothing,54,Pennsylvania,M,Gray,Fall,4.7,No,Standard,No,49,Bank Transfer,Weekly,Middle-aged,7,Heavy,False,False,Standard,Other,Very Frequent,0.7328571428571429,VIP
3510,50,Female,T-shirt,Clothing,22,Ohio,L,Brown,Winter,4.3,No,Next Day Air,No,43,Venmo,Bi-Weekly,Middle-aged,14,Heavy,False,False,Express,Digital Wallet,Frequent,0.49,High
3511,49,Female,Sneakers,Footwear,96,Pennsylvania,S,Orange,Fall,4.9,No,2-Day Shipping,No,14,Venmo,Monthly,Middle-aged,30,Emerging,False,False,Standard,Digital Wallet,Frequent,0.7128571428571429,VIP
3512,69,Female,Jewelry,Accessories,81,Mississippi,M,Blue,Summer,3.9,No,2-Day Shipping,No,21,Credit Card,Every 3 Months,Senior,90,Emerging,False,False,Standard,Card,Occasional,0.5878571428571429,High
3513,36,Female,Shirt,Clothing,46,Kentucky,M,White,Fall,3.4,No,Free Shipping,No,31,Debit Card,Quarterly,Adult,90,Established,False,False,Standard,Card,Occasional,0.4342857142857143,Mid
3514,30,Female,Blouse,Clothing,74,Alaska,XL,Charcoal,Spring,4.2,No,Store Pickup,No,29,Credit Card,Fortnightly,Young Adult,14,Established,False,False,Other,Card,Frequent,0.64,VIP
3515,25,Female,Sneakers,Footwear,50,Georgia,XL,Gray,Winter,4.7,No,Express,No,32,Cash,Monthly,Young Adult,30,Established,False,False,Express,Cash,Frequent,0.5914285714285714,High
3516,19,Female,Dress,Clothing,80,South Dakota,XL,Charcoal,Winter,4.0,No,Next Day Air,No,16,Debit Card,Bi-Weekly,Young Adult,14,Emerging,False,False,Express,Card,Frequent,0.5571428571428572,High
3517,34,Female,Boots,Footwear,56,South Carolina,S,White,Summer,4.0,No,Free Shipping,No,38,PayPal,Bi-Weekly,Adult,14,Established,False,False,Standard,Digital Wallet,Frequent,0.5942857142857143,VIP
3518,29,Female,Skirt,Clothing,69,Tennessee,M,Orange,Winter,3.1,No,Next Day Air,No,34,Debit Card,Every 3 Months,Young Adult,90,Established,False,False,Express,Card,Occasional,0.5407142857142857,High
3519,50,Female,Shirt,Clothing,97,Colorado,M,Black,Spring,4.2,No,Standard,No,30,PayPal,Quarterly,Middle-aged,90,Established,False,False,Standard,Digital Wallet,Occasional,0.7621428571428571,VIP
3520,31,Female,Shorts,Clothing,66,Wisconsin,M,White,Winter,3.7,No,Next Day Air,No,14,Bank Transfer,Fortnightly,Young Adult,14,Emerging,False,False,Express,Other,Frequent,0.44285714285714284,Mid
3521,41,Female,Hat,Accessories,70,Georgia,S,Brown,Spring,3.1,No,Express,No,33,Bank Transfer,Monthly,Adult,30,Established,False,False,Express,Other,Frequent,0.5385714285714286,High
3522,52,Female,Shoes,Footwear,50,Maryland,M,Pink,Winter,3.7,No,Store Pickup,No,35,Venmo,Weekly,Middle-aged,7,Established,False,False,Other,Digital Wallet,Very Frequent,0.5128571428571429,High
3523,27,Female,Pants,Clothing,85,New Jersey,M,Yellow,Spring,3.2,No,Store Pickup,No,13,Cash,Quarterly,Young Adult,90,Emerging,False,False,Other,Cash,Occasional,0.4807142857142857,High
3524,49,Female,Backpack,Accessories,59,Nevada,M,Cyan,Summer,2.8,No,Standard,No,30,Cash,Fortnightly,Middle-aged,14,Established,False,False,Standard,Cash,Frequent,0.4321428571428571,Mid
3525,69,Female,Pants,Clothing,74,Michigan,L,Silver,Summer,2.9,No,Free Shipping,No,30,Credit Card,Monthly,Senior,30,Established,False,False,Standard,Card,Frequent,0.5171428571428571,High
3526,45,Female,Sunglasses,Accessories,38,Wyoming,L,Olive,Winter,3.5,No,Standard,No,47,Bank Transfer,Annually,Middle-aged,365,Heavy,False,False,Standard,Other,Rare,0.5185714285714286,High
3527,20,Female,Sweater,Clothing,99,Massachusetts,M,Olive,Spring,3.8,No,Express,No,1,PayPal,Every 3 Months,Young Adult,90,New/Low,False,False,Express,Digital Wallet,Occasional,0.525,High
3528,25,Female,Blouse,Clothing,97,Washington,S,Charcoal,Spring,4.7,No,Free Shipping,No,1,Cash,Weekly,Young Adult,7,New/Low,False,False,Standard,Cash,Very Frequent,0.605,VIP
3529,38,Female,Scarf,Accessories,67,Maine,L,Gray,Summer,4.5,No,Free Shipping,No,33,PayPal,Annually,Adult,365,Established,False,False,Standard,Digital Wallet,Rare,0.6635714285714285,VIP
3530,55,Female,T-shirt,Clothing,20,Montana,S,Maroon,Winter,3.9,No,Next Day Air,No,43,Bank Transfer,Weekly,Middle-aged,7,Heavy,False,False,Express,Other,Very Frequent,0.43999999999999995,Mid
3531,62,Female,Sunglasses,Accessories,45,Oklahoma,L,Black,Spring,3.4,No,Express,No,37,PayPal,Weekly,Senior,7,Established,False,False,Express,Digital Wallet,Very Frequent,0.4721428571428571,High
3532,54,Female,Shoes,Footwear,52,North Dakota,XL,Violet,Winter,4.6,No,2-Day Shipping,No,23,Cash,Quarterly,Middle-aged,90,Emerging,False,False,Standard,Cash,Occasional,0.5271428571428571,High
3533,61,Female,Pants,Clothing,68,Connecticut,L,Indigo,Fall,4.6,No,Standard,No,12,Credit Card,Annually,Senior,365,Emerging,False,False,Standard,Card,Rare,0.5285714285714285,High
3534,50,Female,Sneakers,Footwear,98,Texas,L,Yellow,Fall,4.7,No,Standard,No,30,Venmo,Fortnightly,Middle-aged,14,Established,False,False,Standard,Digital Wallet,Frequent,0.8171428571428572,VIP
3535,65,Female,Shoes,Footwear,83,Delaware,M,Gray,Fall,3.2,No,Express,No,7,Cash,Weekly,Senior,7,New/Low,False,False,Express,Cash,Very Frequent,0.4278571428571429,Mid
3536,68,Female,Shorts,Clothing,51,Mississippi,M,Red,Summer,5.0,No,Express,No,20,Debit Card,Monthly,Senior,30,Emerging,False,False,Express,Card,Frequent,0.5407142857142857,High
3537,55,Female,Handbag,Accessories,21,Minnesota,L,Peach,Spring,4.5,No,Express,No,10,Venmo,Monthly,Middle-aged,30,New/Low,False,False,Express,Digital Wallet,Frequent,0.2692857142857143,Low
3538,57,Female,Handbag,Accessories,92,Georgia,M,Gray,Spring,3.5,No,Standard,No,40,Credit Card,Every 3 Months,Middle-aged,90,Established,False,False,Standard,Card,Occasional,0.7385714285714285,VIP
3539,56,Female,Shoes,Footwear,63,Iowa,S,White,Spring,4.5,No,Store Pickup,No,21,Venmo,Monthly,Middle-aged,30,Emerging,False,False,Other,Digital Wallet,Frequent,0.5578571428571428,High
3540,29,Female,Jewelry,Accessories,56,New York,S,Green,Spring,3.2,No,Express,No,17,Credit Card,Bi-Weekly,Young Adult,14,Emerging,False,False,Express,Card,Frequent,0.36428571428571427,Mid
3541,24,Female,Shorts,Clothing,95,Nevada,M,Magenta,Spring,4.6,No,Free Shipping,No,5,Bank Transfer,Weekly,Young Adult,7,New/Low,False,False,Standard,Other,Very Frequent,0.6135714285714285,VIP
3542,59,Female,Blouse,Clothing,66,Virginia,M,Olive,Winter,4.0,No,Next Day Air,No,22,PayPal,Annually,Senior,365,Emerging,False,False,Express,Digital Wallet,Rare,0.53,High
3543,62,Female,Coat,Outerwear,28,Idaho,S,Olive,Spring,4.2,No,Express,No,5,Venmo,Weekly,Senior,7,New/Low,False,False,Express,Digital Wallet,Very Frequent,0.2385714285714286,Low
3544,58,Female,Hat,Accessories,83,Colorado,M,Blue,Winter,4.1,No,Standard,No,18,PayPal,Every 3 Months,Senior,90,Emerging,False,False,Standard,Digital Wallet,Occasional,0.5964285714285713,VIP
3545,64,Female,Socks,Clothing,55,Wisconsin,XL,Charcoal,Fall,3.6,No,2-Day Shipping,No,42,Cash,Every 3 Months,Senior,90,Heavy,False,False,Standard,Cash,Occasional,0.5778571428571428,High
3546,48,Female,Sandals,Footwear,28,Connecticut,M,Yellow,Spring,3.7,No,2-Day Shipping,No,22,Debit Card,Annually,Middle-aged,365,Emerging,False,False,Standard,Card,Rare,0.31000000000000005,Low
3547,60,Female,Scarf,Accessories,79,Kansas,M,Violet,Summer,3.6,No,Free Shipping,No,37,Bank Transfer,Bi-Weekly,Senior,14,Established,False,False,Standard,Other,Frequent,0.6621428571428571,VIP
3548,52,Female,Scarf,Accessories,31,Pennsylvania,L,Magenta,Summer,3.8,No,Standard,No,23,Credit Card,Annually,Middle-aged,365,Emerging,False,False,Standard,Card,Rare,0.3421428571428571,Low
3549,63,Female,Blouse,Clothing,37,Utah,M,Red,Fall,3.0,No,Standard,No,47,Debit Card,Fortnightly,Senior,14,Heavy,False,False,Standard,Card,Frequent,0.4635714285714286,Mid
3550,44,Female,T-shirt,Clothing,34,Oregon,M,Cyan,Summer,3.4,No,2-Day Shipping,No,11,Bank Transfer,Fortnightly,Adult,14,Emerging,False,False,Standard,Other,Frequent,0.2314285714285714,Low
3551,63,Female,Shoes,Footwear,74,West Virginia,S,Orange,Winter,4.8,No,Standard,No,32,Cash,Weekly,Senior,7,Established,False,False,Standard,Cash,Very Frequent,0.7214285714285714,VIP
3552,66,Female,Gloves,Accessories,31,Montana,L,Black,Spring,2.6,No,Store Pickup,No,20,Venmo,Weekly,Senior,7,Emerging,False,False,Other,Digital Wallet,Very Frequent,0.20071428571428573,Low
3553,22,Female,Sunglasses,Accessories,66,Kentucky,M,Blue,Winter,2.9,No,Next Day Air,No,3,PayPal,Quarterly,Young Adult,90,New/Low,False,False,Express,Digital Wallet,Occasional,0.28428571428571425,Low
3554,62,Female,Shoes,Footwear,99,Minnesota,M,Charcoal,Spring,4.9,No,Free Shipping,No,32,Bank Transfer,Weekly,Senior,7,Established,False,False,Standard,Other,Very Frequent,0.8564285714285715,VIP
3555,39,Female,Dress,Clothing,55,Louisiana,M,Indigo,Spring,5.0,No,Free Shipping,No,5,Credit Card,Fortnightly,Adult,14,New/Low,False,False,Standard,Card,Frequent,0.45357142857142857,Mid
3556,25,Female,Blouse,Clothing,23,Delaware,L,Silver,Spring,4.6,No,Next Day Air,No,45,Cash,Quarterly,Young Adult,90,Heavy,False,False,Express,Cash,Occasional,0.5392857142857143,High
3557,70,Female,Sweater,Clothing,88,Arizona,M,Brown,Fall,4.2,No,Express,No,43,Cash,Bi-Weekly,Senior,14,Heavy,False,False,Express,Cash,Frequent,0.81,VIP
3558,52,Female,Jacket,Outerwear,26,Nevada,M,Peach,Summer,4.9,No,Next Day Air,No,1,PayPal,Every 3 Months,Middle-aged,90,New/Low,False,False,Express,Digital Wallet,Occasional,0.27,Low
3559,68,Female,Backpack,Accessories,94,Alaska,L,Magenta,Summer,4.8,No,Standard,No,9,Venmo,Quarterly,Senior,90,New/Low,False,False,Standard,Digital Wallet,Occasional,0.6571428571428571,VIP
3560,18,Female,Shorts,Clothing,25,Utah,M,Beige,Fall,3.0,No,Next Day Air,No,13,Venmo,Every 3 Months,Young Adult,90,Emerging,False,False,Express,Digital Wallet,Occasional,0.1607142857142857,Low
3561,18,Female,Socks,Clothing,96,Kansas,XL,Violet,Fall,3.5,No,Express,No,5,Credit Card,Annually,Young Adult,365,New/Low,False,False,Express,Card,Rare,0.5085714285714286,High
3562,63,Female,Sneakers,Footwear,29,North Carolina,L,Black,Spring,3.4,No,Standard,No,39,Credit Card,Fortnightly,Senior,14,Established,False,False,Standard,Card,Frequent,0.40642857142857136,Mid
3563,47,Female,Sneakers,Footwear,36,Maryland,M,Cyan,Winter,3.4,No,Free Shipping,No,7,Bank Transfer,Weekly,Middle-aged,7,New/Low,False,False,Standard,Other,Very Frequent,0.21285714285714286,Low
3564,43,Female,Blouse,Clothing,90,Maine,M,Green,Summer,4.9,No,Standard,No,8,Credit Card,Every 3 Months,Adult,90,New/Low,False,False,Standard,Card,Occasional,0.6400000000000001,VIP
3565,60,Female,Gloves,Accessories,38,Illinois,S,Brown,Summer,4.4,No,Free Shipping,No,40,Venmo,Annually,Senior,365,Established,False,False,Standard,Digital Wallet,Rare,0.5585714285714286,High
3566,49,Female,Handbag,Accessories,52,Pennsylvania,S,Gray,Spring,4.2,No,Store Pickup,No,35,PayPal,Monthly,Middle-aged,30,Established,False,False,Other,Digital Wallet,Frequent,0.5728571428571428,High
3567,28,Female,Jeans,Clothing,88,Alaska,S,Orange,Spring,3.1,No,Next Day Air,No,14,Venmo,Monthly,Young Adult,30,Emerging,False,False,Express,Digital Wallet,Frequent,0.4928571428571429,High
3568,32,Female,Scarf,Accessories,56,New Mexico,S,Silver,Summer,4.0,No,Next Day Air,No,26,Credit Card,Monthly,Adult,30,Established,False,False,Express,Card,Frequent,0.5085714285714286,High
3569,29,Female,Sandals,Footwear,71,Arkansas,M,Purple,Spring,4.8,No,Next Day Air,No,14,PayPal,Quarterly,Young Adult,90,Emerging,False,False,Express,Digital Wallet,Occasional,0.5778571428571428,High
3570,35,Female,Sandals,Footwear,94,Alaska,M,Olive,Fall,3.3,No,Express,No,9,Bank Transfer,Fortnightly,Adult,14,New/Low,False,False,Express,Other,Frequent,0.5071428571428571,High
3571,23,Female,Dress,Clothing,97,Louisiana,XL,Teal,Winter,4.7,No,Standard,No,32,Debit Card,Annually,Young Adult,365,Established,False,False,Standard,Card,Rare,0.8264285714285715,VIP
3572,70,Female,Skirt,Clothing,27,North Dakota,M,White,Summer,3.2,No,Standard,No,15,Bank Transfer,Every 3 Months,Senior,90,Emerging,False,False,Standard,Other,Occasional,0.20500000000000002,Low
3573,23,Female,Shorts,Clothing,28,Rhode Island,M,Black,Spring,5.0,No,Standard,No,25,Credit Card,Monthly,Young Adult,30,Emerging,False,False,Standard,Card,Frequent,0.4614285714285714,Mid
3574,43,Female,Jeans,Clothing,67,Connecticut,L,Maroon,Fall,4.9,No,Free Shipping,No,27,PayPal,Monthly,Adult,30,Established,False,False,Standard,Digital Wallet,Frequent,0.6607142857142858,VIP
3575,29,Female,Socks,Clothing,70,New York,M,Cyan,Fall,4.9,No,Express,No,39,Bank Transfer,Quarterly,Young Adult,90,Established,False,False,Express,Other,Occasional,0.7614285714285713,VIP
3576,61,Female,Coat,Outerwear,95,Kentucky,M,Violet,Fall,3.7,No,Express,No,49,Venmo,Bi-Weekly,Senior,14,Heavy,False,False,Express,Digital Wallet,Frequent,0.8378571428571427,VIP
3577,29,Female,Boots,Footwear,24,Maine,L,Yellow,Spring,3.0,No,Express,No,12,Venmo,Bi-Weekly,Young Adult,14,Emerging,False,False,Express,Digital Wallet,Frequent,0.14857142857142858,Low
3578,66,Female,Belt,Accessories,35,Missouri,S,Yellow,Winter,2.6,No,Standard,No,13,Bank Transfer,Weekly,Senior,7,Emerging,False,False,Standard,Other,Very Frequent,0.1707142857142857,Low
3579,46,Female,Shoes,Footwear,22,Georgia,L,Olive,Winter,2.6,No,Standard,No,22,Bank Transfer,Quarterly,Middle-aged,90,Emerging,False,False,Standard,Other,Occasional,0.17,Low
3580,34,Female,Scarf,Accessories,66,Arizona,L,Olive,Fall,4.8,No,Standard,No,19,Credit Card,Every 3 Months,Adult,90,Emerging,False,False,Standard,Card,Occasional,0.5885714285714285,High
3581,51,Female,Blouse,Clothing,83,New Hampshire,M,Magenta,Summer,3.2,No,2-Day Shipping,No,3,Cash,Bi-Weekly,Middle-aged,14,New/Low,False,False,Standard,Cash,Frequent,0.3992857142857143,Mid
3582,26,Female,Dress,Clothing,95,Georgia,M,Orange,Fall,4.9,No,Next Day Air,No,50,Credit Card,Weekly,Young Adult,7,Heavy,False,False,Express,Card,Very Frequent,0.9650000000000001,VIP
3583,23,Female,Shorts,Clothing,41,California,S,Beige,Summer,3.4,No,2-Day Shipping,No,15,PayPal,Annually,Young Adult,365,Emerging,False,False,Standard,Digital Wallet,Rare,0.29500000000000004,Low
3584,52,Female,Blouse,Clothing,77,Arizona,L,Brown,Summer,2.7,No,Store Pickup,No,44,Credit Card,Every 3 Months,Middle-aged,90,Heavy,False,False,Other,Card,Occasional,0.6121428571428571,VIP
3585,39,Female,Sneakers,Footwear,52,Florida,L,Indigo,Fall,4.8,No,Express,No,48,Debit Card,Monthly,Adult,30,Heavy,False,False,Express,Card,Frequent,0.7257142857142858,VIP
3586,39,Female,Gloves,Accessories,41,New York,XL,Gray,Winter,4.1,No,Standard,No,4,Venmo,Bi-Weekly,Adult,14,New/Low,False,False,Standard,Digital Wallet,Frequent,0.2864285714285714,Low
3587,33,Female,Hoodie,Clothing,28,Idaho,M,Yellow,Winter,4.6,No,Store Pickup,No,12,PayPal,Bi-Weekly,Adult,14,Emerging,False,False,Other,Digital Wallet,Frequent,0.3285714285714285,Low
3588,33,Female,Sweater,Clothing,90,Virginia,S,Violet,Summer,4.4,No,Standard,No,33,Debit Card,Annually,Adult,365,Established,False,False,Standard,Card,Rare,0.7685714285714286,VIP
3589,23,Female,Sunglasses,Accessories,55,Michigan,M,Magenta,Spring,3.5,No,2-Day Shipping,No,40,Cash,Annually,Young Adult,365,Established,False,False,Standard,Cash,Rare,0.5535714285714285,High
3590,31,Female,Belt,Accessories,73,New Hampshire,M,Blue,Spring,4.8,No,Next Day Air,No,38,Cash,Every 3 Months,Young Adult,90,Established,False,False,Express,Cash,Occasional,0.7592857142857142,VIP
3591,27,Female,Dress,Clothing,87,South Dakota,M,Gray,Fall,2.9,No,2-Day Shipping,No,19,Venmo,Every 3 Months,Young Adult,90,Emerging,False,False,Standard,Digital Wallet,Occasional,0.5035714285714286,High
3592,48,Female,Jacket,Outerwear,89,South Dakota,M,Gold,Winter,3.2,No,2-Day Shipping,No,38,Bank Transfer,Quarterly,Middle-aged,90,Established,False,False,Standard,Other,Occasional,0.6792857142857143,VIP
3593,61,Female,Boots,Footwear,82,New Jersey,L,Lavender,Spring,4.4,No,2-Day Shipping,No,18,Venmo,Fortnightly,Senior,14,Emerging,False,False,Standard,Digital Wallet,Frequent,0.6214285714285716,VIP
3594,63,Female,Sandals,Footwear,80,Wyoming,M,Black,Spring,4.6,No,Next Day Air,No,24,PayPal,Monthly,Senior,30,Emerging,False,False,Express,Digital Wallet,Frequent,0.6742857142857143,VIP
3595,19,Female,Scarf,Accessories,87,Alabama,L,Charcoal,Summer,2.6,No,2-Day Shipping,No,29,Venmo,Quarterly,Young Adult,90,Established,False,False,Standard,Digital Wallet,Occasional,0.545,High
3596,21,Female,Blouse,Clothing,41,South Dakota,M,Violet,Spring,3.1,No,Store Pickup,No,14,PayPal,Annually,Young Adult,365,Emerging,False,False,Other,Digital Wallet,Rare,0.2578571428571429,Low
3597,28,Female,Hoodie,Clothing,83,South Carolina,M,Charcoal,Spring,4.3,No,Standard,No,44,Cash,Fortnightly,Young Adult,14,Heavy,False,False,Standard,Cash,Frequent,0.802142857142857,VIP
3598,29,Female,Sunglasses,Accessories,71,New Mexico,M,Maroon,Summer,3.1,No,Standard,No,18,Bank Transfer,Quarterly,Young Adult,90,Emerging,False,False,Standard,Other,Occasional,0.43642857142857144,Mid
3599,23,Female,Hoodie,Clothing,76,Connecticut,XL,Purple,Spring,4.6,No,Store Pickup,No,19,Bank Transfer,Bi-Weekly,Young Adult,14,Emerging,False,False,Other,Other,Frequent,0.6185714285714285,VIP
3600,37,Female,Scarf,Accessories,34,Kansas,S,Peach,Spring,4.6,No,Express,No,4,Cash,Weekly,Adult,7,New/Low,False,False,Express,Cash,Very Frequent,0.3014285714285714,Low
3601,67,Female,Dress,Clothing,81,South Carolina,XL,Olive,Spring,2.7,No,Free Shipping,No,25,Cash,Bi-Weekly,Senior,14,Emerging,False,False,Standard,Cash,Frequent,0.49642857142857144,High
3602,34,Female,T-shirt,Clothing,47,North Carolina,M,Indigo,Summer,3.0,No,Next Day Air,No,3,PayPal,Monthly,Adult,30,New/Low,False,False,Express,Digital Wallet,Frequent,0.1992857142857143,Low
3603,58,Female,Skirt,Clothing,36,Wyoming,S,Magenta,Summer,3.3,No,Store Pickup,No,40,Debit Card,Quarterly,Senior,90,Established,False,False,Other,Card,Occasional,0.4385714285714285,Mid
3604,45,Female,Jeans,Clothing,51,Louisiana,M,Gold,Spring,2.7,No,Free Shipping,No,5,Cash,Weekly,Middle-aged,7,New/Low,False,False,Standard,Cash,Very Frequent,0.20357142857142863,Low
3605,63,Female,Hoodie,Clothing,86,Louisiana,M,Orange,Fall,3.3,No,Standard,No,17,Debit Card,Annually,Senior,365,Emerging,False,False,Standard,Card,Rare,0.5242857142857142,High
3606,68,Female,Jeans,Clothing,41,Alabama,M,Gold,Fall,4.3,No,Store Pickup,No,36,Bank Transfer,Every 3 Months,Senior,90,Established,False,False,Other,Other,Occasional,0.5349999999999999,High
3607,41,Female,Sandals,Footwear,90,Minnesota,XL,Purple,Fall,4.8,No,Express,No,41,Venmo,Annually,Adult,365,Heavy,False,False,Express,Digital Wallet,Rare,0.8657142857142857,VIP
3608,50,Female,Hat,Accessories,93,New Mexico,L,Charcoal,Fall,3.3,No,Standard,No,20,Venmo,Bi-Weekly,Middle-aged,14,Emerging,False,False,Standard,Digital Wallet,Frequent,0.5807142857142856,High
3609,24,Female,Gloves,Accessories,56,Tennessee,M,Cyan,Fall,4.3,No,Next Day Air,No,2,Cash,Every 3 Months,Young Adult,90,New/Low,False,False,Express,Cash,Occasional,0.36714285714285716,Mid
3610,21,Female,Socks,Clothing,39,New Mexico,M,Cyan,Summer,3.0,No,2-Day Shipping,No,31,Debit Card,Monthly,Young Adult,30,Established,False,False,Standard,Card,Frequent,0.35928571428571426,Mid
3611,18,Female,Jacket,Outerwear,86,Texas,XL,Green,Fall,4.8,No,2-Day Shipping,No,23,Bank Transfer,Fortnightly,Young Adult,14,Emerging,False,False,Standard,Other,Frequent,0.7171428571428571,VIP
3612,63,Female,T-shirt,Clothing,82,Washington,M,Silver,Spring,2.9,No,Standard,No,30,Credit Card,Annually,Senior,365,Established,False,False,Standard,Card,Rare,0.5571428571428572,High
3613,47,Female,Sandals,Footwear,29,Michigan,M,Teal,Summer,3.6,No,Standard,No,26,Cash,Every 3 Months,Middle-aged,90,Established,False,False,Standard,Cash,Occasional,0.33357142857142863,Low
3614,58,Female,Hat,Accessories,27,Minnesota,M,Magenta,Fall,3.5,No,Store Pickup,No,40,Venmo,Annually,Senior,365,Established,False,False,Other,Digital Wallet,Rare,0.4135714285714285,Mid
3615,46,Female,Gloves,Accessories,25,Delaware,L,Maroon,Spring,4.7,No,2-Day Shipping,No,19,Bank Transfer,Annually,Middle-aged,365,Emerging,False,False,Standard,Other,Rare,0.37357142857142855,Mid
3616,35,Female,Dress,Clothing,31,California,M,Gold,Winter,4.4,No,Free Shipping,No,4,Credit Card,Monthly,Adult,30,New/Low,False,False,Standard,Card,Frequent,0.26642857142857146,Low
3617,42,Female,Hoodie,Clothing,23,Wisconsin,L,Purple,Winter,3.3,No,Store Pickup,No,33,Debit Card,Fortnightly,Adult,14,Established,False,False,Other,Card,Frequent,0.3235714285714285,Low
3618,48,Female,Belt,Accessories,47,Kentucky,M,Lavender,Fall,4.3,No,Express,No,29,Debit Card,Monthly,Middle-aged,30,Established,False,False,Express,Card,Frequent,0.5149999999999999,High
3619,28,Female,Gloves,Accessories,67,Nevada,M,Maroon,Fall,4.0,No,2-Day Shipping,No,47,PayPal,Bi-Weekly,Young Adult,14,Heavy,False,False,Standard,Digital Wallet,Frequent,0.7135714285714286,VIP
3620,44,Female,Scarf,Accessories,75,North Carolina,S,Magenta,Winter,4.9,No,2-Day Shipping,No,50,Venmo,Weekly,Adult,7,Heavy,False,False,Standard,Digital Wallet,Very Frequent,0.865,VIP
3621,60,Female,Sandals,Footwear,82,Louisiana,M,Turquoise,Summer,2.9,No,Express,No,28,Credit Card,Fortnightly,Senior,14,Established,False,False,Express,Card,Frequent,0.5428571428571429,High
3622,38,Female,Sneakers,Footwear,32,New Jersey,XL,Silver,Summer,4.0,No,2-Day Shipping,No,5,Cash,Fortnightly,Adult,14,New/Low,False,False,Standard,Cash,Frequent,0.23857142857142855,Low
3623,46,Female,Dress,Clothing,41,Wisconsin,M,Purple,Fall,4.3,No,Store Pickup,No,12,Credit Card,Annually,Middle-aged,365,Emerging,False,False,Other,Card,Rare,0.36357142857142855,Mid
3624,39,Female,Jewelry,Accessories,89,Arkansas,M,Violet,Winter,2.7,No,2-Day Shipping,No,4,PayPal,Weekly,Adult,7,New/Low,False,False,Standard,Digital Wallet,Very Frequent,0.38642857142857145,Mid
3625,22,Female,Hat,Accessories,82,Texas,XL,Peach,Fall,5.0,No,Store Pickup,No,22,Bank Transfer,Bi-Weekly,Young Adult,14,Emerging,False,False,Other,Other,Frequent,0.7100000000000001,VIP
3626,44,Female,Scarf,Accessories,99,Illinois,L,Green,Winter,4.4,No,Express,No,32,PayPal,Weekly,Adult,7,Established,False,False,Express,Digital Wallet,Very Frequent,0.8064285714285715,VIP
3627,69,Female,Blouse,Clothing,98,Mississippi,L,Teal,Fall,3.5,No,Express,No,32,Venmo,Quarterly,Senior,90,Established,False,False,Express,Digital Wallet,Occasional,0.7114285714285714,VIP
3628,39,Female,Belt,Accessories,54,Delaware,M,Silver,Winter,3.3,No,Next Day Air,No,48,Cash,Every 3 Months,Adult,90,Heavy,False,False,Express,Cash,Occasional,0.5857142857142856,High
3629,53,Female,Blouse,Clothing,88,Georgia,L,Purple,Summer,3.8,No,Free Shipping,No,35,Credit Card,Monthly,Middle-aged,30,Established,False,False,Standard,Card,Frequent,0.7128571428571429,VIP
3630,52,Female,T-shirt,Clothing,43,Kansas,L,Lavender,Summer,4.5,No,Standard,No,44,Debit Card,Fortnightly,Middle-aged,14,Heavy,False,False,Standard,Card,Frequent,0.6221428571428571,VIP
3631,65,Female,Hat,Accessories,73,Oklahoma,M,Lavender,Winter,4.8,No,Store Pickup,No,29,Cash,Weekly,Senior,7,Established,False,False,Other,Cash,Very Frequent,0.695,VIP
3632,48,Female,Hat,Accessories,50,New Jersey,M,Peach,Fall,2.9,No,Store Pickup,No,26,Credit Card,Monthly,Middle-aged,30,Established,False,False,Other,Card,Frequent,0.3685714285714286,Mid
3633,27,Female,Sneakers,Footwear,73,Utah,L,Green,Spring,3.2,No,Express,No,3,Debit Card,Quarterly,Young Adult,90,New/Low,False,False,Express,Card,Occasional,0.3492857142857143,Low
3634,39,Female,Gloves,Accessories,51,Montana,M,Orange,Spring,2.8,No,Free Shipping,No,1,Bank Transfer,Bi-Weekly,Adult,14,New/Low,False,False,Standard,Other,Frequent,0.185,Low
3635,59,Female,Socks,Clothing,22,Ohio,M,Pink,Winter,3.3,No,Standard,No,17,PayPal,Annually,Senior,365,Emerging,False,False,Standard,Digital Wallet,Rare,0.20428571428571426,Low
3636,52,Female,Sandals,Footwear,32,Colorado,L,Cyan,Fall,3.3,No,Free Shipping,No,17,Credit Card,Fortnightly,Middle-aged,14,Emerging,False,False,Standard,Card,Frequent,0.2542857142857142,Low
3637,50,Female,Sandals,Footwear,38,California,L,Lavender,Summer,4.2,No,2-Day Shipping,No,36,Cash,Weekly,Middle-aged,7,Established,False,False,Standard,Cash,Very Frequent,0.51,High
3638,32,Female,Boots,Footwear,66,Utah,L,Yellow,Winter,3.6,No,Express,No,32,Credit Card,Fortnightly,Adult,14,Established,False,False,Express,Card,Frequent,0.5614285714285714,High
3639,40,Female,Backpack,Accessories,20,Kansas,M,Olive,Spring,4.6,No,Express,No,50,PayPal,Bi-Weekly,Adult,14,Heavy,False,False,Express,Digital Wallet,Frequent,0.5599999999999999,High
3640,26,Female,Coat,Outerwear,44,Illinois,M,Brown,Summer,3.6,No,2-Day Shipping,No,39,Venmo,Annually,Young Adult,365,Established,False,False,Standard,Digital Wallet,Rare,0.5014285714285714,High
3641,47,Female,Sunglasses,Accessories,31,Minnesota,L,Pink,Spring,4.0,No,Next Day Air,No,17,PayPal,Monthly,Middle-aged,30,Emerging,False,False,Express,Digital Wallet,Frequent,0.3192857142857143,Low
3642,51,Female,Jacket,Outerwear,45,New York,M,Cyan,Fall,2.7,No,Free Shipping,No,39,Bank Transfer,Every 3 Months,Middle-aged,90,Established,False,False,Standard,Other,Occasional,0.4164285714285714,Mid
3643,47,Female,Dress,Clothing,71,Arizona,L,Maroon,Summer,4.4,No,Store Pickup,No,5,PayPal,Annually,Middle-aged,365,New/Low,False,False,Other,Digital Wallet,Rare,0.47357142857142864,High
3644,53,Female,Scarf,Accessories,96,Tennessee,XL,Magenta,Fall,3.2,No,Standard,No,47,Debit Card,Annually,Middle-aged,365,Heavy,False,False,Standard,Card,Rare,0.7785714285714287,VIP
3645,35,Female,Blouse,Clothing,32,Arkansas,M,Violet,Winter,2.6,No,Next Day Air,No,18,Venmo,Weekly,Adult,7,Emerging,False,False,Express,Digital Wallet,Very Frequent,0.19142857142857142,Low
3646,38,Female,Backpack,Accessories,90,Colorado,L,Silver,Summer,3.4,No,Free Shipping,No,31,Credit Card,Every 3 Months,Adult,90,Established,False,False,Standard,Card,Occasional,0.6542857142857142,VIP
3647,69,Female,Jewelry,Accessories,68,Nevada,M,Maroon,Spring,5.0,No,2-Day Shipping,No,39,Debit Card,Fortnightly,Senior,14,Established,False,False,Standard,Card,Frequent,0.7614285714285713,VIP
3648,47,Female,Shorts,Clothing,45,Kansas,M,Gray,Winter,2.9,No,Store Pickup,No,12,Bank Transfer,Weekly,Middle-aged,7,Emerging,False,False,Other,Other,Very Frequent,0.24357142857142855,Low
3649,31,Female,Skirt,Clothing,67,New York,M,White,Winter,5.0,No,Free Shipping,No,45,Cash,Bi-Weekly,Young Adult,14,Heavy,False,False,Standard,Cash,Frequent,0.7992857142857143,VIP
3650,68,Female,Skirt,Clothing,57,Minnesota,M,Brown,Fall,4.4,No,Standard,No,33,Credit Card,Fortnightly,Senior,14,Established,False,False,Standard,Card,Frequent,0.6035714285714286,VIP
3651,51,Female,Jeans,Clothing,60,Ohio,M,Silver,Summer,3.5,No,2-Day Shipping,No,3,PayPal,Annually,Middle-aged,365,New/Low,False,False,Standard,Digital Wallet,Rare,0.3142857142857143,Low
3652,20,Female,Handbag,Accessories,32,Arizona,M,Yellow,Spring,3.8,No,Express,No,5,Venmo,Every 3 Months,Young Adult,90,New/Low,False,False,Express,Digital Wallet,Occasional,0.21857142857142853,Low
3653,27,Female,Handbag,Accessories,29,Kentucky,S,Magenta,Fall,3.8,No,Store Pickup,No,23,Debit Card,Monthly,Young Adult,30,Emerging,False,False,Other,Card,Frequent,0.33214285714285713,Low
3654,67,Female,Coat,Outerwear,20,Minnesota,M,Blue,Spring,3.9,No,Next Day Air,No,39,Credit Card,Fortnightly,Senior,14,Established,False,False,Express,Card,Frequent,0.41142857142857137,Mid
3655,21,Female,Jewelry,Accessories,98,Arkansas,M,Green,Winter,3.3,No,Next Day Air,No,10,Credit Card,Annually,Young Adult,365,New/Low,False,False,Express,Card,Rare,0.5342857142857143,High
3656,20,Female,Sweater,Clothing,27,Wyoming,M,Yellow,Fall,2.9,No,Next Day Air,No,4,Credit Card,Bi-Weekly,Young Adult,14,New/Low,False,False,Express,Card,Frequent,0.09642857142857142,Low
3657,35,Female,Jacket,Outerwear,67,North Dakota,XL,Cyan,Spring,3.7,No,2-Day Shipping,No,18,Credit Card,Monthly,Adult,30,Emerging,False,False,Standard,Card,Frequent,0.4764285714285714,High
3658,58,Female,Shoes,Footwear,82,Alabama,L,Gold,Winter,3.7,No,Express,No,1,Debit Card,Every 3 Months,Senior,90,New/Low,False,False,Express,Card,Occasional,0.43000000000000005,Mid
3659,28,Female,T-shirt,Clothing,72,Mississippi,M,Magenta,Fall,4.6,No,Standard,No,18,PayPal,Fortnightly,Young Adult,14,Emerging,False,False,Standard,Digital Wallet,Frequent,0.5914285714285714,High
3660,27,Female,Sandals,Footwear,77,Illinois,S,Gray,Fall,4.9,No,Store Pickup,No,46,Bank Transfer,Annually,Young Adult,365,Heavy,False,False,Other,Other,Rare,0.8464285714285715,VIP
3661,19,Female,Shoes,Footwear,74,Arkansas,L,Indigo,Winter,3.1,No,2-Day Shipping,No,13,Bank Transfer,Fortnightly,Young Adult,14,Emerging,False,False,Standard,Other,Frequent,0.4157142857142857,Mid
3662,63,Female,Sandals,Footwear,39,Kansas,S,White,Winter,3.5,No,Next Day Air,No,5,Credit Card,Fortnightly,Senior,14,New/Low,False,False,Express,Card,Frequent,0.2235714285714286,Low
3663,69,Female,Shorts,Clothing,80,Rhode Island,M,Indigo,Spring,4.9,No,Next Day Air,No,11,Debit Card,Weekly,Senior,7,Emerging,False,False,Express,Card,Very Frequent,0.6114285714285714,VIP
3664,65,Female,Backpack,Accessories,59,Florida,M,Green,Summer,4.4,No,Express,No,49,Credit Card,Weekly,Senior,7,Heavy,False,False,Express,Card,Very Frequent,0.7278571428571429,VIP
3665,63,Female,Jacket,Outerwear,68,Missouri,M,Turquoise,Fall,4.4,No,Store Pickup,No,1,Debit Card,Fortnightly,Senior,14,New/Low,False,False,Other,Card,Frequent,0.43000000000000005,Mid
3666,28,Female,Socks,Clothing,77,North Carolina,M,Peach,Fall,3.4,No,Next Day Air,No,11,Credit Card,Quarterly,Young Adult,90,Emerging,False,False,Express,Card,Occasional,0.4464285714285714,Mid
3667,67,Female,Jewelry,Accessories,50,Alabama,M,Olive,Winter,3.0,No,2-Day Shipping,No,47,Cash,Every 3 Months,Senior,90,Heavy,False,False,Standard,Cash,Occasional,0.5285714285714286,High
3668,51,Female,Pants,Clothing,45,Washington,L,Cyan,Fall,2.6,No,Next Day Air,No,20,Venmo,Monthly,Middle-aged,30,Emerging,False,False,Express,Digital Wallet,Frequent,0.2707142857142857,Low
3669,59,Female,Blouse,Clothing,71,Michigan,XL,Magenta,Summer,3.2,No,Store Pickup,No,18,Venmo,Annually,Senior,365,Emerging,False,False,Other,Digital Wallet,Rare,0.44642857142857145,Mid
3670,25,Female,Socks,Clothing,52,Washington,S,Silver,Fall,4.6,No,Store Pickup,No,43,PayPal,Quarterly,Young Adult,90,Heavy,False,False,Other,Digital Wallet,Occasional,0.6699999999999999,VIP
3671,31,Female,Shoes,Footwear,50,Vermont,S,White,Winter,3.8,No,Free Shipping,No,4,PayPal,Every 3 Months,Young Adult,90,New/Low,False,False,Standard,Digital Wallet,Occasional,0.30142857142857143,Low
3672,62,Female,Handbag,Accessories,66,Illinois,L,Pink,Summer,4.8,No,2-Day Shipping,No,20,Venmo,Quarterly,Senior,90,Emerging,False,False,Standard,Digital Wallet,Occasional,0.5957142857142856,VIP
3673,51,Female,Sandals,Footwear,81,New York,S,Pink,Fall,4.5,No,Free Shipping,No,7,PayPal,Monthly,Middle-aged,30,New/Low,False,False,Standard,Digital Wallet,Frequent,0.5478571428571428,High
3674,32,Female,Socks,Clothing,28,Rhode Island,M,Pink,Summer,4.2,No,2-Day Shipping,No,31,Bank Transfer,Fortnightly,Adult,14,Established,False,False,Standard,Other,Frequent,0.42428571428571427,Mid
3675,35,Female,Handbag,Accessories,65,Washington,M,Blue,Winter,2.7,No,2-Day Shipping,No,41,Venmo,Fortnightly,Adult,14,Heavy,False,False,Standard,Digital Wallet,Frequent,0.5307142857142857,High
3676,70,Female,Hat,Accessories,80,Virginia,M,White,Winter,4.5,No,Express,No,3,Bank Transfer,Monthly,Senior,30,New/Low,False,False,Express,Other,Frequent,0.5142857142857143,High
3677,19,Female,Jewelry,Accessories,94,Wisconsin,S,Teal,Spring,4.9,No,Free Shipping,No,16,PayPal,Monthly,Young Adult,30,Emerging,False,False,Standard,Digital Wallet,Frequent,0.7171428571428573,VIP
3678,32,Female,Backpack,Accessories,30,Michigan,M,Gray,Fall,2.8,No,Standard,No,43,Cash,Annually,Adult,365,Heavy,False,False,Standard,Cash,Rare,0.37999999999999995,Mid
3679,56,Female,Shirt,Clothing,45,Texas,S,Beige,Fall,3.5,No,Standard,No,29,Bank Transfer,Fortnightly,Middle-aged,14,Established,False,False,Standard,Other,Frequent,0.42499999999999993,Mid
3680,53,Female,Coat,Outerwear,91,Idaho,M,Violet,Summer,2.5,No,Store Pickup,No,5,Cash,Bi-Weekly,Middle-aged,14,New/Low,False,False,Other,Cash,Frequent,0.38357142857142856,Mid
3681,22,Female,Sunglasses,Accessories,36,Iowa,S,Blue,Winter,2.9,No,Standard,No,30,Debit Card,Quarterly,Young Adult,90,Established,False,False,Standard,Card,Occasional,0.3271428571428571,Low
3682,26,Female,Gloves,Accessories,73,Connecticut,XL,Magenta,Fall,4.2,No,Next Day Air,No,33,Debit Card,Monthly,Young Adult,30,Established,False,False,Express,Card,Frequent,0.6635714285714286,VIP
3683,42,Female,Shirt,Clothing,60,Wyoming,M,Maroon,Fall,4.6,No,Store Pickup,No,46,Venmo,Bi-Weekly,Adult,14,Heavy,False,False,Other,Digital Wallet,Frequent,0.7314285714285713,VIP
3684,30,Female,Socks,Clothing,77,Mississippi,M,Purple,Winter,3.0,No,Free Shipping,No,17,Venmo,Fortnightly,Young Adult,14,Emerging,False,False,Standard,Digital Wallet,Frequent,0.4492857142857143,Mid
3685,29,Female,Skirt,Clothing,86,Pennsylvania,L,Charcoal,Spring,4.4,No,Free Shipping,No,47,Credit Card,Bi-Weekly,Young Adult,14,Heavy,False,False,Standard,Card,Frequent,0.8485714285714286,VIP
3686,47,Female,Shorts,Clothing,42,Tennessee,L,Red,Summer,2.6,No,Standard,No,17,Cash,Bi-Weekly,Middle-aged,14,Emerging,False,False,Standard,Cash,Frequent,0.2342857142857143,Low
3687,59,Female,Sandals,Footwear,70,Louisiana,M,Charcoal,Spring,4.8,No,Free Shipping,No,17,Cash,Bi-Weekly,Senior,14,Emerging,False,False,Standard,Cash,Frequent,0.5942857142857143,VIP
3688,34,Female,Shirt,Clothing,44,Arkansas,L,Lavender,Summer,2.9,No,Next Day Air,No,28,Bank Transfer,Every 3 Months,Adult,90,Established,False,False,Express,Other,Occasional,0.3528571428571428,Low
3689,52,Female,Sunglasses,Accessories,91,West Virginia,L,White,Spring,3.0,No,Next Day Air,No,8,Cash,Monthly,Middle-aged,30,New/Low,False,False,Express,Cash,Frequent,0.45499999999999996,Mid
3690,47,Female,Jewelry,Accessories,30,South Carolina,L,Red,Fall,4.5,No,Standard,No,8,Bank Transfer,Quarterly,Middle-aged,90,New/Low,False,False,Standard,Other,Occasional,0.30000000000000004,Low
3691,24,Female,Blouse,Clothing,23,Kansas,S,Violet,Fall,3.7,No,Store Pickup,No,4,Bank Transfer,Bi-Weekly,Young Adult,14,New/Low,False,False,Other,Other,Frequent,0.15642857142857144,Low
3692,63,Female,Sandals,Footwear,21,Michigan,XL,Orange,Summer,4.8,No,Next Day Air,No,24,PayPal,Weekly,Senior,7,Emerging,False,False,Express,Digital Wallet,Very Frequent,0.39928571428571424,Mid
3693,59,Female,Coat,Outerwear,34,Alabama,L,Turquoise,Spring,4.8,No,Free Shipping,No,29,Cash,Fortnightly,Senior,14,Established,False,False,Standard,Cash,Frequent,0.49999999999999994,High
3694,66,Female,Blouse,Clothing,46,South Dakota,M,Violet,Summer,4.7,No,2-Day Shipping,No,10,Venmo,Weekly,Senior,7,New/Low,False,False,Standard,Digital Wallet,Very Frequent,0.4142857142857143,Mid
3695,45,Female,Sweater,Clothing,41,Rhode Island,M,Blue,Winter,2.6,No,Express,No,11,PayPal,Bi-Weekly,Middle-aged,14,Emerging,False,False,Express,Digital Wallet,Frequent,0.18642857142857144,Low
3696,38,Female,Skirt,Clothing,33,Florida,M,White,Fall,4.6,No,Standard,No,18,Bank Transfer,Fortnightly,Adult,14,Emerging,False,False,Standard,Other,Frequent,0.39642857142857135,Mid
3697,63,Female,Blouse,Clothing,48,Connecticut,L,Turquoise,Fall,3.4,No,Next Day Air,No,26,Bank Transfer,Annually,Senior,365,Established,False,False,Express,Other,Rare,0.4085714285714286,Mid
3698,55,Female,Hoodie,Clothing,66,Pennsylvania,L,Pink,Winter,3.0,No,Standard,No,39,Cash,Weekly,Middle-aged,7,Established,False,False,Standard,Cash,Very Frequent,0.5514285714285714,High
3699,25,Female,Skirt,Clothing,54,California,XL,Maroon,Spring,4.0,No,2-Day Shipping,No,4,Venmo,Annually,Young Adult,365,New/Low,False,False,Standard,Digital Wallet,Rare,0.3414285714285714,Low
3700,51,Female,Backpack,Accessories,55,Oklahoma,M,Olive,Fall,2.6,No,Store Pickup,No,24,Bank Transfer,Weekly,Middle-aged,7,Emerging,False,False,Other,Other,Very Frequent,0.3492857142857143,Low
3701,28,Female,Handbag,Accessories,84,North Dakota,XL,Charcoal,Summer,3.4,No,Store Pickup,No,2,Bank Transfer,Every 3 Months,Young Adult,90,New/Low,False,False,Other,Other,Occasional,0.41714285714285715,Mid
3702,46,Female,Sandals,Footwear,66,New Mexico,M,Charcoal,Spring,4.5,No,Store Pickup,No,36,Cash,Annually,Middle-aged,365,Established,False,False,Other,Cash,Rare,0.6799999999999999,VIP
3703,58,Female,Shoes,Footwear,65,South Carolina,M,Indigo,Spring,2.7,No,Store Pickup,No,36,Venmo,Weekly,Senior,7,Established,False,False,Other,Digital Wallet,Very Frequent,0.495,High
3704,30,Female,Sandals,Footwear,83,Michigan,S,Teal,Fall,2.9,No,Standard,No,23,PayPal,Every 3 Months,Young Adult,90,Emerging,False,False,Standard,Digital Wallet,Occasional,0.5121428571428571,High
3705,68,Female,Sunglasses,Accessories,61,Missouri,L,Black,Winter,4.0,No,Store Pickup,No,36,Credit Card,Quarterly,Senior,90,Established,False,False,Other,Card,Occasional,0.605,VIP
3706,28,Female,Skirt,Clothing,65,Colorado,L,Teal,Summer,3.2,No,Free Shipping,No,2,Debit Card,Annually,Young Adult,365,New/Low,False,False,Standard,Card,Rare,0.30214285714285716,Low
3707,26,Female,Sandals,Footwear,55,Kansas,M,Green,Spring,4.0,No,Store Pickup,No,17,Cash,Bi-Weekly,Young Adult,14,Emerging,False,False,Other,Cash,Frequent,0.4392857142857143,Mid
3708,35,Female,Gloves,Accessories,79,Illinois,M,Gold,Fall,3.4,No,2-Day Shipping,No,19,Venmo,Weekly,Adult,7,Emerging,False,False,Standard,Digital Wallet,Very Frequent,0.5135714285714286,High
3709,40,Female,Hoodie,Clothing,96,South Carolina,M,Red,Fall,4.9,No,Express,No,41,PayPal,Monthly,Adult,30,Heavy,False,False,Express,Digital Wallet,Frequent,0.9057142857142857,VIP
3710,31,Female,Socks,Clothing,43,Utah,M,Silver,Fall,3.6,No,Free Shipping,No,27,PayPal,Quarterly,Young Adult,90,Established,False,False,Standard,Digital Wallet,Occasional,0.4107142857142857,Mid
3711,60,Female,Jewelry,Accessories,40,Hawaii,M,Yellow,Summer,3.6,No,2-Day Shipping,No,32,Bank Transfer,Fortnightly,Senior,14,Established,False,False,Standard,Other,Frequent,0.4314285714285714,Mid
3712,69,Female,Hat,Accessories,62,Texas,XL,Peach,Fall,3.2,No,Free Shipping,No,33,Cash,Annually,Senior,365,Established,False,False,Standard,Cash,Rare,0.5085714285714286,High
3713,51,Female,Blouse,Clothing,72,Oregon,M,Turquoise,Spring,3.7,No,2-Day Shipping,No,24,PayPal,Quarterly,Middle-aged,90,Emerging,False,False,Standard,Digital Wallet,Occasional,0.5442857142857143,High
3714,49,Female,Shoes,Footwear,87,Arizona,M,Peach,Spring,2.6,No,Express,No,31,Debit Card,Every 3 Months,Middle-aged,90,Established,False,False,Express,Card,Occasional,0.5592857142857143,High
3715,18,Female,Hat,Accessories,31,New York,S,Peach,Winter,3.9,No,Express,No,35,Credit Card,Weekly,Young Adult,7,Established,False,False,Express,Card,Very Frequent,0.43785714285714283,Mid
3716,63,Female,Sunglasses,Accessories,34,Nebraska,S,Orange,Fall,3.4,No,Free Shipping,No,2,Bank Transfer,Monthly,Senior,30,New/Low,False,False,Standard,Other,Frequent,0.16714285714285715,Low
3717,57,Female,Shirt,Clothing,53,Vermont,M,Charcoal,Fall,3.4,No,Next Day Air,No,42,Debit Card,Every 3 Months,Middle-aged,90,Heavy,False,False,Express,Card,Occasional,0.5478571428571428,High
3718,45,Female,T-shirt,Clothing,85,Maryland,XL,White,Summer,4.2,No,Express,No,47,Bank Transfer,Every 3 Months,Middle-aged,90,Heavy,False,False,Express,Other,Occasional,0.8235714285714286,VIP
3719,36,Female,Pants,Clothing,50,Tennessee,L,Turquoise,Fall,2.9,No,Standard,No,44,Bank Transfer,Bi-Weekly,Adult,14,Heavy,False,False,Standard,Other,Frequent,0.4971428571428571,High
3720,20,Female,Pants,Clothing,91,Pennsylvania,M,Red,Summer,4.1,No,Free Shipping,No,8,Bank Transfer,Every 3 Months,Young Adult,90,New/Low,False,False,Standard,Other,Occasional,0.565,High
3721,21,Female,Hat,Accessories,56,South Carolina,M,Peach,Fall,3.6,No,Free Shipping,No,13,Credit Card,Quarterly,Young Adult,90,Emerging,False,False,Standard,Card,Occasional,0.3757142857142858,Mid
3722,62,Female,Coat,Outerwear,60,Connecticut,L,Pink,Fall,4.0,No,Next Day Air,No,10,Cash,Annually,Senior,365,New/Low,False,False,Express,Cash,Rare,0.41428571428571426,Mid
3723,23,Female,Jacket,Outerwear,34,Kentucky,XL,Yellow,Fall,4.0,No,Standard,No,1,Credit Card,Fortnightly,Young Adult,14,New/Low,False,False,Standard,Card,Frequent,0.21999999999999997,Low
3724,26,Female,Sandals,Footwear,30,Rhode Island,M,Beige,Spring,3.6,No,Free Shipping,No,1,Debit Card,Monthly,Young Adult,30,New/Low,False,False,Standard,Card,Frequent,0.16000000000000003,Low
3725,30,Female,Gloves,Accessories,71,Colorado,L,Green,Winter,3.1,No,Express,No,18,Bank Transfer,Annually,Young Adult,365,Emerging,False,False,Express,Other,Rare,0.43642857142857144,Mid
3726,18,Female,Dress,Clothing,100,Oklahoma,S,Turquoise,Winter,4.4,No,Next Day Air,No,2,PayPal,Annually,Young Adult,365,New/Low,False,False,Express,Digital Wallet,Rare,0.5971428571428572,VIP
3727,47,Female,Belt,Accessories,85,Idaho,XL,Orange,Fall,4.3,No,Next Day Air,No,36,Debit Card,Every 3 Months,Middle-aged,90,Established,False,False,Express,Card,Occasional,0.7549999999999999,VIP
3728,41,Female,Socks,Clothing,83,Maine,M,Gold,Summer,3.5,No,Next Day Air,No,17,Debit Card,Bi-Weekly,Adult,14,Emerging,False,False,Express,Card,Frequent,0.5292857142857142,High
3729,62,Female,Jacket,Outerwear,31,Vermont,L,Red,Winter,3.0,No,Standard,No,1,Debit Card,Annually,Senior,365,New/Low,False,False,Standard,Card,Rare,0.10500000000000001,Low
3730,28,Female,Boots,Footwear,82,Rhode Island,M,Teal,Spring,4.7,No,2-Day Shipping,No,50,Cash,Quarterly,Young Adult,90,Heavy,False,False,Standard,Cash,Occasional,0.8800000000000001,VIP
3731,46,Female,Shirt,Clothing,79,Florida,M,Teal,Summer,2.5,No,2-Day Shipping,No,3,Credit Card,Bi-Weekly,Middle-aged,14,New/Low,False,False,Standard,Card,Frequent,0.30928571428571433,Low
3732,54,Female,Hat,Accessories,62,West Virginia,M,Lavender,Spring,3.1,No,2-Day Shipping,No,45,PayPal,Quarterly,Middle-aged,90,Heavy,False,False,Standard,Digital Wallet,Occasional,0.5842857142857143,High
3733,36,Female,Shoes,Footwear,92,Indiana,L,Pink,Spring,3.3,No,Free Shipping,No,28,PayPal,Annually,Adult,365,Established,False,False,Standard,Digital Wallet,Rare,0.6328571428571429,VIP
3734,25,Female,Socks,Clothing,58,Illinois,M,Maroon,Fall,4.7,No,Next Day Air,No,6,Debit Card,Every 3 Months,Young Adult,90,New/Low,False,False,Express,Card,Occasional,0.44571428571428573,Mid
3735,38,Female,Hoodie,Clothing,88,California,M,Beige,Spring,3.4,No,Next Day Air,No,33,Debit Card,Every 3 Months,Adult,90,Established,False,False,Express,Card,Occasional,0.6585714285714285,VIP
3736,38,Female,Sandals,Footwear,44,Massachusetts,L,Orange,Spring,3.1,No,2-Day Shipping,No,29,PayPal,Annually,Adult,365,Established,False,False,Standard,Digital Wallet,Rare,0.37999999999999995,Mid
3737,42,Female,Jeans,Clothing,56,Idaho,M,Red,Spring,4.6,No,Store Pickup,No,2,PayPal,Every 3 Months,Adult,90,New/Low,False,False,Other,Digital Wallet,Occasional,0.39714285714285713,Mid
3738,19,Female,Jewelry,Accessories,23,Kentucky,S,Maroon,Winter,4.9,No,Free Shipping,No,43,PayPal,Bi-Weekly,Young Adult,14,Heavy,False,False,Standard,Digital Wallet,Frequent,0.555,High
3739,34,Female,Shorts,Clothing,45,Delaware,M,Brown,Spring,2.7,No,Free Shipping,No,48,Cash,Fortnightly,Adult,14,Heavy,False,False,Standard,Cash,Frequent,0.4807142857142857,High
3740,38,Female,Sunglasses,Accessories,31,Idaho,M,Olive,Fall,4.2,No,Free Shipping,No,43,Credit Card,Weekly,Adult,7,Heavy,False,False,Standard,Card,Very Frequent,0.525,High
3741,42,Female,Pants,Clothing,96,Virginia,M,Silver,Summer,2.6,No,Store Pickup,No,26,Debit Card,Bi-Weekly,Adult,14,Established,False,False,Other,Card,Frequent,0.5685714285714286,High
3742,58,Female,Shirt,Clothing,96,Arizona,M,Purple,Spring,3.2,No,2-Day Shipping,No,26,Debit Card,Bi-Weekly,Senior,14,Established,False,False,Standard,Card,Frequent,0.6285714285714287,VIP
3743,56,Female,Shirt,Clothing,80,Maryland,M,Gray,Fall,4.4,No,Standard,No,50,Credit Card,Bi-Weekly,Middle-aged,14,Heavy,False,False,Standard,Card,Frequent,0.8400000000000001,VIP
3744,62,Female,Pants,Clothing,28,Idaho,L,Cyan,Fall,3.6,No,Free Shipping,No,36,Debit Card,Quarterly,Senior,90,Established,False,False,Standard,Card,Occasional,0.4,Mid
3745,24,Female,Hoodie,Clothing,51,New Jersey,M,Gray,Summer,2.7,No,Next Day Air,No,26,Bank Transfer,Fortnightly,Young Adult,14,Established,False,False,Express,Other,Frequent,0.35357142857142865,Low
3746,60,Female,Socks,Clothing,41,Washington,L,Gold,Spring,4.3,No,Express,No,2,Debit Card,Monthly,Senior,30,New/Low,False,False,Express,Card,Frequent,0.29214285714285715,Low
3747,53,Female,Coat,Outerwear,99,Idaho,XL,Cyan,Summer,2.6,No,Next Day Air,No,49,PayPal,Monthly,Middle-aged,30,Heavy,False,False,Express,Digital Wallet,Frequent,0.7478571428571428,VIP
3748,26,Female,Sweater,Clothing,53,Rhode Island,L,Olive,Spring,4.3,No,Store Pickup,No,32,Bank Transfer,Bi-Weekly,Young Adult,14,Established,False,False,Other,Other,Frequent,0.5664285714285715,High
3749,34,Female,Backpack,Accessories,25,Delaware,M,Violet,Fall,3.9,No,2-Day Shipping,No,3,Venmo,Annually,Adult,365,New/Low,False,False,Standard,Digital Wallet,Rare,0.17928571428571427,Low
3750,24,Female,Blouse,Clothing,95,Alaska,L,Yellow,Winter,2.9,No,2-Day Shipping,No,38,Venmo,Every 3 Months,Young Adult,90,Established,False,False,Standard,Digital Wallet,Occasional,0.6792857142857143,VIP
3751,42,Female,Hoodie,Clothing,88,Arizona,M,Gold,Fall,3.1,No,Free Shipping,No,5,PayPal,Monthly,Adult,30,New/Low,False,False,Standard,Digital Wallet,Frequent,0.4285714285714286,Mid
3752,36,Female,Jewelry,Accessories,97,Alabama,S,Silver,Fall,4.2,No,Free Shipping,No,8,Credit Card,Every 3 Months,Adult,90,New/Low,False,False,Standard,Card,Occasional,0.605,VIP
3753,24,Female,Coat,Outerwear,81,Washington,L,Pink,Winter,4.1,No,2-Day Shipping,No,43,Venmo,Weekly,Young Adult,7,Heavy,False,False,Standard,Digital Wallet,Very Frequent,0.7649999999999999,VIP
3754,39,Female,Sunglasses,Accessories,26,Louisiana,S,Turquoise,Winter,4.2,No,Next Day Air,No,22,Bank Transfer,Fortnightly,Adult,14,Emerging,False,False,Express,Other,Frequent,0.35,Low
3755,46,Female,Shoes,Footwear,41,Nebraska,M,Turquoise,Summer,4.4,No,Express,No,10,Cash,Every 3 Months,Middle-aged,90,New/Low,False,False,Express,Cash,Occasional,0.3592857142857143,Mid
3756,64,Female,Skirt,Clothing,93,Pennsylvania,M,Peach,Fall,3.4,No,Free Shipping,No,26,Credit Card,Monthly,Senior,30,Established,False,False,Standard,Card,Frequent,0.6335714285714286,VIP
3757,64,Female,Skirt,Clothing,69,South Carolina,L,Teal,Spring,4.8,No,Express,No,42,Debit Card,Bi-Weekly,Senior,14,Heavy,False,False,Express,Card,Frequent,0.7678571428571429,VIP
3758,61,Female,Skirt,Clothing,44,California,L,Red,Fall,4.5,No,2-Day Shipping,No,33,Cash,Weekly,Senior,7,Established,False,False,Standard,Cash,Very Frequent,0.5485714285714285,High
3759,61,Female,Sandals,Footwear,54,Indiana,S,Black,Spring,2.7,No,Store Pickup,No,23,Bank Transfer,Quarterly,Senior,90,Emerging,False,False,Other,Other,Occasional,0.3471428571428572,Low
3760,44,Female,Sneakers,Footwear,61,Missouri,M,Pink,Spring,3.5,No,Store Pickup,No,30,Venmo,Quarterly,Adult,90,Established,False,False,Other,Digital Wallet,Occasional,0.5121428571428571,High
3761,65,Female,Socks,Clothing,80,Connecticut,M,Peach,Fall,3.1,No,Next Day Air,No,36,PayPal,Weekly,Senior,7,Established,False,False,Express,Digital Wallet,Very Frequent,0.6100000000000001,VIP
3762,60,Female,Backpack,Accessories,30,Nevada,M,Green,Summer,2.8,No,Next Day Air,No,3,Venmo,Every 3 Months,Senior,90,New/Low,False,False,Express,Digital Wallet,Occasional,0.09428571428571426,Low
3763,65,Female,Shorts,Clothing,94,New York,L,Green,Fall,2.9,No,Store Pickup,No,13,PayPal,Annually,Senior,365,Emerging,False,False,Other,Digital Wallet,Rare,0.4957142857142857,High
3764,27,Female,Shirt,Clothing,24,Oklahoma,XL,Red,Winter,4.5,No,Standard,No,38,Cash,Every 3 Months,Young Adult,90,Established,False,False,Standard,Cash,Occasional,0.48428571428571426,High
3765,36,Female,Socks,Clothing,21,South Dakota,M,Maroon,Fall,3.5,No,Next Day Air,No,19,Venmo,Monthly,Adult,30,Emerging,False,False,Express,Digital Wallet,Frequent,0.23357142857142857,Low
3766,22,Female,Jewelry,Accessories,52,Missouri,M,Green,Summer,4.3,No,Standard,No,14,Bank Transfer,Bi-Weekly,Young Adult,14,Emerging,False,False,Standard,Other,Frequent,0.4328571428571429,Mid
3767,62,Female,Handbag,Accessories,59,Texas,M,Black,Fall,4.9,No,Next Day Air,No,43,Debit Card,Annually,Senior,365,Heavy,False,False,Express,Card,Rare,0.7350000000000001,VIP
3768,59,Female,Shorts,Clothing,51,New York,XL,Black,Summer,3.1,No,Free Shipping,No,10,Bank Transfer,Fortnightly,Senior,14,New/Low,False,False,Standard,Other,Frequent,0.2792857142857143,Low
3769,50,Female,Sweater,Clothing,35,Vermont,M,Yellow,Winter,4.0,No,Free Shipping,No,34,Bank Transfer,Quarterly,Middle-aged,90,Established,False,False,Standard,Other,Occasional,0.46071428571428574,Mid
3770,51,Female,Gloves,Accessories,87,Arizona,L,Green,Summer,3.6,No,Standard,No,31,Venmo,Annually,Middle-aged,365,Established,False,False,Standard,Digital Wallet,Rare,0.6592857142857143,VIP
3771,23,Female,Pants,Clothing,42,Montana,L,Black,Summer,4.0,No,Store Pickup,No,34,Bank Transfer,Weekly,Young Adult,7,Established,False,False,Other,Other,Very Frequent,0.49571428571428566,High
3772,21,Female,T-shirt,Clothing,86,Oklahoma,M,Red,Winter,2.6,No,Express,No,28,Venmo,Bi-Weekly,Young Adult,14,Established,False,False,Express,Digital Wallet,Frequent,0.5328571428571429,High
3773,44,Female,Pants,Clothing,26,New Hampshire,L,Yellow,Fall,3.1,No,Next Day Air,No,35,Cash,Annually,Adult,365,Established,False,False,Express,Cash,Rare,0.3328571428571428,Low
3774,25,Female,Sweater,Clothing,60,Wisconsin,M,Violet,Summer,3.5,No,Store Pickup,No,41,Cash,Quarterly,Young Adult,90,Heavy,False,False,Other,Cash,Occasional,0.5857142857142857,High
3775,57,Female,Gloves,Accessories,83,Alaska,S,Cyan,Winter,3.9,No,Standard,No,48,PayPal,Fortnightly,Middle-aged,14,Heavy,False,False,Standard,Digital Wallet,Frequent,0.7907142857142857,VIP
3776,41,Female,Belt,Accessories,63,South Dakota,S,Pink,Spring,2.7,No,2-Day Shipping,No,45,Cash,Quarterly,Adult,90,Heavy,False,False,Standard,Cash,Occasional,0.5492857142857143,High
3777,19,Female,Sneakers,Footwear,25,Alaska,L,Olive,Spring,4.1,No,Standard,No,10,Credit Card,Fortnightly,Young Adult,14,New/Low,False,False,Standard,Card,Frequent,0.24928571428571425,Low
3778,43,Female,Shorts,Clothing,65,Utah,M,Maroon,Fall,4.3,No,Express,No,9,Cash,Weekly,Adult,7,New/Low,False,False,Express,Cash,Very Frequent,0.46214285714285713,Mid
3779,25,Female,Sneakers,Footwear,60,South Dakota,M,Cyan,Fall,2.9,No,Free Shipping,No,30,Debit Card,Annually,Young Adult,365,Established,False,False,Standard,Card,Rare,0.4471428571428571,Mid
3780,60,Female,Jeans,Clothing,75,California,XL,Lavender,Spring,4.0,No,Express,No,45,PayPal,Annually,Senior,365,Heavy,False,False,Express,Digital Wallet,Rare,0.7392857142857143,VIP
3781,54,Female,Sneakers,Footwear,57,Mississippi,L,Yellow,Fall,4.1,No,Free Shipping,No,41,Venmo,Quarterly,Middle-aged,90,Heavy,False,False,Standard,Digital Wallet,Occasional,0.6307142857142858,VIP
3782,52,Female,Boots,Footwear,99,Tennessee,M,Pink,Winter,3.7,No,Standard,No,40,PayPal,Fortnightly,Middle-aged,14,Established,False,False,Standard,Digital Wallet,Frequent,0.7935714285714285,VIP
3783,40,Female,Jacket,Outerwear,45,Alabama,L,Orange,Spring,2.8,No,Free Shipping,No,42,PayPal,Fortnightly,Adult,14,Heavy,False,False,Standard,Digital Wallet,Frequent,0.44785714285714284,Mid
3784,39,Female,Gloves,Accessories,66,Maine,XL,Orange,Summer,3.2,No,Free Shipping,No,17,Debit Card,Fortnightly,Adult,14,Emerging,False,False,Standard,Card,Frequent,0.41428571428571426,Mid
3785,54,Female,Socks,Clothing,53,Virginia,M,Violet,Winter,4.5,No,Next Day Air,No,4,Venmo,Annually,Middle-aged,365,New/Low,False,False,Express,Digital Wallet,Rare,0.38642857142857145,Mid
3786,64,Female,Jeans,Clothing,94,New Hampshire,L,Lavender,Winter,3.8,No,Standard,No,6,Cash,Monthly,Senior,30,New/Low,False,False,Standard,Cash,Frequent,0.5357142857142857,High
3787,31,Female,Boots,Footwear,47,Tennessee,L,Yellow,Fall,3.6,No,2-Day Shipping,No,22,Venmo,Weekly,Young Adult,7,Emerging,False,False,Standard,Digital Wallet,Very Frequent,0.395,Mid
3788,37,Female,Blouse,Clothing,80,New York,M,Pink,Fall,3.6,No,2-Day Shipping,No,46,PayPal,Every 3 Months,Adult,90,Heavy,False,False,Standard,Digital Wallet,Occasional,0.7314285714285714,VIP
3789,43,Female,Hat,Accessories,65,Kansas,XL,Teal,Spring,3.2,No,Next Day Air,No,27,Debit Card,Monthly,Adult,30,Established,False,False,Express,Card,Frequent,0.4807142857142857,High
3790,56,Female,Shirt,Clothing,75,North Dakota,M,Magenta,Summer,3.8,No,Express,No,18,Bank Transfer,Every 3 Months,Middle-aged,90,Emerging,False,False,Express,Other,Occasional,0.5264285714285715,High
3791,27,Female,Handbag,Accessories,45,Alaska,XL,Beige,Summer,4.4,No,Standard,No,31,Credit Card,Weekly,Young Adult,7,Established,False,False,Standard,Card,Very Frequent,0.5292857142857144,High
3792,40,Female,Sunglasses,Accessories,51,Texas,M,Gray,Spring,3.7,No,Store Pickup,No,1,Venmo,Weekly,Adult,7,New/Low,False,False,Other,Digital Wallet,Very Frequent,0.275,Low
3793,43,Female,Scarf,Accessories,58,Massachusetts,S,Turquoise,Summer,2.6,No,Express,No,2,PayPal,Fortnightly,Adult,14,New/Low,False,False,Express,Digital Wallet,Frequent,0.20714285714285716,Low
3794,62,Female,Sunglasses,Accessories,20,Delaware,M,Pink,Fall,4.0,No,Standard,No,46,Bank Transfer,Annually,Senior,365,Heavy,False,False,Standard,Other,Rare,0.4714285714285714,Mid
3795,44,Female,Scarf,Accessories,82,South Dakota,M,Violet,Summer,3.6,No,2-Day Shipping,No,27,Venmo,Weekly,Adult,7,Established,False,False,Standard,Digital Wallet,Very Frequent,0.6057142857142858,VIP
3796,45,Female,Gloves,Accessories,92,Arkansas,M,Charcoal,Spring,2.5,No,Express,No,3,Cash,Weekly,Middle-aged,7,New/Low,False,False,Express,Cash,Very Frequent,0.37428571428571433,Mid
3797,40,Female,Shorts,Clothing,81,Utah,M,Lavender,Fall,3.2,No,Free Shipping,No,47,Bank Transfer,Quarterly,Adult,90,Heavy,False,False,Standard,Other,Occasional,0.7035714285714286,VIP
3798,68,Female,Sunglasses,Accessories,44,California,M,Gray,Summer,2.5,No,Next Day Air,No,20,Cash,Quarterly,Senior,90,Emerging,False,False,Express,Cash,Occasional,0.25571428571428567,Low
3799,63,Female,Jewelry,Accessories,72,Rhode Island,S,Brown,Winter,3.2,No,Next Day Air,No,23,Credit Card,Annually,Senior,365,Emerging,False,False,Express,Card,Rare,0.48714285714285716,High
3800,60,Female,Jacket,Outerwear,26,Oklahoma,L,Violet,Winter,2.6,No,Store Pickup,No,13,Credit Card,Monthly,Senior,30,Emerging,False,False,Other,Card,Frequent,0.12571428571428572,Low
3801,19,Female,Sweater,Clothing,26,Vermont,M,Turquoise,Fall,4.8,No,Next Day Air,No,12,Venmo,Bi-Weekly,Young Adult,14,Emerging,False,False,Express,Digital Wallet,Frequent,0.3385714285714285,Low
3802,26,Female,Blouse,Clothing,84,Kentucky,M,Peach,Spring,5.0,No,Store Pickup,No,36,PayPal,Fortnightly,Young Adult,14,Established,False,False,Other,Digital Wallet,Frequent,0.8200000000000001,VIP
3803,70,Female,Scarf,Accessories,72,Illinois,S,Turquoise,Spring,3.2,No,2-Day Shipping,No,1,Bank Transfer,Monthly,Senior,30,New/Low,False,False,Standard,Other,Frequent,0.33,Low
3804,48,Female,Handbag,Accessories,55,Connecticut,M,Violet,Spring,3.6,No,Standard,No,14,Debit Card,Weekly,Middle-aged,7,Emerging,False,False,Standard,Card,Very Frequent,0.3778571428571429,Mid
3805,37,Female,Hat,Accessories,77,Florida,M,Olive,Fall,2.7,No,2-Day Shipping,No,45,Cash,Annually,Adult,365,Heavy,False,False,Standard,Cash,Rare,0.6192857142857143,VIP
3806,48,Female,Scarf,Accessories,57,New Jersey,M,Green,Fall,3.1,No,Standard,No,31,Credit Card,Quarterly,Middle-aged,90,Established,False,False,Standard,Card,Occasional,0.4592857142857143,Mid
3807,18,Female,Boots,Footwear,71,Missouri,M,Teal,Spring,3.0,No,Standard,No,41,PayPal,Weekly,Young Adult,7,Heavy,False,False,Standard,Digital Wallet,Very Frequent,0.5907142857142857,High
3808,38,Female,Blouse,Clothing,39,Michigan,L,Peach,Spring,2.9,No,Next Day Air,No,36,PayPal,Annually,Adult,365,Established,False,False,Express,Digital Wallet,Rare,0.38499999999999995,Mid
3809,33,Female,Socks,Clothing,28,Washington,M,Pink,Winter,4.7,No,Express,No,6,Debit Card,Bi-Weekly,Adult,14,New/Low,False,False,Express,Card,Frequent,0.29571428571428576,Low
3810,57,Female,Shoes,Footwear,33,New York,S,Maroon,Winter,3.7,No,Standard,No,28,Credit Card,Annually,Middle-aged,365,Established,False,False,Standard,Card,Rare,0.3778571428571429,Mid
3811,46,Female,Skirt,Clothing,79,Wisconsin,L,Peach,Fall,3.9,No,Free Shipping,No,29,Venmo,Monthly,Middle-aged,30,Established,False,False,Standard,Digital Wallet,Frequent,0.635,VIP
3812,46,Female,Belt,Accessories,30,Idaho,M,Maroon,Winter,4.0,No,Standard,No,14,Cash,Monthly,Middle-aged,30,Emerging,False,False,Standard,Cash,Frequent,0.2928571428571428,Low
3813,50,Female,Skirt,Clothing,75,Michigan,M,Pink,Spring,2.8,No,Next Day Air,No,7,Bank Transfer,Every 3 Months,Middle-aged,90,New/Low,False,False,Express,Other,Occasional,0.34785714285714286,Low
3814,61,Female,Pants,Clothing,89,Georgia,M,Orange,Summer,4.1,No,Express,No,31,Venmo,Bi-Weekly,Senior,14,Established,False,False,Express,Digital Wallet,Frequent,0.7192857142857143,VIP
3815,45,Female,Dress,Clothing,95,Michigan,M,Orange,Winter,4.2,No,Free Shipping,No,26,Bank Transfer,Every 3 Months,Middle-aged,90,Established,False,False,Standard,Other,Occasional,0.7235714285714286,VIP
3816,32,Female,Hat,Accessories,44,Maine,M,Brown,Fall,4.3,No,Express,No,12,Venmo,Fortnightly,Adult,14,Emerging,False,False,Express,Digital Wallet,Frequent,0.37857142857142856,Mid
3817,29,Female,Coat,Outerwear,86,Maryland,S,Silver,Summer,4.3,No,Store Pickup,No,45,Credit Card,Fortnightly,Young Adult,14,Heavy,False,False,Other,Card,Frequent,0.8242857142857143,VIP
3818,66,Female,Scarf,Accessories,91,Missouri,M,Magenta,Fall,2.6,No,Express,No,40,PayPal,Annually,Senior,365,Established,False,False,Express,Digital Wallet,Rare,0.6435714285714285,VIP
3819,70,Female,Sneakers,Footwear,41,Oregon,XL,Indigo,Winter,3.8,No,Free Shipping,No,42,Cash,Monthly,Senior,30,Heavy,False,False,Standard,Cash,Frequent,0.5278571428571429,High
3820,36,Female,Pants,Clothing,99,Arkansas,S,Gold,Spring,2.9,No,Express,No,45,Cash,Quarterly,Adult,90,Heavy,False,False,Express,Cash,Occasional,0.7492857142857143,VIP
3821,34,Female,Belt,Accessories,65,New Hampshire,M,Purple,Winter,5.0,No,Standard,No,34,Debit Card,Quarterly,Adult,90,Established,False,False,Standard,Card,Occasional,0.7107142857142856,VIP
3822,20,Female,Sneakers,Footwear,48,Oregon,M,Gold,Summer,4.6,No,Free Shipping,No,34,Credit Card,Every 3 Months,Young Adult,90,Established,False,False,Standard,Card,Occasional,0.5857142857142856,High
3823,70,Female,Hat,Accessories,41,Kansas,S,Gold,Spring,3.2,No,Free Shipping,No,17,PayPal,Every 3 Months,Senior,90,Emerging,False,False,Standard,Digital Wallet,Occasional,0.2892857142857143,Low
3824,50,Female,Shirt,Clothing,42,California,M,Gold,Summer,3.0,No,Standard,No,27,Bank Transfer,Weekly,Middle-aged,7,Established,False,False,Standard,Other,Very Frequent,0.3457142857142857,Low
3825,54,Female,Shorts,Clothing,26,Georgia,M,Olive,Summer,4.0,No,Free Shipping,No,31,Credit Card,Quarterly,Middle-aged,90,Established,False,False,Standard,Card,Occasional,0.39428571428571424,Mid
3826,49,Female,Shorts,Clothing,35,Hawaii,L,Green,Fall,4.1,No,Express,No,47,Debit Card,Fortnightly,Middle-aged,14,Heavy,False,False,Express,Card,Frequent,0.5635714285714286,High
3827,50,Female,Jacket,Outerwear,31,Montana,M,Gray,Summer,4.0,No,Express,No,25,Bank Transfer,Annually,Middle-aged,365,Emerging,False,False,Express,Other,Rare,0.37642857142857145,Mid
3828,62,Female,Jewelry,Accessories,73,Montana,M,Red,Summer,4.1,No,Standard,No,47,Cash,Fortnightly,Senior,14,Heavy,False,False,Standard,Cash,Frequent,0.7535714285714286,VIP
3829,42,Female,Blouse,Clothing,82,Mississippi,M,Charcoal,Spring,3.4,No,Free Shipping,No,8,Cash,Weekly,Adult,7,New/Low,False,False,Standard,Cash,Very Frequent,0.45000000000000007,Mid
3830,69,Female,Pants,Clothing,32,Washington,M,Indigo,Spring,2.9,No,Free Shipping,No,32,Debit Card,Fortnightly,Senior,14,Established,False,False,Standard,Card,Frequent,0.3214285714285714,Low
3831,22,Female,Hat,Accessories,27,Pennsylvania,M,Indigo,Summer,3.0,No,2-Day Shipping,No,33,Bank Transfer,Every 3 Months,Young Adult,90,Established,False,False,Standard,Other,Occasional,0.3135714285714285,Low
3832,36,Female,Backpack,Accessories,86,Nevada,L,Silver,Spring,4.0,No,Next Day Air,No,16,Debit Card,Every 3 Months,Adult,90,Emerging,False,False,Express,Card,Occasional,0.5871428571428572,High
3833,64,Female,Boots,Footwear,38,Kansas,XL,Purple,Winter,4.8,No,2-Day Shipping,No,27,Cash,Weekly,Senior,7,Established,False,False,Standard,Cash,Very Frequent,0.5057142857142858,High
3834,44,Female,Jacket,Outerwear,93,Arizona,L,Gray,Summer,4.6,No,Free Shipping,No,17,PayPal,Every 3 Months,Adult,90,Emerging,False,False,Standard,Digital Wallet,Occasional,0.6892857142857143,VIP
3835,43,Female,Hoodie,Clothing,59,Tennessee,M,Magenta,Winter,4.1,No,2-Day Shipping,No,17,Cash,Quarterly,Adult,90,Emerging,False,False,Standard,Cash,Occasional,0.46928571428571425,Mid
3836,58,Female,Sandals,Footwear,58,Pennsylvania,L,Silver,Winter,2.6,No,Express,No,28,PayPal,Bi-Weekly,Senior,14,Established,False,False,Express,Digital Wallet,Frequent,0.39285714285714285,Mid
3837,62,Female,Skirt,Clothing,84,Alaska,M,Violet,Spring,2.5,No,Free Shipping,No,38,PayPal,Fortnightly,Senior,14,Established,False,False,Standard,Digital Wallet,Frequent,0.5842857142857143,High
3838,45,Female,Hoodie,Clothing,100,New Mexico,M,Green,Spring,4.8,No,Free Shipping,No,33,Bank Transfer,Fortnightly,Middle-aged,14,Established,False,False,Standard,Other,Frequent,0.8585714285714285,VIP
3839,47,Female,Dress,Clothing,25,Rhode Island,L,Green,Summer,4.2,No,Express,No,24,Venmo,Every 3 Months,Middle-aged,90,Emerging,False,False,Express,Digital Wallet,Occasional,0.3592857142857143,Mid
3840,66,Female,Sandals,Footwear,29,Connecticut,M,Peach,Spring,3.9,No,Free Shipping,No,14,Venmo,Quarterly,Senior,90,Emerging,False,False,Standard,Digital Wallet,Occasional,0.27785714285714286,Low
3841,30,Female,Jeans,Clothing,42,Idaho,M,Turquoise,Spring,3.7,No,Express,No,5,Venmo,Fortnightly,Young Adult,14,New/Low,False,False,Express,Digital Wallet,Frequent,0.25857142857142856,Low
3842,68,Female,Jeans,Clothing,57,Mississippi,L,Pink,Fall,4.2,No,2-Day Shipping,No,8,Bank Transfer,Monthly,Senior,30,New/Low,False,False,Standard,Other,Frequent,0.405,Mid
3843,35,Female,Jacket,Outerwear,84,Colorado,L,Lavender,Winter,4.2,No,Next Day Air,No,42,Debit Card,Monthly,Adult,30,Heavy,False,False,Express,Card,Frequent,0.782857142857143,VIP
3844,64,Female,Hat,Accessories,71,Georgia,L,Silver,Winter,4.0,No,Free Shipping,No,48,Venmo,Every 3 Months,Senior,90,Heavy,False,False,Standard,Digital Wallet,Occasional,0.7407142857142858,VIP
3845,30,Female,Shorts,Clothing,87,Montana,S,Cyan,Fall,5.0,No,Next Day Air,No,40,Venmo,Quarterly,Young Adult,90,Established,False,False,Express,Digital Wallet,Occasional,0.8635714285714285,VIP
3846,58,Female,Sweater,Clothing,52,California,M,Green,Winter,4.9,No,Standard,No,46,Venmo,Annually,Senior,365,Heavy,False,False,Standard,Digital Wallet,Rare,0.7214285714285715,VIP
3847,57,Female,Blouse,Clothing,58,Pennsylvania,L,Orange,Summer,4.0,No,Express,No,40,PayPal,Every 3 Months,Middle-aged,90,Established,False,False,Express,Digital Wallet,Occasional,0.6185714285714285,VIP
3848,60,Female,Sweater,Clothing,34,Delaware,S,Blue,Fall,3.2,No,2-Day Shipping,No,31,PayPal,Fortnightly,Senior,14,Established,False,False,Standard,Digital Wallet,Frequent,0.35428571428571426,Low
3849,22,Female,Jewelry,Accessories,60,New Hampshire,M,Magenta,Winter,3.0,No,Next Day Air,No,39,Cash,Every 3 Months,Young Adult,90,Established,False,False,Express,Cash,Occasional,0.5214285714285715,High
3850,46,Female,Hoodie,Clothing,68,Florida,S,Cyan,Winter,2.6,No,Express,No,36,PayPal,Fortnightly,Middle-aged,14,Established,False,False,Express,Digital Wallet,Frequent,0.5,High
3851,27,Female,Jewelry,Accessories,74,Mississippi,L,Indigo,Summer,4.4,No,2-Day Shipping,No,25,Debit Card,Every 3 Months,Young Adult,90,Emerging,False,False,Standard,Card,Occasional,0.6314285714285715,VIP
3852,50,Female,Scarf,Accessories,83,Montana,M,Pink,Summer,3.9,No,Free Shipping,No,24,Debit Card,Annually,Middle-aged,365,Emerging,False,False,Standard,Card,Rare,0.6192857142857143,VIP
3853,65,Female,Hat,Accessories,79,Mississippi,M,Peach,Fall,4.0,No,2-Day Shipping,No,19,PayPal,Weekly,Senior,7,Emerging,False,False,Standard,Digital Wallet,Very Frequent,0.5735714285714286,High
3854,61,Female,Sunglasses,Accessories,76,Tennessee,M,Lavender,Fall,4.0,No,Store Pickup,No,49,Debit Card,Bi-Weekly,Senior,14,Heavy,False,False,Other,Card,Frequent,0.7728571428571428,VIP
3855,57,Female,T-shirt,Clothing,20,Florida,M,Black,Spring,4.2,No,Free Shipping,No,4,Venmo,Annually,Middle-aged,365,New/Low,False,False,Standard,Digital Wallet,Rare,0.19142857142857145,Low
3856,40,Female,Shirt,Clothing,61,Illinois,XL,Lavender,Summer,4.4,No,Next Day Air,No,36,Cash,Quarterly,Adult,90,Established,False,False,Express,Cash,Occasional,0.645,VIP
3857,39,Female,Sandals,Footwear,78,Virginia,S,Brown,Summer,2.5,No,Free Shipping,No,8,Debit Card,Quarterly,Adult,90,New/Low,False,False,Standard,Card,Occasional,0.33999999999999997,Low
3858,42,Female,Hat,Accessories,21,Texas,S,Yellow,Summer,3.1,No,Store Pickup,No,29,Credit Card,Every 3 Months,Adult,90,Established,False,False,Other,Card,Occasional,0.265,Low
3859,30,Female,T-shirt,Clothing,77,Missouri,M,Olive,Winter,3.5,No,Store Pickup,No,26,Credit Card,Quarterly,Young Adult,90,Established,False,False,Other,Card,Occasional,0.5635714285714286,High
3860,65,Female,Shorts,Clothing,88,Mississippi,S,Blue,Fall,3.0,No,2-Day Shipping,No,47,Bank Transfer,Bi-Weekly,Senior,14,Heavy,False,False,Standard,Other,Frequent,0.7185714285714286,VIP
3861,57,Female,Sunglasses,Accessories,64,Pennsylvania,M,Turquoise,Summer,4.4,No,Next Day Air,No,44,Cash,Annually,Middle-aged,365,Heavy,False,False,Express,Cash,Rare,0.7171428571428572,VIP
3862,64,Female,Jacket,Outerwear,57,Wyoming,M,Yellow,Spring,4.9,No,Standard,No,49,Credit Card,Monthly,Senior,30,Heavy,False,False,Standard,Card,Frequent,0.7678571428571428,VIP
3863,56,Female,Shirt,Clothing,49,Idaho,L,Turquoise,Winter,2.8,No,Next Day Air,No,9,Venmo,Monthly,Middle-aged,30,New/Low,False,False,Express,Digital Wallet,Frequent,0.2321428571428571,Low
3864,40,Female,Scarf,Accessories,35,New Hampshire,M,Orange,Summer,3.3,No,Free Shipping,No,28,Cash,Fortnightly,Adult,14,Established,False,False,Standard,Cash,Frequent,0.34785714285714286,Low
3865,55,Female,T-shirt,Clothing,99,Wyoming,S,Blue,Winter,4.9,No,Express,No,1,Debit Card,Fortnightly,Middle-aged,14,New/Low,False,False,Express,Card,Frequent,0.635,VIP
3866,25,Female,Shorts,Clothing,42,Nebraska,M,Olive,Spring,4.2,No,Store Pickup,No,28,Cash,Every 3 Months,Young Adult,90,Established,False,False,Other,Cash,Occasional,0.47285714285714286,High
3867,58,Female,Hat,Accessories,32,Alaska,M,Beige,Winter,3.3,No,2-Day Shipping,No,33,Credit Card,Fortnightly,Senior,14,Established,False,False,Standard,Card,Frequent,0.36857142857142855,Mid
3868,46,Female,Jacket,Outerwear,21,Maryland,L,Lavender,Summer,2.7,No,Standard,No,28,Credit Card,Monthly,Middle-aged,30,Established,False,False,Standard,Card,Frequent,0.21785714285714286,Low
3869,18,Female,Dress,Clothing,29,Maryland,XL,Magenta,Winter,3.3,No,2-Day Shipping,No,9,Cash,Annually,Young Adult,365,New/Low,False,False,Standard,Cash,Rare,0.18214285714285713,Low
3870,26,Female,Coat,Outerwear,64,Arizona,L,Cyan,Spring,3.8,No,Free Shipping,No,28,Bank Transfer,Annually,Young Adult,365,Established,False,False,Standard,Other,Rare,0.5428571428571428,High
3871,61,Female,Sandals,Footwear,46,Ohio,L,Lavender,Fall,3.2,No,Next Day Air,No,19,Cash,Every 3 Months,Senior,90,Emerging,False,False,Express,Cash,Occasional,0.32857142857142857,Low
3872,55,Female,T-shirt,Clothing,97,Minnesota,M,Black,Fall,4.1,No,2-Day Shipping,No,20,Bank Transfer,Every 3 Months,Middle-aged,90,Emerging,False,False,Standard,Other,Occasional,0.6807142857142856,VIP
3873,41,Female,Jacket,Outerwear,94,New Hampshire,M,Green,Spring,4.3,No,Standard,No,3,Cash,Monthly,Adult,30,New/Low,False,False,Standard,Cash,Frequent,0.5642857142857143,High
3874,42,Female,Sandals,Footwear,43,Louisiana,L,Silver,Summer,4.0,No,Standard,No,22,Credit Card,Weekly,Adult,7,Emerging,False,False,Standard,Card,Very Frequent,0.41500000000000004,Mid
3875,70,Female,Sweater,Clothing,54,Nevada,XL,Beige,Summer,3.9,No,2-Day Shipping,No,33,Credit Card,Bi-Weekly,Senior,14,Established,False,False,Standard,Card,Frequent,0.5385714285714286,High
3876,63,Female,Hat,Accessories,51,New Hampshire,M,Pink,Winter,3.3,No,2-Day Shipping,No,21,Credit Card,Annually,Senior,365,Emerging,False,False,Standard,Card,Rare,0.3778571428571429,Mid
3877,60,Female,Shoes,Footwear,85,Wisconsin,S,Cyan,Fall,2.6,No,2-Day Shipping,No,7,Cash,Annually,Senior,365,New/Low,False,False,Standard,Cash,Rare,0.3778571428571429,Mid
3878,28,Female,Hoodie,Clothing,96,Nevada,M,Olive,Spring,4.2,No,Next Day Air,No,46,Debit Card,Monthly,Young Adult,30,Heavy,False,False,Express,Card,Frequent,0.8714285714285714,VIP
3879,60,Female,Hat,Accessories,42,South Carolina,M,Pink,Summer,3.4,No,2-Day Shipping,No,24,Credit Card,Annually,Senior,365,Emerging,False,False,Standard,Card,Rare,0.3642857142857143,Mid
3880,26,Female,Skirt,Clothing,63,Florida,L,Maroon,Winter,4.1,No,Free Shipping,No,6,Debit Card,Quarterly,Young Adult,90,New/Low,False,False,Standard,Card,Occasional,0.4107142857142857,Mid
3881,42,Female,Shirt,Clothing,20,Massachusetts,M,Red,Winter,3.9,No,Free Shipping,No,40,PayPal,Monthly,Adult,30,Established,False,False,Standard,Digital Wallet,Frequent,0.4185714285714285,Mid
3882,56,Female,Scarf,Accessories,25,Georgia,L,Silver,Spring,2.8,No,2-Day Shipping,No,17,Debit Card,Weekly,Middle-aged,7,Emerging,False,False,Standard,Card,Very Frequent,0.16928571428571423,Low
3883,35,Female,Pants,Clothing,95,North Dakota,L,Blue,Fall,2.6,No,Free Shipping,No,24,Cash,Fortnightly,Adult,14,Emerging,False,False,Standard,Cash,Frequent,0.5492857142857143,High
3884,34,Female,Hat,Accessories,38,North Dakota,XL,Purple,Fall,4.0,No,Next Day Air,No,22,Cash,Fortnightly,Adult,14,Emerging,False,False,Express,Cash,Frequent,0.39,Mid
3885,47,Female,Sandals,Footwear,29,Maryland,M,Brown,Fall,4.9,No,Express,No,3,PayPal,Weekly,Middle-aged,7,New/Low,False,False,Express,Digital Wallet,Very Frequent,0.2992857142857143,Low
3886,49,Female,Socks,Clothing,64,New Mexico,L,Purple,Winter,3.2,No,Free Shipping,No,39,Cash,Quarterly,Middle-aged,90,Established,False,False,Standard,Cash,Occasional,0.5614285714285715,High
3887,37,Female,Jewelry,Accessories,92,Iowa,S,Brown,Summer,3.9,No,Express,No,40,Debit Card,Quarterly,Adult,90,Established,False,False,Express,Card,Occasional,0.7785714285714286,VIP
3888,40,Female,Shirt,Clothing,34,Kansas,M,Charcoal,Spring,2.7,No,Express,No,1,Credit Card,Quarterly,Adult,90,New/Low,False,False,Express,Card,Occasional,0.09000000000000001,Low
3889,45,Female,Sneakers,Footwear,69,Virginia,M,Violet,Spring,3.4,No,Standard,No,14,Venmo,Bi-Weekly,Middle-aged,14,Emerging,False,False,Standard,Digital Wallet,Frequent,0.4278571428571428,Mid
3890,57,Female,Dress,Clothing,65,Alaska,S,Yellow,Spring,3.5,No,Express,No,49,Bank Transfer,Annually,Middle-aged,365,Heavy,False,False,Express,Other,Rare,0.6678571428571428,VIP
3891,35,Female,Shirt,Clothing,81,Nebraska,XL,Green,Winter,2.6,No,Standard,No,33,Debit Card,Annually,Adult,365,Established,False,False,Standard,Card,Rare,0.5435714285714286,High
3892,36,Female,Dress,Clothing,30,Colorado,L,Peach,Winter,4.7,No,Free Shipping,No,6,Bank Transfer,Quarterly,Adult,90,New/Low,False,False,Standard,Other,Occasional,0.3057142857142857,Low
3893,35,Female,Jewelry,Accessories,86,Michigan,L,Indigo,Summer,3.5,No,Standard,No,5,PayPal,Fortnightly,Adult,14,New/Low,False,False,Standard,Digital Wallet,Frequent,0.45857142857142863,Mid
3894,21,Female,Hat,Accessories,64,Massachusetts,L,White,Fall,3.3,No,Store Pickup,No,29,Bank Transfer,Bi-Weekly,Young Adult,14,Established,False,False,Other,Other,Frequent,0.5,High
3895,66,Female,Skirt,Clothing,78,Connecticut,L,White,Spring,3.9,No,2-Day Shipping,No,44,Credit Card,Every 3 Months,Senior,90,Heavy,False,False,Standard,Card,Occasional,0.7371428571428571,VIP
3896,40,Female,Hoodie,Clothing,28,Virginia,L,Turquoise,Summer,4.2,No,2-Day Shipping,No,32,Venmo,Weekly,Adult,7,Established,False,False,Standard,Digital Wallet,Very Frequent,0.4314285714285715,Mid
3897,52,Female,Backpack,Accessories,49,Iowa,L,White,Spring,4.5,No,Store Pickup,No,41,Bank Transfer,Bi-Weekly,Middle-aged,14,Heavy,False,False,Other,Other,Frequent,0.6307142857142858,VIP
3898,46,Female,Belt,Accessories,33,New Jersey,L,Green,Spring,2.9,No,Standard,No,24,Venmo,Quarterly,Middle-aged,90,Emerging,False,False,Standard,Digital Wallet,Occasional,0.2692857142857143,Low
3899,44,Female,Shoes,Footwear,77,Minnesota,S,Brown,Summer,3.8,No,Express,No,24,Venmo,Weekly,Adult,7,Emerging,False,False,Express,Digital Wallet,Very Frequent,0.5792857142857143,High
3900,52,Female,Handbag,Accessories,81,California,M,Beige,Spring,3.1,No,Store Pickup,No,33,Venmo,Quarterly,Middle-aged,90,Established,False,False,Other,Digital Wallet,Occasional,0.5935714285714286,VIP
